{"type": "FeatureCollection", "features": [{"type": "Feature", "properties": {"name": "Andaman and Nicobar Islands", "st_code": "andaman-and-nicobar-islands"}, "geometry": {"type": "MultiPolygon", "coordinates": [[[[92.59703070666097, 10.68128579861968], [92.53929884180188, 10.610881296152067], [92.5684432237404, 10.578345882132943], [92.53113098953887, 10.520475514574336], [92.43330239538857, 10.550877458821715], [92.38856484094791, 10.533009649483343], [92.4204937179761, 10.615681603138494], [92.38336711678053, 10.671151817203887], [92.37835502561913, 10.782625612777608], [92.49270495730146, 10.890099152529302], [92.55897594043553, 10.862897412939544], [92.59703070666097, 10.68128579861968]]], [[[92.22205203458583, 10.984505189929056], [92.21332728330488, 10.975704627120605], [92.21091405422716, 10.981304985271438], [92.22205203458583, 10.984505189929056]]], [[[92.56231733454312, 11.395731488433066], [92.55507764731, 11.391731232611043], [92.55693397736978, 11.397064907040408], [92.56231733454312, 11.395731488433066]]], [[[92.54690979504697, 11.393864702382789], [92.54468219897524, 11.395998172154535], [92.54969429013664, 11.397331590761876], [92.54690979504697, 11.393864702382789]]], [[[92.60909685204953, 11.504538446792104], [92.60835432002563, 11.507471967728254], [92.6142945762169, 11.510672172385874], [92.60909685204953, 11.504538446792104]]], [[[92.55786214239966, 11.54107411663325], [92.56528746263878, 11.517605949144048], [92.55155062019642, 11.531473502660395], [92.55786214239966, 11.54107411663325]]], [[[92.60259969684031, 11.53360697243214], [92.60464165990606, 11.52187288868754], [92.60130026579847, 11.537873911975634], [92.60259969684031, 11.53360697243214]]], [[[92.58310823121265, 11.54880794455583], [92.59276114752349, 11.55040804688464], [92.59443184457729, 11.533340288710672], [92.58310823121265, 11.54880794455583]]], [[[92.613552044193, 11.553341567820791], [92.61707907130658, 11.560008660857495], [92.60909685204953, 11.531473502660395], [92.6035278618702, 11.55014136316317], [92.613552044193, 11.553341567820791]]], [[[92.26808902006832, 11.585876981839913], [92.26790338706235, 11.523206307294881], [92.2114709532451, 11.530140084053054], [92.20386, 11.587210400447255], [92.26808902006832, 11.585876981839913]]], [[[92.57494037894962, 11.567209121337138], [92.571784617848, 11.562675498072178], [92.57568291097353, 11.570942693437694], [92.57494037894962, 11.567209121337138]]], [[[92.56491619662683, 11.568009172501544], [92.56398803159694, 11.569342591108883], [92.56640126067464, 11.570676009716225], [92.56491619662683, 11.568009172501544]]], [[[92.61373767719898, 11.563208865515115], [92.59962956874466, 11.567742488780073], [92.60074336678053, 11.585876981839913], [92.61336641118703, 11.5834768283467], [92.61373767719898, 11.563208865515115]]], [[[92.53113098953887, 11.595744279534237], [92.56807195772843, 11.589877237661938], [92.52890339346713, 11.555208353871068], [92.53113098953887, 11.595744279534237]]], [[[92.57772487403929, 11.585076930675509], [92.57735360802734, 11.582676777182296], [92.5760541769855, 11.584276879511105], [92.57772487403929, 11.585076930675509]]], [[[92.59331804654143, 11.589343870219], [92.59201861549958, 11.589877237661938], [92.59220424850555, 11.590677288826342], [92.59331804654143, 11.589343870219]]], [[[92.59814450469685, 11.913897959245837], [92.5951743766012, 11.906430815044725], [92.59925830273271, 11.918431582510795], [92.59814450469685, 11.913897959245837]]], [[[92.60297096285227, 11.936299391849168], [92.59758760567891, 11.92829888020512], [92.59536000960718, 11.976301950069402], [92.60779742100769, 11.94349985232881], [92.60297096285227, 11.936299391849168]]], [[[92.58236569918873, 11.982435675663172], [92.58292259820666, 11.97816873611968], [92.58088063514091, 11.977368684955275], [92.58236569918873, 11.982435675663172]]], [[[92.61336641118703, 10.927701557256324], [92.60464165990606, 10.937568854950648], [92.61819286934245, 10.931968496799815], [92.61336641118703, 10.927701557256324]]], [[[92.66107409372331, 10.982105036435843], [92.65847523163963, 10.989838864358422], [92.66590055187874, 10.991972334130168], [92.66107409372331, 10.982105036435843]]], [[[92.7240036827498, 11.143982055367058], [92.72288988471392, 11.141048534430908], [92.72159045367208, 11.14344868792412], [92.7240036827498, 11.143982055367058]]], [[[92.73291406703673, 11.145582157695866], [92.72548874679761, 11.1453154739744], [92.730686470965, 11.149315729796422], [92.73291406703673, 11.145582157695866]]], [[[92.6762960002135, 11.183184562422888], [92.67536783518361, 11.177584204272055], [92.67406840414176, 11.190118339181062], [92.6762960002135, 11.183184562422888]]], [[[92.70451221712212, 11.289858051010178], [92.7046978501281, 11.263989730027761], [92.6913322736977, 11.243455083474707], [92.6920748057216, 11.28079080448026], [92.70451221712212, 11.289858051010178]]], [[[92.70748234521777, 11.299725348704504], [92.69541619982921, 11.309859330120297], [92.72103355465414, 11.33359418133097], [92.72288988471392, 11.318659892928748], [92.70748234521777, 11.299725348704504]]], [[[92.68724834756618, 11.39093118144664], [92.663672955807, 11.353862144162555], [92.58032373612298, 11.368796432564775], [92.58626399231427, 11.400798479140963], [92.62227679547397, 11.405332102405922], [92.63155844577285, 11.514672428207897], [92.68446385247653, 11.436267414096237], [92.64566655422716, 11.406665521013263], [92.68724834756618, 11.39093118144664]]], [[[92.64343895815543, 11.513339009600555], [92.64306769214348, 11.514405744486428], [92.64436712318532, 11.515205795650832], [92.64343895815543, 11.513339009600555]]], [[[92.62766015264731, 11.548274577112894], [92.62710325362939, 11.543207586404996], [92.6261750885995, 11.545074372455275], [92.62766015264731, 11.548274577112894]]], [[[92.69727252988899, 11.664281995951573], [92.6996857589667, 11.659481688965144], [92.6920748057216, 11.660815107572486], [92.69727252988899, 11.664281995951573]]], [[[92.72456058176772, 11.686150061111968], [92.72233298569599, 11.688016847162245], [92.72604564581555, 11.687216795997841], [92.72456058176772, 11.686150061111968]]], [[[92.77746598847139, 12.024305019933683], [92.72678817783945, 12.044839666486737], [92.76836997117849, 11.997369964065392], [92.73439913108454, 11.977102001233806], [92.73829742421007, 11.997369964065392], [92.72121918766013, 12.005903843152375], [92.69226043872759, 11.901097140615361], [92.7197341236123, 11.877895656847624], [92.71119500533732, 11.820825340453425], [92.74535147843724, 11.932299136027144], [92.78303497865073, 11.936299391849168], [92.7540762297182, 11.701351033235657], [92.70581164816397, 11.70108434951419], [92.70599728116994, 11.669882354102405], [92.66107409372331, 11.653881330814311], [92.67295460610589, 11.606678312114436], [92.70191335503843, 11.616812293530229], [92.69374550277541, 11.65281459592844], [92.72901577391119, 11.657081535471931], [92.71824905956449, 11.682149805289946], [92.75537566076004, 11.664548679673041], [92.71008120730146, 11.478136758366748], [92.69931449295474, 11.50987212122147], [92.64603782023912, 11.52187288868754], [92.63304350982067, 11.590143921383405], [92.61652217228864, 11.562675498072178], [92.60798305401367, 11.620812549352252], [92.63861250000001, 11.612278670265269], [92.64752288428694, 11.645614135448797], [92.60742615499574, 11.634413419147132], [92.59238988151154, 11.735486549583591], [92.56046100448336, 11.694683940198953], [92.55210751921435, 11.849360498650524], [92.52333440328779, 11.826959066047193], [92.51442401900086, 11.84856044748612], [92.56157480251922, 11.946966740707897], [92.61392331020495, 11.830959321869216], [92.621905529462, 12.10164329915947], [92.66014592869342, 12.215250564504935], [92.65513383753203, 12.180314996992598], [92.67369713812981, 12.217917401719617], [92.68093682536295, 12.192049080737199], [92.69597309884715, 12.238985415715607], [92.70339841908626, 12.13791228527915], [92.71917722459436, 12.179781629549662], [92.75537566076004, 12.17711479233498], [92.73402786507259, 12.08350880609963], [92.77746598847139, 12.024305019933683]]], [[[92.71880595858241, 11.934699289520358], [92.72363241673783, 11.909897703423812], [92.71769216054655, 11.902697242944171], [92.71880595858241, 11.934699289520358]]], [[[92.72790197587533, 11.94670005698643], [92.72437494876175, 11.941899750000001], [92.73198590200684, 11.960034243059841], [92.72790197587533, 11.94670005698643]]], [[[92.72196171968403, 11.951500363972857], [92.72233298569599, 11.954433884909008], [92.72437494876175, 11.954167201187538], [92.72196171968403, 11.951500363972857]]], [[[92.72159045367208, 11.982969043106108], [92.72456058176772, 11.990436187307218], [92.7264169118275, 11.988036033814005], [92.72159045367208, 11.982969043106108]]], [[[92.72530311379164, 11.995503178015115], [92.7247462147737, 11.995769861736584], [92.72548874679761, 11.996303229179519], [92.72530311379164, 11.995503178015115]]], [[[92.68149372438087, 12.214717197061999], [92.67870922929121, 12.219250820326959], [92.68149372438087, 12.224051127313388], [92.68149372438087, 12.214717197061999]]], [[[92.76521421007686, 11.677082814582048], [92.76094465093936, 11.66934898665947], [92.75964521989752, 11.677082814582048], [92.76521421007686, 11.677082814582048]]], [[[93.0800477882152, 11.778955996182912], [93.07819145815543, 11.786423140384024], [93.08487424637063, 11.78855661015577], [93.0800477882152, 11.778955996182912]]], [[[93.01117794299743, 11.84989386609346], [93.03586713279249, 11.836292996298582], [93.07020923889839, 11.835759628855644], [93.0475620121691, 11.813091512530846], [93.01117794299743, 11.84989386609346]]], [[[92.7615015499573, 11.96616796865361], [92.75927395388557, 11.94936689420111], [92.73514166310846, 11.952300415137262], [92.7615015499573, 11.96616796865361]]], [[[92.74386641438942, 11.966968019818014], [92.74089628629378, 11.965367917489203], [92.74182445132367, 11.96776807098242], [92.74386641438942, 11.966968019818014]]], [[[93.04366371904355, 11.884562749884331], [92.92504422822374, 11.995503178015115], [92.96365589346712, 12.050973392080506], [93.00765091588386, 12.019771396668723], [93.04366371904355, 11.884562749884331]]], [[[92.77523839239966, 12.016304508289636], [92.77059756725022, 12.013637671074953], [92.77004066823228, 12.01710455945404], [92.77523839239966, 12.016304508289636]]], [[[92.95029031703672, 12.084842224706971], [92.94676328992314, 12.11684427128316], [92.95567367421008, 12.101909982880938], [92.95029031703672, 12.084842224706971]]], [[[92.9764645708796, 12.108843759639111], [92.95196101409053, 12.147246215530537], [92.99669856853117, 12.157646880667798], [92.99521350448335, 12.041906145550588], [92.95400297715628, 12.080041917720543], [92.9764645708796, 12.108843759639111]]], [[[93.0499752412468, 12.079775233999076], [93.04384935204953, 12.04590640137261], [93.00598021883006, 12.079508550277607], [93.02602858347566, 12.166714127197718], [93.02250155636209, 12.09870977822332], [93.0499752412468, 12.079775233999076]]], [[[93.0559154974381, 12.120044475940777], [93.05313100234842, 12.109377127082048], [93.04867581020495, 12.11684427128316], [93.0559154974381, 12.120044475940777]]], [[[93.09749729077711, 12.134445396900063], [93.09694039175918, 12.137112234114745], [93.09823982280103, 12.136845550393275], [93.09749729077711, 12.134445396900063]]], [[[93.11958761848848, 12.148846317859347], [93.11531805935098, 12.130445141078038], [93.10900653714774, 12.141645857379704], [93.11958761848848, 12.148846317859347]]], [[[93.0776345591375, 12.149113001580815], [93.09397026366354, 12.143245959708514], [93.07410753202392, 12.083775489821099], [93.06649657877882, 12.13177855968538], [93.0356814997865, 12.132578610849784], [93.0716943029462, 12.210450257518508], [93.0776345591375, 12.149113001580815]]], [[[93.01897452924851, 12.22351775987045], [93.01841763023057, 12.224317811034854], [93.0199026942784, 12.224317811034854], [93.01897452924851, 12.22351775987045]]], [[[93.08561677839454, 12.228851434299816], [93.08171848526901, 12.225384545920729], [93.08376044833476, 12.228851434299816], [93.08561677839454, 12.228851434299816]]], [[[93.10232374893253, 12.245919192473782], [93.0800477882152, 12.225651229642196], [93.06204138663536, 12.229918169185687], [93.10102431789069, 12.261120164597472], [93.10399444598634, 12.250452815738742], [93.09898235482494, 12.204849899367675], [93.10232374893253, 12.245919192473782]]], [[[93.02528605145176, 12.274454350670883], [93.02101649231426, 12.275787769278224], [93.02807054654141, 12.279788025100247], [93.02528605145176, 12.274454350670883]]], [[[93.07187993595218, 12.327791094964528], [93.073365, 12.325390941471316], [93.06389771669514, 12.325657625192783], [93.07187993595218, 12.327791094964528]]]]}}, {"type": "Feature", "properties": {"name": "Andhra Pradesh", "st_code": "andhra-pradesh"}, "geometry": {"type": "MultiPolygon", "coordinates": [[[[78.3148423, 12.8732815], [78.3563846, 12.9381914], [78.3894405, 12.9054169], [78.4455882, 12.9107498], [78.4655794, 12.8635857], [78.4674113, 12.9031697], [78.4121291, 12.9430177], [78.4363575, 12.9802583], [78.4688237, 12.9726608], [78.4635439, 13.040828], [78.5163608, 13.0621377], [78.5382583, 13.1055906], [78.5177435, 13.129279], [78.5788117, 13.1660101], [78.5509751, 13.1965343], [78.5876069, 13.2788841], [78.5667975, 13.3106074], [78.5313445, 13.2669703], [78.4806357, 13.320975], [78.3773684, 13.3316159], [78.4089694, 13.3404674], [78.3654951, 13.3590934], [78.4018638, 13.5873045], [78.2371182, 13.5988452], [78.1937446, 13.5644274], [78.2038226, 13.6282735], [78.1683966, 13.6547], [78.0872938, 13.6434484], [78.0671811, 13.6755557], [78.1155655, 13.6917972], [78.0939513, 13.741331], [78.1291574, 13.7857859], [78.1243994, 13.8447922], [78.05103, 13.8951855], [78.0459418, 13.8605519], [78.0030441, 13.8720229], [77.9543186, 13.8262018], [77.9889302, 13.9537845], [77.9276919, 13.9043027], [77.8974677, 13.9398739], [77.8285381, 13.943256], [77.8384978, 13.8686251], [77.7208644, 13.7988566], [77.7175329, 13.7429549], [77.673038, 13.7609351], [77.6792858, 13.785759], [77.6208654, 13.7681422], [77.6267271, 13.7344767], [77.5995831, 13.7507407], [77.5614295, 13.7224251], [77.5309265, 13.7553831], [77.5249446, 13.6912563], [77.4841535, 13.7149993], [77.4910973, 13.6897084], [77.4554325, 13.6826979], [77.4652379, 13.8037171], [77.4166226, 13.8059472], [77.432233, 13.841627], [77.3258374, 13.8334578], [77.3115802, 13.8661912], [77.2582886, 13.846087], [77.2450579, 13.90331], [77.2001614, 13.8631596], [77.1846967, 13.9241368], [77.1681698, 13.8652612], [77.1282997, 13.8565557], [77.1688864, 13.8292416], [77.1729655, 13.7627487], [77.0903337, 13.7671305], [77.0762422, 13.7426818], [77.0244491, 13.7792364], [77.0000274, 13.7448181], [76.978127, 13.827286], [77.0408302, 13.9346635], [76.933236, 14.0300937], [76.9787783, 14.0700174], [76.9251365, 14.137228], [76.8882811, 14.1364615], [76.8963644, 14.1685119], [76.9473458, 14.1986171], [77.0232914, 14.1759791], [77.030216, 14.0570731], [77.1310111, 14.0445229], [77.1404274, 14.0036608], [77.3212337, 14.0301011], [77.3704833, 13.9527715], [77.3474589, 13.9160458], [77.3993109, 13.8884859], [77.4342542, 13.9130265], [77.4126968, 13.9455564], [77.437488, 13.9738796], [77.3824128, 13.9747679], [77.3898258, 14.0163514], [77.3326181, 14.0303913], [77.4014447, 14.1202155], [77.3497562, 14.1033626], [77.351439, 14.1311866], [77.3939787, 14.1744319], [77.5032582, 14.157165], [77.5161672, 14.1857653], [77.4969165, 14.2797986], [77.4500958, 14.2813998], [77.4070303, 14.3384111], [77.3761541, 14.3212259], [77.4165988, 14.225257], [77.3914532, 14.1994683], [77.3619873, 14.2772796], [77.282407, 14.2840051], [77.2869612, 14.3395014], [77.2457493, 14.3184151], [77.1396987, 14.3408617], [77.1017028, 14.2174999], [77.0527111, 14.2474335], [76.9417449, 14.2443136], [76.9247245, 14.2742819], [76.9555946, 14.2928857], [76.9029419, 14.3237021], [76.8848132, 14.384802], [76.9152447, 14.4202817], [76.9420513, 14.4002417], [76.9756663, 14.4851385], [76.8659305, 14.4744918], [76.7641633, 14.6029955], [76.802606, 14.7422934], [76.7837135, 14.7845458], [76.8535024, 14.8090284], [76.8703109, 14.9357771], [76.8666386, 14.9708018], [76.7660299, 14.9750144], [76.7775249, 15.0782565], [76.8358039, 15.0793339], [76.8776396, 15.031325], [77.049029, 15.0327243], [77.0441751, 15.0097493], [77.0825581, 15.0065114], [77.1687319, 15.174624], [77.1250227, 15.2272518], [77.1682859, 15.2651617], [77.1138725, 15.3333996], [77.0623546, 15.3279895], [77.0270033, 15.4407537], [76.974677, 15.4944998], [77.0269714, 15.503696], [77.0350922, 15.6381524], [77.0872755, 15.6573305], [77.1220644, 15.6292324], [77.1305386, 15.6635746], [77.0489186, 15.7389489], [77.0654573, 15.8277033], [77.0282484, 15.8359646], [77.066946, 15.9034731], [77.2478979, 15.9637788], [77.8039657, 15.8754774], [77.8895497, 15.9067314], [78.008721, 15.8631218], [78.0339315, 15.9069836], [78.0841836, 15.8409755], [78.1335587, 15.8368799], [78.1764582, 15.8582973], [78.1851039, 15.9115199], [78.2515252, 15.9359778], [78.2603041, 16.0253145], [78.3134816, 16.0130453], [78.4061373, 16.0757791], [78.5506987, 16.0427199], [78.6277932, 16.0878311], [78.7364389, 16.0098168], [78.7839968, 16.0215011], [78.8401494, 16.0789729], [78.8344268, 16.1457687], [78.8727465, 16.1441848], [78.8955737, 16.0859626], [78.9221104, 16.1046895], [78.9060445, 16.184173], [79.011104, 16.2416867], [79.1595005, 16.2100902], [79.2193519, 16.2316721], [79.2147126, 16.4877968], [79.2587169, 16.5672367], [79.4175015, 16.5800395], [79.4477774, 16.6201408], [79.6350963, 16.6610339], [79.7760986, 16.7315085], [79.8165966, 16.6922672], [79.8783213, 16.6969711], [79.908454, 16.6347634], [79.9628317, 16.6431291], [80.0694334, 16.796507], [80.0129691, 16.8659652], [80.016597, 16.9146689], [80.0577871, 16.9712559], [80.140755, 16.990436], [80.1961065, 17.0448109], [80.2072307, 17.0120401], [80.294113, 16.9968178], [80.3238947, 16.8856507], [80.3827459, 16.8163366], [80.4086615, 16.8484224], [80.380939, 16.8513656], [80.382629, 16.8651777], [80.4650393, 16.820245], [80.4654968, 16.7948934], [80.5722177, 16.7675671], [80.6132149, 16.7957997], [80.5647294, 16.836717], [80.5685799, 16.8779279], [80.5956186, 16.8820123], [80.5811623, 16.9367615], [80.5334217, 16.9620173], [80.4948643, 16.9270758], [80.3629871, 16.975659], [80.4074642, 17.0159421], [80.3870347, 17.0708302], [80.4105645, 17.0925611], [80.4646958, 17.030384], [80.5141768, 17.1209822], [80.5797628, 17.1531847], [80.6698635, 17.1016676], [80.6548884, 17.0685767], [80.7392205, 17.0788166], [80.8454011, 17.0397584], [80.877077, 17.0702473], [80.8800702, 17.1645336], [80.9244516, 17.1576872], [80.9189191, 17.2200354], [81.0304051, 17.1903906], [81.0550386, 17.2248267], [81.1706681, 17.2313577], [81.189512, 17.3235806], [81.2751388, 17.3177015], [81.3219165, 17.3738627], [81.3130331, 17.4078542], [81.1490535, 17.4632099], [81.1293983, 17.5252195], [81.0978984, 17.5032832], [81.0168743, 17.5196538], [80.9674358, 17.5988257], [80.8556199, 17.6030288], [80.91092, 17.6545188], [80.8854945, 17.6837168], [80.9000077, 17.7520534], [80.9737165, 17.7793557], [81.0729622, 17.6968113], [81.0889132, 17.8108089], [81.159383, 17.852734], [81.3944756, 17.7948976], [81.4726352, 17.8362146], [81.4925479, 17.8103121], [81.6182899, 17.823223], [81.6664409, 17.8849043], [81.7021464, 17.9004234], [81.7245483, 17.8764908], [81.8111514, 17.9521166], [81.9629645, 17.9990704], [82.0325517, 18.0687587], [82.1690225, 18.050949], [82.1799445, 18.0191197], [82.2674274, 17.9958766], [82.2728777, 18.0561105], [82.3414242, 18.0547131], [82.3394608, 18.148421], [82.3723554, 18.1470752], [82.3114586, 18.2043424], [82.3443961, 18.2802346], [82.3926973, 18.2978783], [82.3893392, 18.3284041], [82.3393535, 18.3259496], [82.3855519, 18.3674168], [82.3657036, 18.422209], [82.4821114, 18.5484435], [82.5323438, 18.5112523], [82.519083, 18.4662581], [82.5617837, 18.4476547], [82.5411415, 18.4008317], [82.6209211, 18.3599021], [82.5820827, 18.3150517], [82.6373791, 18.2366679], [82.6423359, 18.3017287], [82.7750945, 18.3401363], [82.8037834, 18.4494866], [82.8971672, 18.4225754], [82.9132175, 18.3686183], [83.0544734, 18.3798387], [83.0670261, 18.4299449], [83.0211282, 18.4558575], [83.0951786, 18.5461447], [83.043015, 18.5473856], [83.0536365, 18.5983987], [83.0012369, 18.6067571], [83.010292, 18.6464892], [83.0565548, 18.6660468], [83.1367206, 18.7860673], [83.2106423, 18.7324689], [83.222444, 18.7762957], [83.2740658, 18.7652334], [83.2874453, 18.7977668], [83.4041986, 18.8389111], [83.4137191, 18.8734746], [83.3555406, 18.9289601], [83.3689181, 18.9613192], [83.3368729, 18.9248766], [83.3131134, 18.9974544], [83.4008056, 19.0094092], [83.461386, 18.9547458], [83.4686279, 19.0936317], [83.5111999, 19.070798], [83.5012435, 19.019928], [83.5357904, 19.011651], [83.5478067, 19.0795993], [83.5842418, 19.0594814], [83.6259126, 19.1627219], [83.7011861, 19.0250806], [83.7300682, 19.021703], [83.7113142, 19.0010202], [83.7544441, 18.9249818], [83.7877529, 18.9161785], [83.7472464, 18.98672], [83.7954271, 19.0181095], [83.8778848, 18.8271588], [84.0346852, 18.811119], [84.0894024, 18.7537327], [84.2242163, 18.7964197], [84.3199569, 18.7884216], [84.3628625, 18.8392671], [84.3434268, 18.8757787], [84.3724573, 18.8610316], [84.3588535, 18.892249], [84.3906145, 18.8783793], [84.3727134, 18.9052923], [84.4367122, 18.9227693], [84.452312, 18.977078], [84.4333005, 18.9949538], [84.421134, 19.0221594], [84.4761944, 18.9896379], [84.5165563, 19.0478698], [84.5820236, 19.0738805], [84.6003914, 19.0246343], [84.6204757, 19.0658496], [84.6688413, 19.0756854], [84.5958423, 19.1318092], [84.7125935, 19.1578978], [84.702208, 19.119037], [84.7539085, 19.0613138], [84.1245836, 18.3117745], [83.570399, 18.0113808], [83.4148577, 17.8522229], [83.3455387, 17.7258604], [83.3062202, 17.68819], [83.263844, 17.7120814], [83.295262, 17.6764156], [83.2130925, 17.5910724], [82.5824636, 17.2743758], [82.317751, 17.057877], [82.2702911, 16.9423418], [82.2450285, 16.9402372], [82.2708178, 16.8771409], [82.3555568, 16.8515981], [82.3399678, 16.7513623], [82.3669817, 16.7293269], [82.3017329, 16.5728582], [81.7226605, 16.3103497], [81.4768383, 16.3526017], [81.3021849, 16.3025483], [81.2086629, 16.1870632], [81.1397892, 15.9755043], [81.0030931, 15.8337771], [81.0172498, 15.7685279], [80.9396374, 15.7212542], [80.8245921, 15.7145722], [80.7958174, 15.7443606], [80.7724446, 15.8008274], [80.8160305, 15.7418255], [80.8092713, 15.8375497], [80.6959104, 15.8807666], [80.4632288, 15.8204203], [80.2856398, 15.6895464], [80.2005628, 15.4645922], [80.1099844, 15.3442436], [80.0480068, 15.0820842], [80.0987649, 14.7773412], [80.1941335, 14.5883078], [80.1270515, 14.1582356], [80.2525949, 13.7799955], [80.2342433, 13.6563969], [80.2685285, 13.562524], [80.2425576, 13.4707473], [80.1397061, 13.5040571], [80.0788092, 13.4886274], [80.0814324, 13.5484748], [79.9994434, 13.542145], [80.0457242, 13.4925318], [79.9720301, 13.4684917], [79.9725294, 13.4294029], [79.9354076, 13.4163165], [79.9629217, 13.3949791], [79.9418985, 13.3597569], [79.7338546, 13.2849161], [79.7976279, 13.2363633], [79.7611713, 13.2057715], [79.7362375, 13.2342641], [79.7050809, 13.2202271], [79.6823025, 13.2946474], [79.5773196, 13.2577375], [79.5353985, 13.275124], [79.5298523, 13.3416442], [79.4390233, 13.3477416], [79.3838848, 13.308106], [79.448027, 13.2983626], [79.4119763, 13.2634864], [79.455554, 13.2348105], [79.4398516, 13.1858995], [79.376862, 13.1880735], [79.3656614, 13.1275441], [79.3067954, 13.1045173], [79.2354591, 13.1684942], [79.2120608, 13.1464993], [79.2346838, 13.1035334], [79.1826367, 13.0829056], [79.1930673, 13.0434644], [79.1649763, 13.0190832], [79.0811874, 13.0257416], [78.9914551, 13.0878333], [78.926159, 13.0789567], [78.9057728, 13.0435916], [78.9388813, 13.0310739], [78.8937324, 13.0309542], [78.8876992, 13.0972487], [78.716059, 13.0679396], [78.7052514, 13.0151811], [78.6587576, 13.0294563], [78.622183, 12.9885281], [78.6582757, 12.9298071], [78.6345214, 12.9303446], [78.5936406, 12.7815756], [78.5572266, 12.754668], [78.556952, 12.6978499], [78.4902828, 12.7396959], [78.5207688, 12.7130473], [78.4693332, 12.6729165], [78.4665424, 12.6227232], [78.3721197, 12.6256083], [78.2678502, 12.7056652], [78.2001096, 12.6925545], [78.2409303, 12.7298647], [78.2519751, 12.8574132], [78.3148423, 12.8732815]], [[82.2355719, 16.712544], [82.2872437, 16.7046618], [82.3137136, 16.7280681], [82.3057523, 16.7483444], [82.2376469, 16.7221697], [82.2283218, 16.7617041], [82.1862724, 16.7365638], [82.2355719, 16.712544]]], [[[82.3550928, 16.8599946], [82.3606248, 16.9362969], [82.3331845, 16.993522], [82.3604372, 16.9576143], [82.3633593, 16.908847], [82.3597115, 16.8808009], [82.3542103, 16.8538262], [82.3550928, 16.8599946]]], [[[83.1635287, 17.5599754], [83.1636267, 17.5599078], [83.1635642, 17.5597984], [83.1634556, 17.5598763], [83.1635287, 17.5599754]]], [[[83.2401064, 17.6200525], [83.2404149, 17.6202212], [83.2406884, 17.6202136], [83.2402727, 17.6195796], [83.2401064, 17.6200525]]]]}}, {"type": "Feature", "properties": {"name": "Arunachal Pradesh", "st_code": "arunachal-pradesh"}, "geometry": {"type": "Polygon", "coordinates": [[[93.08819502680815, 26.914318420933395], [93.02159028344037, 26.913469872073705], [92.8867429751466, 27.00002185576197], [92.67218835101927, 27.0318424380003], [92.59794044037977, 26.966079901374414], [92.10823179447081, 26.89310469944117], [92.10386427031555, 27.007234521069325], [92.03452982435074, 27.06408729466848], [92.02415695448198, 27.161670413532697], [92.07056189863167, 27.223190205860142], [92.04053517006423, 27.26604192327443], [92.12133436693661, 27.286831370336806], [92.0596430882435, 27.326713166742184], [92.01378408461323, 27.490058822232292], [91.94062805501257, 27.46035961214318], [91.72170590672997, 27.4701179240296], [91.69167917816252, 27.50236278069778], [91.65510116336219, 27.482846156924936], [91.56392909662105, 27.584247745657756], [91.5601075129852, 27.63346357951971], [91.64199859089639, 27.764988652771486], [91.546459, 27.855783380758194], [91.66438215219212, 27.85832902733726], [91.71187897738062, 27.81335593777375], [91.8265264864563, 27.810386016764838], [91.86255856073723, 27.73698654040175], [91.92042825579446, 27.714924270049842], [91.98594111812342, 27.769655671499773], [92.05745932616587, 27.75904881075366], [92.20213356380899, 27.856631929617883], [92.2567276157498, 27.861723222776014], [92.30913790561296, 27.778989708956352], [92.4084990801452, 27.82184142637064], [92.44507709494555, 27.800203430448573], [92.5029467900028, 27.840933775713637], [92.56190836609885, 27.820568603081107], [92.74097685646467, 27.989005551729345], [92.66290736218933, 28.067496321250566], [92.68911250712091, 28.125621918139252], [92.80157625411896, 28.20199131551125], [92.82996516112817, 28.171019282132608], [92.96645029098018, 28.261389735689473], [93.00193642474169, 28.23041770231083], [93.03578473694499, 28.262662558979006], [93.02541186707623, 28.302968629814227], [93.22413421614074, 28.34242615178976], [93.23341520497068, 28.400127474248603], [93.18318867718514, 28.43237233091678], [93.27818232756213, 28.504498983990334], [93.33932766573582, 28.63984252711071], [93.44796982909801, 28.675905853647485], [93.46871556883552, 28.651722211146353], [93.49328289220888, 28.683542793384685], [93.5358662527227, 28.658510602023863], [93.73349672074839, 28.68863408654282], [93.77717196230103, 28.667844639480442], [93.84596046774644, 28.706877887026128], [93.92130025942474, 28.66954173719982], [94.00319133733593, 28.77476179580124], [93.99718599162244, 28.84094860685697], [94.157146563809, 28.954229879625434], [94.21720002094386, 29.083633580727987], [94.29035605054453, 29.14812329406434], [94.35914455598994, 29.152366038362786], [94.43393840714884, 29.22661406358556], [94.56059660765149, 29.228735435734784], [94.63102293465512, 29.348380824950915], [94.79316726891929, 29.22576551472587], [94.79971855515218, 29.163821447968587], [94.87396646579168, 29.183762346171275], [95.02464604914827, 29.129455219151186], [94.99953278525551, 29.172306936565473], [95.12346128316112, 29.115029888536476], [95.25230324574142, 29.10866577208881], [95.2512113647026, 29.067086877964055], [95.26977334236247, 29.049691626340433], [95.45539311896118, 29.035266295725723], [95.4974305389556, 29.138789256607765], [95.54765706674112, 29.12690957257212], [95.5389220184306, 29.212613007400694], [95.5869647841385, 29.216431477269296], [95.6000673566043, 29.260556017973116], [95.63937507400168, 29.248252059507628], [95.77913584697012, 29.35474494139858], [95.79769782462999, 29.33480404319589], [95.88231860513822, 29.38995971907567], [95.95875027785534, 29.381049956048937], [96.08868412147444, 29.459965], [96.24427716950572, 29.232553905603382], [96.36383814325607, 29.283042562754872], [96.3933189313041, 29.253767627095606], [96.34691398715442, 29.16806419226703], [96.26065538508796, 29.15745733152092], [96.18586153392907, 29.09169479489503], [96.11488926640602, 29.074723817701255], [96.18476965289025, 28.98520191300408], [96.14546193549288, 28.934288981422746], [96.16620767523038, 28.902468399184414], [96.34691398715442, 29.028902179278056], [96.52489059648143, 29.075996640990788], [96.47739377129292, 28.99029320616221], [96.48722070064227, 28.96144254493279], [96.51833931024854, 28.96738238695061], [96.61442484166433, 28.760336465186526], [96.5849440536163, 28.717060473342396], [96.47193436609885, 28.683542793384685], [96.49268010583636, 28.63347841066304], [96.3245304258587, 28.529531175351156], [96.37148131052778, 28.482012439208578], [96.26229320664618, 28.408612962845492], [96.36929754845015, 28.389096339072648], [96.39768645545936, 28.339456230780847], [96.45664803155543, 28.41412853043347], [96.66301354789165, 28.46037444328651], [96.7492721499581, 28.415825628152845], [96.78039075956437, 28.36448842214167], [96.89667609019827, 28.37976230161607], [96.99385350265288, 28.309332746261894], [97.08993903406869, 28.362791324422293], [97.17128417146048, 28.291937494638272], [97.27938039430326, 28.268602400996826], [97.39730354649538, 28.185444612747318], [97.32742316001116, 28.15489685379852], [97.30449365819602, 28.0687691445401], [97.37000652052498, 28.06198075366259], [97.411498, 28.0153105663797], [97.37437404468025, 27.977550142123548], [97.38529285506841, 27.887603962996526], [97.31705029014242, 27.880815572119015], [97.30503959871544, 27.921121642954237], [97.25262930885228, 27.90118074475155], [97.09867408237922, 27.784929550974173], [97.08775527199106, 27.73401661939284], [97.03152339849204, 27.74929049886724], [96.98293469226472, 27.666556985047574], [96.93489192655682, 27.661465691889443], [96.90377331695056, 27.613946955746865], [96.86118995643675, 27.630917932940644], [96.89667609019827, 27.616068327896087], [96.93543786707623, 27.5083026227156], [96.90322737643116, 27.45272267240598], [97.16364100418878, 27.142153789759856], [97.1379817997766, 27.091665132608366], [97.0631879486177, 27.091665132608366], [96.98402657330354, 27.154457748225344], [96.86009807539793, 27.18967252590243], [96.88521133929069, 27.25925353239692], [96.7967689751466, 27.345805516085182], [96.70395908684725, 27.372110530735537], [96.6056897933538, 27.365746414287873], [96.52379871544261, 27.286407095906963], [96.45773991259425, 27.306772268539497], [96.22844489444289, 27.278770156169763], [96.02207937810667, 27.179489939586166], [95.94564770538955, 27.051359061773145], [95.80206534878525, 27.014871460806525], [95.74474159424742, 26.896074620450083], [95.66721804049148, 26.902863011327593], [95.60825646439541, 26.813341106630418], [95.49633865791678, 26.818008125358705], [95.48214420441217, 26.746305746715], [95.42700421195197, 26.69793846171273], [95.25940047249371, 26.655511018728287], [95.210265825747, 26.728910495091377], [95.24247631639207, 26.782369073251775], [95.18078503769897, 26.856192824044705], [95.23210344652331, 26.902863011327593], [95.19552543172298, 27.034812359009212], [95.24629790002793, 27.023781223833257], [95.36858857637532, 27.109908933091678], [95.45320935688355, 27.129425556864522], [95.45866876207762, 27.207492051955896], [95.50889528986316, 27.261799178975984], [95.59897547556548, 27.223190205860142], [95.80097346774643, 27.28428572375774], [95.8593891033231, 27.287255644766653], [95.89214553448757, 27.255435062528317], [96.01498215135436, 27.36829206086694], [95.94128018123429, 27.43744879293158], [95.88559424825468, 27.398415545385895], [95.88286454565764, 27.435327420782357], [95.84464870929908, 27.421750639027337], [95.8866861292935, 27.497271487539646], [95.8741294973471, 27.544365949252377], [95.77968178748952, 27.621159621054222], [95.79060059787768, 27.680133766802598], [95.75511446411616, 27.725106856366107], [95.97185285032114, 27.96270053707899], [95.8195354454063, 27.97118602567588], [95.60661864283719, 27.95506359734179], [95.51490063557665, 27.879967023259326], [95.37950738676346, 27.83923667799426], [95.30853511924043, 27.86808733922368], [95.13656385562692, 27.815901584352815], [94.85212884501536, 27.727652502945173], [94.75440549204133, 27.660617143029754], [94.68780074867355, 27.66528416175804], [94.46178137363864, 27.555397084428336], [94.43175464507121, 27.600370173991845], [94.36460396118402, 27.574489433771333], [94.27725347807875, 27.589763313245733], [94.23739982016197, 27.63261503066002], [94.21010279419156, 27.604188643860443], [94.26578872717118, 27.520182306751245], [94.15660062328958, 27.474784942757893], [93.80610680982966, 27.148942180637366], [93.82903631164478, 27.06705721567739], [93.77062067606813, 27.061965922519256], [93.66470821530298, 26.96862554795348], [93.47035339039374, 26.936804965715147], [93.28691737587266, 26.95420021733877], [93.08819502680815, 26.914318420933395]]]}}, {"type": "Feature", "properties": {"name": "Assam", "st_code": "assam"}, "geometry": {"type": "MultiPolygon", "coordinates": [[[[92.68957354478292, 24.353702884128964], [92.62476916131263, 24.334191399608542], [92.61247294496185, 24.25587065188572], [92.55065953303634, 24.247076743369472], [92.52972273222285, 24.17700028488063], [92.46491834875256, 24.136603267634122], [92.41905678506589, 24.192664434425197], [92.42237679377625, 24.255002654251875], [92.19240760800567, 24.243229408393614], [92.2598706328491, 24.358649457669355], [92.21168275796093, 24.504573377110823], [92.2957622913865, 24.736512714226834], [92.23361654928934, 24.899749641059667], [92.29875326293129, 24.915688600245364], [92.39978163511061, 24.848635047808983], [92.51510020467059, 24.879413727615844], [92.49050777196904, 24.874192344434324], [92.4871844702526, 24.947016899334493], [92.4183921247226, 24.966528383854914], [92.4808701969914, 25.108604968320527], [92.53936030720048, 25.099261440522017], [92.52241146844672, 25.139383648127392], [92.6214458595962, 25.115200399707714], [92.66331946122315, 25.17675775932144], [92.80156881262646, 25.215505918721153], [92.76168919202935, 25.24655940816915], [92.79226356782047, 25.282559471157537], [92.73809374984273, 25.379567274477385], [92.65368188624552, 25.433704773780526], [92.60649100187229, 25.413368860336707], [92.59884740792451, 25.466132311434187], [92.56661138127518, 25.46338421502286], [92.64271499058133, 25.534834721717367], [92.65135557504402, 25.589247030661642], [92.58455721054388, 25.55049887126193], [92.55398283475276, 25.614804327286986], [92.50546262969294, 25.616453185133782], [92.44431387811072, 25.719781610199682], [92.38416211704342, 25.754682434623536], [92.15219565723692, 25.671415113360325], [92.15086633655035, 25.81678941351953], [92.22564062516992, 25.909400262581254], [92.15452196843842, 25.911323930069184], [92.15219565723692, 25.94430108700511], [92.27349616988644, 26.065766948385768], [92.16947682616234, 26.077858572595606], [92.13258817711001, 26.044331796377417], [91.98902154296043, 26.03856079391363], [91.91956453708714, 25.998713395949387], [91.86738870013926, 26.042133319248354], [91.87902025614675, 26.09819448603943], [91.82518276834065, 26.11962963804778], [91.73113332976581, 26.058896707357448], [91.7224927453031, 25.96573623901346], [91.67064923852686, 25.904178879399733], [91.60950048694464, 25.93743084597679], [91.64073952307903, 25.96381257152553], [91.6311019481014, 26.022072215445668], [91.57992310166846, 26.033339410732108], [91.50315483201902, 25.913797216839377], [91.53672017935492, 25.93138503387187], [91.47457443725776, 25.874224628516266], [91.50880444493694, 25.866804768205682], [91.33566042551118, 25.840697852298074], [91.22233583698106, 25.72252970661101], [91.17813592415261, 25.777491634837553], [91.19574942324967, 25.86158338502416], [91.00731821592834, 25.824758893112378], [91.02559637536868, 25.88576663344384], [90.9687679160178, 25.885217014161576], [90.94749878503268, 25.948148421980967], [90.9172567394132, 25.944575896646242], [90.91692440924156, 25.91407202648051], [90.8843560524206, 25.950346899110027], [90.80891710345773, 25.95254537623909], [90.77801039749498, 25.908575833657856], [90.71719397608439, 25.955018663009284], [90.62181521682298, 25.89785825765368], [90.62414152802448, 25.93935451346472], [90.58791753931544, 25.958041569061745], [90.5134755808675, 25.896484209448015], [90.53507704202427, 25.949797279827763], [90.4759222714719, 26.009705781594693], [90.36226535277015, 26.008881352671295], [90.32471204337455, 25.973430908965177], [90.18679502214289, 25.94430108700511], [90.15123569377712, 25.96683547757799], [90.00800138979919, 25.88164448882685], [90.00368109756783, 25.839323804092412], [89.94818195890353, 25.825583322035776], [89.93721506323934, 25.745338906825026], [89.89467680126909, 25.745064097183892], [90.01996527597832, 25.607384466976402], [89.87706330217203, 25.549124823056268], [89.88603621680637, 25.50790337688636], [89.85114154878391, 25.46640712107532], [89.88238058491831, 25.61727761405718], [89.81691154110473, 25.8148657460316], [89.88736553749295, 25.945125515928506], [89.8252197953958, 25.945949944851904], [89.87274300994068, 25.977278243941033], [89.83618669105999, 26.012728687647154], [89.8205671729928, 25.987446200662944], [89.80860328681366, 26.04378217709515], [89.78799881617182, 26.019049309393207], [89.79464541960468, 26.088850958240915], [89.69860199999998, 26.190805335101153], [89.73416132836573, 26.21004200998044], [89.70059598102984, 26.21801148957329], [89.73216734733587, 26.236698545170317], [89.70225763188805, 26.2592329357432], [89.73848162059708, 26.269950511747375], [89.72020346115674, 26.306500194018025], [89.75709211020907, 26.28891237698553], [89.78101988256734, 26.352943023369452], [89.85645883153019, 26.38427132245858], [89.82787843676893, 26.394714088821626], [89.86676106685111, 26.458469925564415], [89.85878514273169, 26.734928424543924], [90.12797258176215, 26.750317764447356], [90.19477094626231, 26.773676583943637], [90.2306626047997, 26.858867572694777], [90.29978728050135, 26.848424806331735], [90.3556187493373, 26.90091344778808], [90.41776449143445, 26.904485973122807], [90.64640764952453, 26.776699489996098], [91.05417677012994, 26.780821634613087], [91.09771202261511, 26.822043080782993], [91.33732207636939, 26.780546824971953], [91.40810840292926, 26.83990570745662], [91.4951789078996, 26.79126440097613], [91.72083109444489, 26.811875124061082], [91.89297812335573, 26.91877607446171], [92.05615223763222, 26.84677594848494], [92.11364535732638, 26.892943968195233], [92.59818274758122, 26.966043332736536], [92.67229237585751, 27.031722836967255], [92.88664533656696, 26.99984491859586], [93.02157138625383, 26.913554691280186], [93.6649625985538, 26.96851661950673], [93.77064359313613, 27.062226707132986], [93.82913370334522, 27.066898471032243], [93.79756233703918, 27.136425310238817], [93.99131082710679, 27.328517249390583], [94.05977084246516, 27.36176921596764], [94.15647892241313, 27.47499078811432], [94.26581554888352, 27.520059569260084], [94.20998408004758, 27.603876509805563], [94.23756748429392, 27.632731522124498], [94.27744710489102, 27.589586408466662], [94.36285595900316, 27.575021497486627], [94.4319806347048, 27.600303984470838], [94.46189035015263, 27.555510012966206], [94.68787486686956, 27.66515905977816], [94.75434090119808, 27.660762105520035], [94.85237830183263, 27.727815657956416], [95.13618826841537, 27.815754743118884], [95.30866762749785, 27.868243384575234], [95.37945395405771, 27.8393883722563], [95.51504466408787, 27.879785389502807], [95.60676779146121, 27.95508323117317], [95.97166631992474, 27.962503091483754], [95.92514009589478, 27.881709056990736], [95.75498704801379, 27.724792751903955], [95.79021404620791, 27.680273590040457], [95.77027423590934, 27.658014009108708], [95.79121103672283, 27.599754365188574], [95.87429357963347, 27.544242817679763], [95.88692212615588, 27.49725036904607], [95.84438386418563, 27.421677717734575], [95.88326649426782, 27.435418199791208], [95.88559280546932, 27.398318898238294], [95.94109194413362, 27.437341867279137], [96.01520157240991, 27.368364647354827], [95.89223940890216, 27.255417884849283], [95.85933872190955, 27.287295803220676], [95.80084861170046, 27.28427289716822], [95.59912419751343, 27.222990347195623], [95.50873039082666, 27.262013316236466], [95.45888086508027, 27.20760100729219], [95.45323125216235, 27.1295550692105], [95.36848705839351, 27.109768775048945], [95.24618955522905, 27.024028167015537], [95.19334905793788, 27.035844981584244], [95.01654940662405, 26.921249361231904], [94.92416161890742, 26.94845551570404], [94.73639507192938, 26.749493335523958], [94.62007951185448, 26.71239403397104], [94.59681639983951, 26.73465361490279], [94.59382542829472, 26.697279503708742], [94.52071279053337, 26.69920317119667], [94.46022869929442, 26.66182906000262], [94.4655459820407, 26.63324885732482], [94.40273557960026, 26.610714466751936], [94.4007415985704, 26.534317386517042], [94.3163297349732, 26.458469925564415], [94.28243205746566, 26.559599873501252], [94.18306533614454, 26.455447019511954], [94.17774805339826, 26.346072782341135], [94.10496774580854, 26.319965866433527], [94.00094840208442, 26.17239308914526], [93.95276052719625, 26.00311035020751], [93.97868228058437, 25.91682012289184], [93.79523602583768, 25.80909474356781], [93.76532631038985, 25.96903395470705], [93.68157910713593, 25.904453689040864], [93.71414746395689, 25.844545187273933], [93.64601977877018, 25.822560415983318], [93.49647120153102, 25.654651725251227], [93.42634953531444, 25.632117334678348], [93.32897679502318, 25.54307901095135], [93.39012554660542, 25.460361308970402], [93.45825323179214, 25.4309566773692], [93.4705494481429, 25.30509386173042], [93.38115263197106, 25.23968916714083], [93.33230009673962, 25.09349043805823], [93.2439002710827, 25.018467406028996], [93.26217843052304, 24.968726860983978], [93.19670938670944, 24.811535746256066], [93.1495185023362, 24.787352497836387], [93.10930655156746, 24.811535746256066], [93.10764490070925, 24.741459287767224], [93.07341489303006, 24.707932511549032], [93.10398926882118, 24.67413092568971], [93.0714209120002, 24.600481941866143], [93.10432159899283, 24.582619315192517], [93.05879236547779, 24.573825406676267], [93.04317284741059, 24.41828314979515], [92.82616124532801, 24.37651208434298], [92.76035987134279, 24.5144665241916], [92.68957354478292, 24.353702884128964]]], [[[91.526417944034, 25.891262826266495], [91.5304059060937, 25.87147653210494], [91.51412172768322, 25.867904006770214], [91.526417944034, 25.891262826266495]]]]}}, {"type": "Feature", "properties": {"name": "Bihar", "st_code": "bihar"}, "geometry": {"type": "Polygon", "coordinates": [[[85.39167999881762, 24.529885687157687], [85.28829473970646, 24.52300998046268], [85.22601446313347, 24.463244222267637], [85.16155437688042, 24.460599719692635], [85.17525603772648, 24.422254432355103], [85.08775224914143, 24.370422181885065], [85.07965581318695, 24.433361343170112], [84.97533634992719, 24.37491783626257], [84.90402543325112, 24.372273333687566], [84.88752115995928, 24.463244222267637], [84.83987674838093, 24.452401761710128], [84.83894254423234, 24.512696420420173], [84.80281998382, 24.530414587672688], [84.68635586662852, 24.45663296583013], [84.6651805725937, 24.39104930197008], [84.5674005383741, 24.409296369737596], [84.49608962169803, 24.286327], [84.50325185350393, 24.329167941715035], [84.4244673036391, 24.329696842230035], [84.43069533129639, 24.356670768495054], [84.34194593717989, 24.393164904030083], [84.2974155394302, 24.448963908362625], [84.32606446665378, 24.48995369827516], [84.29648133528161, 24.560826367285213], [84.25693335965776, 24.526976734325185], [84.18842505542747, 24.553421760075206], [84.17814880979293, 24.50529181321017], [84.14576306597498, 24.537554744625194], [84.10839490003119, 24.47752453617265], [84.05203124973262, 24.61027856543775], [84.00843505613153, 24.642805947110276], [83.93618993530687, 24.549455006212703], [83.87266405320241, 24.53200128921769], [83.71852036868427, 24.50344066140767], [83.5033420131246, 24.525390032780184], [83.54787241087428, 24.62297217779776], [83.5005394006788, 24.651268355350282], [83.52046908918216, 24.677448930842804], [83.48496933153555, 24.70151390427532], [83.48932895089567, 24.736421338265348], [83.39341732497327, 24.782171232812882], [83.3504439341379, 25.00880510349056], [83.320238, 25.017267511730566], [83.36725960881262, 25.125163216790646], [83.35729476456093, 25.199738189405707], [83.54008737630265, 25.315831852448294], [83.64876645892252, 25.339367925365814], [83.70108189124383, 25.394638029183355], [83.74094126825054, 25.410240594375868], [83.76896739270839, 25.386440071200848], [83.84650633704176, 25.434305567808387], [83.81630040290386, 25.46127949407341], [83.8567825826763, 25.468684101283415], [83.87608946841394, 25.51813629943595], [84.08130297972193, 25.636345564538544], [84.08908801429355, 25.713300589471103], [84.15479370607805, 25.729432055178613], [84.20586353286791, 25.669666296983568], [84.27655164677824, 25.65935273694106], [84.32388465697372, 25.67045964775607], [84.33665211367118, 25.743183468568624], [84.39021315152395, 25.744770170113625], [84.4067174248158, 25.69796247453609], [84.45342763224554, 25.714093940243604], [84.49920363552668, 25.674955302133572], [84.53968581529912, 25.726787552603614], [84.55743569412243, 25.679450956511076], [84.56023830656821, 25.73683666238862], [84.63466323707294, 25.72784535363361], [84.6029002960207, 25.76195943685114], [84.62469839282126, 25.791842315948664], [84.53065517519605, 25.831774304831193], [84.53408059040756, 25.87620194809123], [84.42758131746774, 25.89127561276874], [84.35409059111161, 25.958710428431292], [84.29679273666447, 25.94522346529878], [84.20710913839936, 25.999964668601322], [84.17005237383844, 25.987799956756316], [84.17254358490136, 26.024558542548842], [84.05607946770986, 26.1001913161939], [84.00905785889726, 26.17873304267146], [84.02275951974332, 26.23770545009401], [84.08659680323063, 26.218665031553993], [84.12178515949437, 26.25859702043652], [84.16631555724406, 26.24114330344151], [84.17690320426146, 26.37072392961661], [84.07507495206463, 26.387384295839123], [84.01746569623461, 26.44767895454917], [83.90816381084902, 26.447150054034168], [83.90816381084902, 26.519080524074226], [83.97480370678211, 26.507973613259217], [83.97667211507931, 26.533360837979235], [84.0567022704756, 26.548698952914247], [84.08659680323063, 26.639140940979317], [84.2815340689041, 26.59947340235429], [84.41948488151326, 26.626182878361806], [84.41076564279304, 26.670081621106842], [84.33042408601389, 26.684097484754354], [84.30613477815042, 26.749681148614403], [84.24914832508614, 26.729582929044387], [84.24665711402322, 26.85969245573449], [84.16600415586119, 26.833776330499468], [84.14638586874071, 26.885344130712006], [84.06043908706998, 26.88798863328701], [84.03210156122927, 26.941143135044552], [84.0495400386697, 27.04322093443963], [84.00002721879417, 27.06860815915965], [84.03023315293208, 27.097697687484672], [83.94646618094141, 27.090821980789666], [83.99411059251975, 27.17518161293223], [83.90536119840324, 27.257425643014795], [83.93214171732961, 27.311902396059835], [83.83685289417295, 27.322215956102344], [83.88418590436842, 27.370874803482383], [83.83093626789851, 27.427202708329926], [83.84806334395608, 27.448887629444943], [84.01622009070316, 27.437251818114934], [84.09749585163091, 27.516851345622495], [84.1516796922494, 27.516851345622495], [84.14918848118648, 27.486175115752474], [84.21053455361088, 27.44280527352244], [84.25849036657208, 27.451003231504945], [84.29399012421868, 27.382510614812393], [84.62002737207828, 27.339405222839858], [84.68978128184003, 27.221724858252266], [84.64244827164455, 27.04771658881713], [84.79347794233406, 26.996148788604593], [84.82337247508909, 27.021007112809613], [84.96225749184686, 26.960448003842068], [84.96879692088702, 26.91575591032453], [85.06097173021504, 26.886930832257008], [85.02298076150552, 26.855196801356986], [85.19176031101833, 26.868948214746993], [85.17899285432087, 26.79833999599444], [85.20951018984162, 26.75893690762691], [85.33438214437047, 26.741747640889397], [85.635195880218, 26.8723860680945], [85.72923909784322, 26.808653556036948], [85.72363387295165, 26.674048374969345], [85.74761177943225, 26.639405391236817], [85.85068563716055, 26.608464711109292], [85.84912863024623, 26.570383874029265], [86.02818442539356, 26.66611486724434], [86.21813926894119, 26.58863094179678], [86.33273497783549, 26.6195716219243], [86.54199670712073, 26.53838539287174], [86.57033423296143, 26.496602252186708], [86.72323231194812, 26.425729583176654], [86.76620570278348, 26.458785865364177], [86.89388026975811, 26.46169481819668], [86.89325746699238, 26.4878753936892], [87.0156382104583, 26.531245235919233], [87.04241872938469, 26.58757314076678], [87.0707562552254, 26.586515339736778], [87.09099734511162, 26.45085235763917], [87.1623082617877, 26.404573562576637], [87.25635147941291, 26.410655918499142], [87.26538211951599, 26.37363288244911], [87.34011845140358, 26.347716757214094], [87.36814457586142, 26.40801141592414], [87.46374480040096, 26.440274347339162], [87.65837066469155, 26.379715238371617], [87.67705474766345, 26.43551424270416], [87.76393573348277, 26.41012701798414], [87.78697943581477, 26.467512723861685], [87.84801410685631, 26.43683649399166], [87.88849628662875, 26.4868175926592], [87.92617585395541, 26.41858942622415], [88.01928486743202, 26.363848222921604], [88.09900362144545, 26.456141362789175], [88.09806941729686, 26.547641151884246], [88.14602523025806, 26.52225392716423], [88.23103780778018, 26.571441675059265], [88.18214779067038, 26.505593560941715], [88.22761239256867, 26.491842147551704], [88.27276559308409, 26.41911832673915], [88.24442806724338, 26.375748484509113], [88.29954611201047, 26.350625710046593], [88.07315730666767, 26.175295189323958], [87.9750658710652, 26.143032257908935], [87.98222810287109, 26.07268848941388], [87.92679865672113, 26.084059850486387], [87.8498825151535, 26.039103306711354], [87.80971173676392, 25.912696083626255], [87.82964142526727, 25.871706293713725], [87.915588206938, 25.85345922594621], [87.88911908939448, 25.82965870277119], [87.91776801661806, 25.816171739638683], [87.90437775715486, 25.772537447151148], [88.04917940018706, 25.702193678656094], [88.02084187434635, 25.57049745042099], [88.07315730666767, 25.483757765960924], [87.92399604427536, 25.534796665658465], [87.82216779207852, 25.43721452064089], [87.78697943581477, 25.4493792324859], [87.76486993763136, 25.383795568625846], [87.8470799027077, 25.29837813545328], [87.81843097548413, 25.242050230605738], [87.71099749839573, 25.25765279579825], [87.69200201404097, 25.31160064832829], [87.6116604572618, 25.312922899615792], [87.5842571355697, 25.34915258489332], [87.54284075164865, 25.28118886871577], [87.4874113054987, 25.29732033442328], [87.47806926401275, 25.194449184255703], [87.32766239608898, 25.223538712580723], [87.29558805365389, 25.08866908125562], [87.2414042130354, 25.116965258808143], [87.14580398849586, 25.019383113790568], [87.15670303689613, 24.88107562911796], [87.07605007873411, 24.81813646783291], [87.09566836585459, 24.8027983528979], [87.04802395427626, 24.60948521466525], [86.94152468133645, 24.652326156380283], [86.91318715549573, 24.547868304667702], [86.80201686181296, 24.57034657655522], [86.81104750191604, 24.59917165462274], [86.77336793458937, 24.617683172647755], [86.73506556449699, 24.579602335567728], [86.65192139527205, 24.57034657655522], [86.60832520167097, 24.608427413635248], [86.49964611905109, 24.50978746758767], [86.45293591162135, 24.372537783945067], [86.27605992615406, 24.46588872484264], [86.3227701335838, 24.587006942777734], [86.13250388865332, 24.603402858742744], [86.12845567067608, 24.698869401700318], [86.09420151856094, 24.744883746505355], [86.03690366411378, 24.74065254238535], [86.05527634570282, 24.77979118049538], [85.94099203819138, 24.734834636720347], [85.8671899104524, 24.8046495047004], [85.73858113932917, 24.819194268862912], [85.70712959965981, 24.72452107667784], [85.64889754106406, 24.684589087795306], [85.66789302541882, 24.579073435052727], [85.58070063821664, 24.60075835616774], [85.52371418515236, 24.52089437840268], [85.37517572552578, 24.553686210332707], [85.39167999881762, 24.529885687157687]]]}}, {"type": "Feature", "properties": {"name": "Chandigarh", "st_code": "chandigarh"}, "geometry": {"type": "Polygon", "coordinates": [[[76.8267992380021, 30.681801343822613], [76.73920426551808, 30.692992022511795], [76.71030464544023, 30.760769529289668], [76.77168833459783, 30.794974999999997], [76.81313352618234, 30.78019485833504], [76.84763384782566, 30.7307869561979], [76.8267992380021, 30.681801343822613]]]}}, {"type": "Feature", "properties": {"name": "Chhattisgarh", "st_code": "chhattisgarh"}, "geometry": {"type": "Polygon", "coordinates": [[[81.92769319213663, 18.619907053259837], [81.96370699323325, 18.59039588087285], [81.95054810437102, 18.570065962117376], [81.91072515123534, 18.570721765948196], [81.90934000503931, 18.537931574407104], [81.76944023924091, 18.418903179112938], [81.75039447904558, 18.353650697946165], [81.65897483010802, 18.346436855807124], [81.66209140904907, 18.321188408320484], [81.52530822219173, 18.258231240561585], [81.483061263213, 17.976891397139013], [81.44462345627333, 17.885734664654777], [81.40029877800058, 17.89360431062464], [81.39337304702046, 17.79523373600136], [81.16620907087255, 17.85753509992944], [81.05989910032773, 17.78769199194691], [81.01626699515299, 17.794905834085952], [80.99652866185964, 17.849009650128753], [80.94908740464584, 18.08608273497085], [80.97886804786035, 18.17887897703214], [80.86667120598241, 18.140186551013652], [80.8659786328844, 18.233638596905767], [80.82373167390568, 18.239540831383163], [80.79914532892626, 18.171665134893104], [80.74477834073232, 18.17035352723146], [80.73716003665419, 18.222162029866386], [80.79360474414216, 18.259870750138642], [80.7489337793204, 18.30840023361946], [80.73473603081115, 18.41300094463554], [80.69906851626354, 18.421526394436228], [80.63777579708949, 18.522520184382792], [80.4871411482719, 18.63203942413004], [80.34481737663046, 18.596298115350248], [80.24647199671277, 18.76352809220982], [80.35139682106157, 18.816320300590977], [80.27278977443723, 18.984861885112192], [80.3295807684742, 19.069788481203624], [80.33338992051327, 19.145205921748136], [80.3939900665893, 19.187505268836144], [80.39191234729526, 19.23898586955566], [80.56955734693531, 19.398346200445367], [80.61284316556106, 19.309484781369008], [80.68140790226424, 19.328503092462842], [80.68971877944038, 19.286859549205655], [80.75101149861443, 19.286859549205655], [80.85281974402218, 19.36391649932722], [80.8133430774355, 19.43375960730975], [80.87463579660955, 19.44523617434913], [80.89852956849096, 19.481961188875154], [80.89541298954991, 19.51966990914741], [80.85662889606124, 19.52294892830152], [80.83585170312088, 19.56623198113576], [80.66859529995102, 19.61213824929329], [80.67655989057815, 19.699360158792597], [80.54774129434794, 19.772482285929232], [80.54635614815192, 19.818388554086763], [80.48056170384079, 19.827569807718266], [80.48921886756594, 19.770186972521355], [80.40230094376544, 19.79609122383882], [80.50584062191822, 19.870524958637098], [80.49129658685997, 19.902003542516546], [80.41372839988264, 19.907249973163122], [80.4113043940396, 19.93807275321175], [80.53008068034863, 19.939384360873394], [80.5567447446221, 20.071856734699406], [80.55224301948502, 20.118090904772345], [80.50549433536922, 20.14432305800522], [80.40230094376544, 20.14727417524392], [80.42203927705879, 20.205968618102474], [80.39572149933433, 20.244988946036372], [80.51899951078045, 20.265974668622672], [80.54947272709298, 20.308929819541504], [80.62634834097229, 20.33253875745109], [80.5913733995227, 20.3928727098867], [80.63188892575639, 20.59846721084935], [80.52107723007448, 20.58043260550175], [80.4809079903898, 20.618469227689417], [80.58756424748363, 20.68437751268701], [80.55155044638701, 20.764057678131866], [80.54600986160291, 20.934894576060955], [80.4635936629395, 20.92899234158356], [80.42411699635282, 21.008344605113003], [80.4525124933713, 21.03883948324622], [80.44489418929318, 21.121798667845184], [80.46428623603751, 21.174918778141752], [80.61388202520807, 21.226399378861267], [80.67967646951921, 21.29886570216708], [80.65993813622586, 21.33395120711605], [80.73785260975221, 21.473309521165692], [80.726078867086, 21.7136616251619], [80.75620579684951, 21.762191108642718], [80.81957623531761, 21.748091326280047], [80.85247345747317, 21.854331546873187], [80.82546310665072, 21.95827645405845], [80.85662889606124, 21.96483449236667], [80.90787930531413, 22.109439237062887], [80.95705199527296, 22.11042294280912], [80.96986459758618, 22.057302832512548], [81.00310810629075, 22.058614440174193], [81.0114189834669, 22.09566735661563], [80.97782918821332, 22.12255531367932], [81.02180757993708, 22.13272027305706], [81.01938357409404, 22.22125379021801], [81.07963743362107, 22.239288395565612], [81.11876781365875, 22.291424800115948], [81.11080322303161, 22.436029544812165], [81.17278851530367, 22.48783804744709], [81.20776345675327, 22.456687365483056], [81.28117620514253, 22.502921535555995], [81.32099915827821, 22.486198537870038], [81.32827117580734, 22.525546767719348], [81.38194559090326, 22.509807475779624], [81.40653193588268, 22.44094807354333], [81.52219164325066, 22.538990746251194], [81.62192216936438, 22.538007040504965], [81.68460003473446, 22.647854182167624], [81.73238757849728, 22.67572584497755], [81.75454991763365, 22.64654257450598], [81.76944023924091, 22.672774727738854], [81.75212591179061, 22.726878543781655], [81.79437287076934, 22.766554675546377], [81.76147564861378, 22.830167647136097], [81.77567339712301, 22.87443440571657], [81.86155246127649, 22.88918999191006], [81.94639266578295, 22.956737786484712], [81.92146003425452, 23.04100857874532], [81.94223722719488, 23.07904520093299], [82.12334509232498, 23.103309942673395], [82.16143661271565, 23.14331397635353], [82.14481485836336, 23.227256866698724], [82.19294868867519, 23.277753761672006], [82.19190982902816, 23.326939048983647], [82.11711193444287, 23.355466515624396], [82.10326047248265, 23.39842166654323], [82.05581921526883, 23.376780140126105], [82.02188313346625, 23.387273001419256], [82.02534599895631, 23.424981721691513], [81.98517675927161, 23.41448886039836], [81.92076746115652, 23.533189353777118], [81.83627354319906, 23.510892023529173], [81.74693161355553, 23.56958646638773], [81.62711646759946, 23.48203665497301], [81.5765586314446, 23.585325758327453], [81.6118798594432, 23.59516281578978], [81.61465015183525, 23.663038512279844], [81.65516567806895, 23.663038512279844], [81.69602749085165, 23.721405053222988], [81.6111872863452, 23.837154429363043], [81.60980214014917, 23.904046420106873], [81.66797828038217, 23.92536004460858], [81.72546184751715, 23.83977764468633], [81.81030205202362, 23.80829906080688], [81.92146003425452, 23.87092832665037], [82.08179070644428, 23.816496608692155], [82.17147892263681, 23.81813611826921], [82.20957044302747, 23.852893721302767], [82.23138649561484, 23.806659551229828], [82.46582248929187, 23.8119059818764], [82.52434491607387, 23.783706417151063], [82.55135526689634, 23.790592357374692], [82.53300207979902, 23.82207094125414], [82.66043552983321, 23.855189034710644], [82.66147438948022, 23.907653341176392], [82.75220146531979, 23.919785712046597], [82.80172044182763, 23.961757157219193], [82.94785336550814, 23.87158413048119], [83.14142754640247, 23.88502810901304], [83.2079145638116, 23.92142522162365], [83.22349745851687, 23.986677702790423], [83.27924959290682, 24.01815628666987], [83.32149655188556, 24.106034], [83.38763728274569, 24.100131765522605], [83.51576330587788, 24.027337540301378], [83.55350853971953, 23.898144185629477], [83.58571318877709, 23.886339716674684], [83.57116915371884, 23.862074974934274], [83.70518204818414, 23.8207593335925], [83.74604386096684, 23.719437641730522], [83.72284266218344, 23.68599164635861], [83.77513193108334, 23.609918401983272], [83.93754032256713, 23.56893066255691], [83.93199973778303, 23.620411263276424], [84.01649365574049, 23.634511045639094], [84.02792111185768, 23.54564962656273], [83.9711301178207, 23.46695316686411], [83.96247295409556, 23.38530558992679], [84.00679763236832, 23.355138613708984], [84.05112231064108, 23.37448482671823], [84.07466979597348, 23.333169185376452], [84.03761713522985, 23.149544112746334], [84.13353850930449, 23.08330792583333], [84.14946769055877, 22.965591138200807], [84.18582777820438, 23.02723669829806], [84.21907128690896, 22.978707214817245], [84.37455394741264, 22.979035116732653], [84.39637, 22.92722661409773], [84.28936745635717, 22.766226773630965], [84.23223017577119, 22.739994620398093], [84.22011014655598, 22.667200395176867], [84.08401953279665, 22.638017124705293], [84.00956792476036, 22.57309254545393], [83.98013356809486, 22.502265731725174], [84.04731315860201, 22.46914763826867], [84.01060678440739, 22.371432867476216], [83.86412757417787, 22.343233302750875], [83.75747131708404, 22.240272101311845], [83.70414318853712, 22.246502237704654], [83.62726757465781, 22.20387498870123], [83.5628582765427, 22.102881198754666], [83.60649038171745, 22.066484086144055], [83.53723307191626, 22.044842559726934], [83.5393107912103, 21.9658181981129], [83.60545152207042, 21.913681793562564], [83.57428573265989, 21.874989367544075], [83.59125377356118, 21.824820374486205], [83.53723307191626, 21.83400162811771], [83.54173479705334, 21.79826031933792], [83.49186953399648, 21.816950728516343], [83.46901462176208, 21.787439556129357], [83.49083067434947, 21.744484405210528], [83.41811049905822, 21.679887727874576], [83.4866752357614, 21.643162713348552], [83.48909924160444, 21.630374538647526], [83.45620201944887, 21.61004461989205], [83.44304313058664, 21.65562298613417], [83.38278927105961, 21.620209579269787], [83.33811830623785, 21.50118118397562], [83.40806818913704, 21.35854385077187], [83.26886099643664, 21.378545867611937], [83.27855701980882, 21.289356546620166], [83.22211231232085, 21.26607551062599], [83.19233166910634, 21.13917746936196], [83.07805710793437, 21.111961610382856], [82.99044661103588, 21.139833273192785], [83.0032592133491, 21.168360739833535], [82.96516769295843, 21.193281285404765], [82.88240520774602, 21.148358722993468], [82.64000462344185, 21.154260957470864], [82.65004693336303, 21.106387277820872], [82.61195541297238, 21.073597086279776], [82.62926974042267, 21.03851158133081], [82.56001243062148, 20.946699045015748], [82.48798482842825, 20.908662422828083], [82.45993561795876, 20.82635904205994], [82.36470681698214, 20.88734879832637], [82.3394278989047, 20.874560623625346], [82.37648055964833, 20.632569010052084], [82.33215588137557, 20.562070098238735], [82.4381195653714, 20.434188351228478], [82.40037433152975, 20.340736305336364], [82.43777327882239, 20.29351842951719], [82.38686915611851, 20.14497886183604], [82.39933547188272, 20.056773246590502], [82.60295196269821, 19.990209157762084], [82.71757281041918, 19.988897550100443], [82.7244985413993, 19.875443487368262], [82.71133965253708, 19.840030080503883], [82.65212465265706, 19.83216043453402], [82.59464108552207, 19.77543340316793], [82.57594161187576, 19.833472042195666], [82.60329824924723, 19.86691803756758], [82.44608415599853, 19.91020109040182], [82.34531477023779, 19.83576735560354], [82.23761965349695, 20.003653136293934], [82.18429152495003, 19.984306923284688], [82.07036325032708, 20.057101148505915], [82.03261801648543, 20.01578550716414], [81.94639266578295, 20.10530273007132], [81.87609649633474, 20.05218261977475], [81.85220272445333, 19.9216776574412], [81.96820871837032, 19.86003209734395], [81.98586933236963, 19.801009752569982], [82.065515238641, 19.790516891276834], [82.02915515099536, 19.507865440192617], [82.10014389354158, 19.516718791908712], [82.12611538471704, 19.429168980493994], [82.18948582318512, 19.42752947091694], [82.1472388642064, 19.365228106988866], [82.1939875483222, 19.325879877139553], [82.15832003377459, 19.265218022788535], [82.18602295769506, 19.166519546249845], [82.16663091095073, 19.13307355087793], [82.2175350336546, 19.095692732521087], [82.24593053067309, 18.91928150203001], [82.1759806477739, 18.90255850434405], [82.1590126068726, 18.78812073586564], [82.0887164374244, 18.76024907305571], [82.08490728538533, 18.718605529798523], [81.96994015111535, 18.698275611043044], [81.94881667162599, 18.64384389308483], [81.89375711033405, 18.657615773532093], [81.92769319213663, 18.619907053259837]]]}}, {"type": "Feature", "properties": {"name": "Delhi", "st_code": "delhi"}, "geometry": {"type": "Polygon", "coordinates": [[[77.22800028461931, 28.769925187385198], [77.28949700102197, 28.70759332100952], [77.33101377158917, 28.7130802810778], [77.31622342207461, 28.641310843384673], [77.3421714036791, 28.60970595339137], [77.29702191568728, 28.566029751247846], [77.347361, 28.52059772188247], [77.31414758354624, 28.48372535022362], [77.24330959376597, 28.47889682536353], [77.23059508277977, 28.415906523779654], [77.17454744251405, 28.40471312524036], [77.08061574910577, 28.517963981049697], [77.00718296116504, 28.54122869173921], [77.01029671895759, 28.514671805008728], [76.88470848799182, 28.50303944966397], [76.84526755595299, 28.550227306251195], [76.839559, 28.582490631452693], [76.88834120541645, 28.631873272067228], [76.94361040623403, 28.628142139220795], [76.92492785947879, 28.649870501091193], [76.97189370618293, 28.69749731448388], [76.94205352733776, 28.798457379740263], [76.96670410986204, 28.827209050498062], [77.03987741798672, 28.83181809695542], [77.08269158763413, 28.883615], [77.14237194532448, 28.838841405842818], [77.21606421308125, 28.85266854521489], [77.20257126264691, 28.793189898074715], [77.22800028461931, 28.769925187385198]]]}}, {"type": "Feature", "properties": {"name": "Dadra and Nagar Haveli and Daman and Diu", "st_code": "dnh-and-dd"}, "geometry": {"type": "MultiPolygon", "coordinates": [[[[72.73285099557121, 19.459169], [72.73261527156518, 19.467198982555157], [72.73685830367388, 19.465860652129297], [72.73285099557121, 19.459169]]], [[[72.95796742133871, 20.2340623165726], [72.91365130820333, 20.271312513425688], [72.93203778067439, 20.294733295878228], [72.97187513769502, 20.270197238070807], [73.007705186613, 20.312354646485378], [73.03457772330147, 20.29138746981358], [73.09680886089583, 20.35964232153241], [73.10152334101662, 20.302763278433385], [73.16611171867137, 20.30945493056268], [73.04919261167589, 20.200157945784163], [73.07394363231002, 20.155546931588848], [73.11590250538501, 20.1522011055242], [73.1368819419225, 20.204619047203693], [73.217971, 20.18588242124166], [73.18991984328133, 20.164246079356936], [73.19227708334172, 20.04959577287498], [73.06427894806241, 20.098444833418846], [73.04400668354303, 20.066101848127243], [72.99827622637142, 20.142832792543185], [72.97541099778562, 20.114950908671112], [72.95796742133871, 20.2340623165726]], [[73.00393360251635, 20.224917058662562], [72.97941830588827, 20.2340623165726], [72.97493954977354, 20.225586223875492], [72.97941830588827, 20.215548745681545], [73.00393360251635, 20.224917058662562]]], [[[72.98036120191243, 20.324176565247136], [72.97069651766482, 20.297633011800922], [72.95301721721188, 20.315031307337097], [72.96173900543533, 20.33220654780229], [72.98036120191243, 20.324176565247136]]], [[[72.87499257121289, 20.44551852385839], [72.85731327075995, 20.4187519153412], [72.89903641982889, 20.41540608927655], [72.89597200775039, 20.378825057636394], [72.82124749783594, 20.367672304087566], [72.83656955822849, 20.453325451342568], [72.89550055973831, 20.44418019343253], [72.87499257121289, 20.44551852385839]]], [[[70.9385198616004, 20.732367345134257], [70.98071445868143, 20.72255292201129], [71.00735127136386, 20.73727455669574], [70.97694287458481, 20.702031855481444], [70.876053, 20.709169617752693], [70.9385198616004, 20.732367345134257]]], [[[71.15208581107197, 20.759133953651446], [71.15137863905385, 20.763372], [71.15373587911424, 20.76002617393535], [71.15208581107197, 20.759133953651446]]]]}}, {"type": "Feature", "properties": {"name": "Goa", "st_code": "goa"}, "geometry": {"type": "Polygon", "coordinates": [[[74.27562207472108, 15.449317263639442], [74.275962659519, 15.391525325971836], [74.32330394642811, 15.367851520180286], [74.33624616874859, 15.294741237588736], [74.25144055406966, 15.258534240495777], [74.31717342006577, 15.18646839051268], [74.27255681153991, 15.097691618794368], [74.29639774739343, 15.04129225793803], [74.25246230846338, 14.958782081870424], [74.20137458877728, 14.925360238400001], [74.16356967620958, 14.95808579346479], [74.16186675222004, 14.911782614490143], [74.0855757574888, 14.900642000000001], [74.0440244121441, 14.917352921735212], [74.0348286226006, 14.997077944180283], [73.98203797892496, 15.054869881847889], [73.91221809535396, 15.085854715898593], [73.94968242312378, 15.144691086174651], [73.88429014192556, 15.354622040473243], [73.7838176265429, 15.40893253611268], [73.87407259798835, 15.396399344811272], [73.93980546398446, 15.408584391909864], [73.93401552242003, 15.432954486107047], [73.90404406020419, 15.417636141183102], [73.78790464411779, 15.46393932015775], [73.81481084315247, 15.491790856383103], [73.76610721705171, 15.494576010005638], [73.676874, 15.729225202704232], [73.78552055053244, 15.725395616473245], [73.85602160369925, 15.799898475876063], [73.87509435238206, 15.75081014327888], [73.93878370959074, 15.74280282661409], [73.99089318367055, 15.611552462152119], [74.1645914306033, 15.653677910692963], [74.18093950090285, 15.68222573532395], [74.20512102155426, 15.650892757070428], [74.23645482296175, 15.66864811141409], [74.27562207472108, 15.449317263639442]]]}}, {"type": "Feature", "properties": {"name": "Gujarat", "st_code": "gujarat"}, "geometry": {"type": "MultiPolygon", "coordinates": [[[[71.15748245342893, 20.77929063903531], [71.04986077592996, 20.73088075413387], [70.9197397930305, 20.742817438082174], [70.83349245566198, 20.69772329872193], [70.81324308080156, 20.718612495631454], [70.82711765246519, 20.690428658531303], [70.64824817453136, 20.762711911329337], [70.65799787353824, 20.78459583190122], [70.61374923958395, 20.771332849736442], [70.54737628865253, 20.805153454256626], [70.58600009625668, 20.81344281810961], [70.54587633495916, 20.816426989096687], [70.54212645072575, 20.801837708715432], [70.44762936804372, 20.84825814629215], [70.25188541105953, 20.978566946061086], [69.98189374625375, 21.2279110107589], [69.72202676887818, 21.539259517077046], [69.37178758147735, 21.829387251931546], [69.39616182899454, 21.888075948010687], [69.37178758147735, 21.829718826485667], [69.2172923510607, 21.957706604375765], [68.96605010742199, 22.234239782511374], [68.9986741002527, 22.209371690952416], [69.00279897290945, 22.225287269550147], [68.95367548945173, 22.244850168243193], [68.93642602197802, 22.311496653621198], [69.00654885714286, 22.4394844315113], [69.06917192384087, 22.478278654343274], [69.03542296574015, 22.390079822947506], [69.11042065040841, 22.40964272164055], [69.12129531468533, 22.37549054256625], [69.19479304566023, 22.42157940558885], [69.14829448116589, 22.19478241057116], [69.19029318458013, 22.243523870026717], [69.21279248998061, 22.210034840060654], [69.23754172592115, 22.22263467311719], [69.24054163330787, 22.258113150407972], [69.32191412117295, 22.291933754928152], [69.33278878544985, 22.327743806773054], [69.42316099547511, 22.31613869737887], [69.54053237198096, 22.377148415336848], [69.59753061232885, 22.34598040724962], [69.65527882952343, 22.3592433894144], [69.73665131738849, 22.48457857087154], [69.75465076170889, 22.418263660047657], [69.7512758658988, 22.460705202974943], [69.78127493976612, 22.467336694057334], [69.7820249166128, 22.41527948906058], [69.82102371264031, 22.432852940428912], [69.80452422201328, 22.465347246732616], [69.88252181406828, 22.476289207018556], [69.91064594581889, 22.45274741367608], [69.8971463625786, 22.478941803451512], [69.91364585320562, 22.4514211154596], [69.88964659411178, 22.495188956603364], [69.97101908197685, 22.499831000361038], [69.94664483445966, 22.52801483746119], [69.97551894305694, 22.542604117842444], [70.12588930081684, 22.552882929020146], [70.18138758747135, 22.594329748285073], [70.22338629088559, 22.66097623366308], [70.2188864298055, 22.718007056971622], [70.2923841607804, 22.76608536731894], [70.3748816139155, 22.9070045528197], [70.398505884586, 22.90468353094086], [70.41088050255627, 22.926567451512746], [70.40000583827937, 22.889099526897247], [70.41125549097961, 22.926899026066863], [70.4266300163366, 22.90435195638674], [70.3883811971558, 22.849642154957035], [70.41238045624964, 22.872189224637157], [70.40375572251278, 22.816153124990976], [70.46600380078745, 22.844668536645244], [70.49675285150144, 22.934193666257492], [70.43225484268673, 22.967351121669434], [70.54137647387907, 22.96005648147881], [70.56125086031616, 23.02935556328977], [70.68874692425221, 23.117222820131417], [70.71162121807605, 23.21437416448841], [70.66662260727509, 23.228963444869667], [70.6358735565611, 23.18552717828002], [70.50500259681495, 23.176574665318796], [70.43187985426339, 23.21503731359665], [70.3122585472175, 23.21536888815077], [70.30888365140741, 23.181216709076466], [70.22788615196569, 23.159995937612823], [70.23763585097257, 23.13778044248682], [70.10788985649644, 22.977629932847137], [70.0358920792149, 22.95276184128818], [70.08014071316919, 22.919935960430355], [69.92714543644591, 22.89573101797964], [69.682277996004, 22.799905971839124], [69.41678619227831, 22.810516357570943], [69.49478378433332, 22.779679924037836], [69.47190949050949, 22.773711582063687], [69.30466465369925, 22.837705471008736], [69.19591801093026, 22.837705471008736], [68.63231041064819, 23.170274748790526], [68.5816869734971, 23.23924225604737], [68.62856052641477, 23.25482626009098], [68.63456034118823, 23.300583548559462], [68.60118637151085, 23.25615255830746], [68.54006325850621, 23.24819476900859], [68.54418813116295, 23.300915123113583], [68.6206857695246, 23.328435811105493], [68.55918766809661, 23.338383047729078], [68.58093699665041, 23.370877354032782], [68.45869077064113, 23.367230033937467], [68.44969104848094, 23.43686069030255], [68.39981758817653, 23.41995038804246], [68.48044009919492, 23.517764881507688], [68.43656645366399, 23.538654078417213], [68.41594209038021, 23.486596873420464], [68.32631985720163, 23.496212535489928], [68.29932069072105, 23.5930323052928], [68.1193262475172, 23.61591094952704], [68.10057682635012, 23.678246965701494], [68.17219961520833, 23.696151991623942], [68.20857349227244, 23.874870676294318], [68.28019628113064, 23.930575201386382], [68.33194468355175, 23.923943710303995], [68.33869447517189, 23.96605367867716], [68.37881823646941, 23.98429027915373], [68.7530566829641, 23.97102729698895], [68.76468132408769, 24.295970360025994], [68.80817998119528, 24.313543811394325], [68.86480323311983, 24.212745146942016], [68.94542574413822, 24.302601851108385], [69.00317396133279, 24.223023958119718], [69.09504612505143, 24.274086439454113], [69.1936680803902, 24.236286940284497], [69.31291439901275, 24.28138107964474], [69.49140888852324, 24.26745494837172], [69.59415571651878, 24.29298618903892], [69.73140147946172, 24.17096675312297], [70.025017414938, 24.17096675312297], [70.1101397870365, 24.294644061809517], [70.57325048986309, 24.421968690591378], [70.60249958688371, 24.407710984764243], [70.5616258487395, 24.353664332442776], [70.57100055932304, 24.25153936977399], [70.80611830075807, 24.220702936240883], [70.90661519821356, 24.259165584518737], [70.87399120538285, 24.294644061809517], [70.94711394793443, 24.348359139576864], [71.04911079908327, 24.35631692887573], [71.1218585532115, 24.405721537439526], [71.10310913204442, 24.435894821864395], [70.99848736193219, 24.44418418571738], [70.98723770923195, 24.543324977399088], [71.0086120493624, 24.635502703444292], [71.09673432884763, 24.68954935576576], [71.28797842475171, 24.615939804751246], [71.34797657248635, 24.661033944111487], [71.37722566950697, 24.625887041374828], [71.47772256696246, 24.679602119142174], [71.60784354986191, 24.676949522709222], [71.65546707962626, 24.639150023539607], [71.79158787729918, 24.67728109726334], [71.80583743738615, 24.626550190483066], [71.85233600188047, 24.609308313668855], [71.87183539989422, 24.681591566466892], [71.93970830451902, 24.633844830673695], [71.98808181113004, 24.657386624016173], [71.99370663748017, 24.694854548631668], [72.05820464629488, 24.712428], [72.08482882435212, 24.70679123257997], [72.08970367385555, 24.658712922232652], [72.16470135852383, 24.621244997617154], [72.34732072069107, 24.628539637807783], [72.33607106799083, 24.598697927937035], [72.24644883481224, 24.585434945772256], [72.29482234142328, 24.546640722940282], [72.35369552388788, 24.563551025200375], [72.38856944725862, 24.50751492555419], [72.44144281494975, 24.51480956574482], [72.45719232873009, 24.414674050400752], [72.50031599741435, 24.416995072279587], [72.49319121737086, 24.459105040652755], [72.53893980501852, 24.51945160950249], [72.5760636589293, 24.4786679393458], [72.68331034800494, 24.463747084410425], [72.72493406299583, 24.367258889161672], [72.85355509220192, 24.371237783811104], [72.9105533325498, 24.337085604736803], [72.97730127190457, 24.377537700339374], [72.94955212857731, 24.399090046357138], [72.99342577410825, 24.47966266300816], [73.03467450067579, 24.464078658964546], [73.08604791467356, 24.498562412592968], [73.10292239372393, 24.432910650877318], [73.07667320409003, 24.396437449924182], [73.15204587718164, 24.354327481551014], [73.21916880495975, 24.363943143620478], [73.16929534465534, 24.300280829229546], [73.13554638655462, 24.308238618528414], [73.0672984935065, 24.19450854646545], [73.21391896703297, 24.07746272886129], [73.1932946037492, 24.040989527908152], [73.24279307563025, 24.002195305076178], [73.3166657950285, 24.05358936096469], [73.32641549403537, 24.109625460610875], [73.36166440582946, 24.104651842299084], [73.40478807451372, 24.040989527908152], [73.42053758829405, 23.926596306736947], [73.37816389645648, 23.90338608794859], [73.35191470682258, 23.79131388865622], [73.50753490250925, 23.70311505726045], [73.49366033084563, 23.632158102678893], [73.52328441628958, 23.60695843656582], [73.57278288817065, 23.653710448696657], [73.65565532972909, 23.621216142392953], [73.63315602432861, 23.528706841793632], [73.65640530657578, 23.50748607032999], [73.64065579279544, 23.496212535489928], [73.62115639478169, 23.434539668423714], [73.69240419521654, 23.458413036320312], [73.72090331539049, 23.410003151418874], [73.75577723876124, 23.45410256711676], [73.78615130105189, 23.43022919922016], [73.8288999813128, 23.447471076034372], [73.89189803643416, 23.334072578525525], [73.9357716819651, 23.339709345945554], [73.95902096421226, 23.381156165210484], [73.99764477181641, 23.335730451296122], [73.98452017699947, 23.309867636074806], [73.99801976023976, 23.335730451296122], [74.03814352153728, 23.293288908368837], [74.09214185449844, 23.297930952126507], [74.13864041899276, 23.26609979493104], [74.12289090521243, 23.18453245461766], [74.18101411083035, 23.15170657375984], [74.20276343938414, 23.190169222037692], [74.26913639031557, 23.163643257708138], [74.36438344984427, 22.98127725294245], [74.33963421390374, 22.95276184128818], [74.39325755844156, 22.896725741641994], [74.44688090297937, 22.921262258646834], [74.47613, 22.85229475138999], [74.43375630816243, 22.807863761137988], [74.37900799835458, 22.634450269333527], [74.26351156396544, 22.644065931402988], [74.1506400485397, 22.52105177182468], [74.04114342892402, 22.541609394180085], [74.03364366045719, 22.490215338291573], [74.08276714391491, 22.506462491443425], [74.07564236387142, 22.464020948516136], [74.1045164724687, 22.464684097624378], [74.11951600940236, 22.418926809155895], [74.14951508326968, 22.455731584663152], [74.18401401821707, 22.441473878836018], [74.19076380983722, 22.47595763246444], [74.20163847411412, 22.43451081319951], [74.29088571886936, 22.39372714304282], [74.20388840465417, 22.366538029605024], [74.19001383299053, 22.320117592028303], [74.12814074313921, 22.33304899963896], [74.1052664493154, 22.371843222470936], [74.06476769959453, 22.354601345656725], [74.07226746806136, 22.21898735302188], [74.1225159167891, 22.21235586193949], [74.1243908589058, 22.097631066214166], [74.1787641802903, 22.085362807711746], [74.09214185449844, 22.01506900223843], [74.1506400485397, 21.98655359058416], [74.14689016430628, 21.948422516860422], [73.79552601163542, 21.824413633619756], [73.89452295539755, 21.675868233374253], [73.78015148627843, 21.628121497581052], [73.85214926355997, 21.497812697812115], [73.95189618416877, 21.51273355274749], [73.95714602209554, 21.540917389847642], [73.98227024645942, 21.522349214816956], [74.00514454028324, 21.55351722290418], [74.16488960862667, 21.568769652393676], [74.19526367091731, 21.531964876886416], [74.29951045260621, 21.568438077839556], [74.3302595033202, 21.55285407379594], [74.32050980431333, 21.498475846920357], [74.10076658823529, 21.447744940140083], [74.06326774590116, 21.474602479023755], [74.04451832473409, 21.41922952848581], [73.93877158935183, 21.404971822658677], [73.9421464851619, 21.299199539894577], [73.822525178116, 21.270684128240305], [73.81577538649586, 21.17386435843743], [73.7400277249809, 21.170880187450358], [73.71865338485044, 21.13971217936313], [73.57728274925074, 21.170548612896237], [73.61815648739496, 21.118159833345366], [73.74340262079097, 21.114844087804173], [73.72990303755068, 21.08234978150047], [73.78015148627843, 21.06444475557802], [73.80752564118235, 21.084670803379307], [73.807150652759, 21.008740230485955], [73.90127274701769, 20.9822142661564], [73.88627321008403, 20.93214650848437], [73.94139650831521, 20.840300356993286], [73.9421464851619, 20.742485863528053], [73.81202550226244, 20.6920865313019], [73.83827469189634, 20.6204664276121], [73.744527586061, 20.564761902520036], [73.66952990139272, 20.56310402974944], [73.5206594973262, 20.67882354913712], [73.49553527296233, 20.653623883024046], [73.46741114121173, 20.736185946999782], [73.39203846812012, 20.648981839266373], [73.49291035399894, 20.535583341757526], [73.37928886172651, 20.390022112499096], [73.41266283140389, 20.360843551736586], [73.41678770406064, 20.198372020218066], [73.2994163275548, 20.209313980504007], [73.24916787882705, 20.122773021878835], [73.18804476582241, 20.128409789298868], [73.21804383968973, 20.18577218716153], [73.16854536780866, 20.20798768228753], [73.13329645601458, 20.205666660408696], [73.11604698854087, 20.151951582641345], [73.06467357454311, 20.158583073723733], [73.060173713463, 20.223240111777024], [73.1670454141153, 20.288560298938553], [73.15129590033496, 20.31707571059282], [73.10142244003056, 20.302818004765687], [73.09654759052712, 20.36051197718247], [73.03467450067579, 20.29121289537151], [73.00767533419521, 20.31243366683515], [72.97167644555445, 20.270323698461983], [72.93155268425691, 20.29486021546682], [72.91205328624316, 20.274302593111415], [72.9630517118176, 20.20865083139577], [72.8588049301287, 20.2245664099935], [72.81605624986778, 20.184114314390932], [72.82430599518129, 20.141672771463643], [72.73768366938944, 20.127746640190626], [72.77743244226362, 20.336970183839988], [72.89667876088618, 20.379743301321394], [72.89630377246283, 20.421190120586324], [72.85730497643533, 20.41886909870749], [72.89555379561615, 20.444068764820564], [72.85543003431863, 20.467610558163045], [72.90380354092966, 20.576035437360098], [72.83968052053828, 20.803827156040146], [72.75718306740319, 20.932478083038486], [72.72155916718576, 21.04852917698029], [72.75043327578304, 21.061792159145064], [72.62068728130693, 21.099260083760562], [72.65743614679438, 21.224595265217705], [72.6221872350003, 21.242500291140153], [72.59818797590644, 21.317104565817026], [72.65406125098431, 21.346283126579536], [72.69343503543516, 21.4616710714131], [72.73543373884938, 21.474602479023755], [72.65106134359758, 21.453381707560112], [72.7365587041194, 21.538927942522925], [72.63531182981724, 21.535280622427614], [72.61056259387671, 21.581369485450214], [72.7001848270553, 21.645363374395263], [72.80743151613093, 21.6579632074518], [72.72755898195922, 21.685815469997834], [72.52769015231827, 21.678189255253088], [72.54306467767526, 21.73356220579103], [72.59706301063642, 21.749477784388766], [72.57831358946936, 21.774345875947724], [72.6221872350003, 21.80949277868438], [72.63193693400717, 21.91625978511084], [72.66681085737791, 21.95538558249693], [72.59481308009637, 21.931512214600332], [72.56968885573251, 21.883433904253014], [72.51494054592466, 21.88542335157773], [72.5089407311512, 21.94411204765687], [72.56668894834577, 22.182182577514624], [72.64806143621085, 22.215671607480683], [72.75230821789975, 22.173230064553398], [72.85055518481518, 22.230260887861938], [72.88317917764589, 22.174887937323994], [72.92667783475348, 22.185829897609935], [72.86292980278544, 22.154993464076828], [72.91355323993653, 22.046900159433893], [72.97917621402127, 22.052536926853925], [73.02604976693894, 21.99550610354538], [73.06317362084974, 22.016395300454906], [73.04817408391608, 21.9394700038992], [72.99380076253159, 21.926870170842662], [73.09054777575366, 21.929522767275614], [73.05942373661632, 21.882107606036538], [73.2079191522595, 21.823418909957397], [73.24766792513368, 21.855250067152863], [73.22216871234647, 21.915928210556718], [73.25704263571723, 21.935491109249764], [73.34141503096903, 21.875476114954147], [73.35791452159604, 21.92852804361326], [73.4164127156373, 21.91029144313669], [73.449036708468, 21.974948481189976], [73.50378501827583, 21.96268022268756], [73.50003513404243, 22.039605519243267], [73.54315880272668, 22.06480518535634], [73.54053388376329, 22.0913311496859], [73.48541058553211, 22.07408927287169], [73.51878455520949, 22.144714652899125], [73.48091072445202, 22.21898735302188], [73.54353379115003, 22.27004983435627], [73.5442837679967, 22.331059552314247], [73.6294061400952, 22.331059552314247], [73.61628154527826, 22.360569687630875], [73.64403068860551, 22.38709565196043], [73.70515380161015, 22.35858024030616], [73.63465597802198, 22.302544140659975], [73.73065301439736, 22.28795486027872], [73.72577816489392, 22.337359468842514], [73.7700267988482, 22.383448331865118], [73.73515287547747, 22.38842195017691], [73.72877807228066, 22.51541500440465], [73.86452388153023, 22.57211425315907], [73.84202457612975, 22.609913752328687], [73.79740095375213, 22.612566348761643], [73.82964995815948, 22.658323637230126], [73.807150652759, 22.700102031049173], [73.85477418252336, 22.745196170409415], [73.81127552541577, 22.786642989674345], [73.84989933301992, 22.792611331648494], [73.84014963401304, 22.844336962091127], [73.90764755021449, 22.927562175175105], [73.88177334900394, 22.94579877565167], [73.92827191349826, 22.9769667837389], [73.90352267755773, 22.984924573037766], [73.90427265440442, 23.049913185645174], [73.80940058329905, 23.108933456278432], [73.74490257448434, 23.0691445097841], [73.76890183357818, 23.043944843671024], [73.74115269025093, 23.011450537367317], [73.72390322277722, 23.036318628926274], [73.66877992454604, 23.020734624882664], [73.71677844273374, 23.053560505740485], [73.67440475089616, 23.102633539750162], [73.62865616324851, 23.03963437446747], [73.65640530657578, 23.020403050328543], [73.58440752929424, 22.9872455949166], [73.47603587494858, 22.982603551158928], [73.43703707892108, 23.032671308830963], [73.44828673162132, 22.96900899444003], [73.36766422060293, 22.89871518896671], [73.36353934794617, 22.798911248176765], [73.25816760098725, 22.769732687414255], [73.2694172536875, 22.66628142652899], [73.09167274102369, 22.51010981153874], [73.04667413022271, 22.362559134955593], [73.05942373661632, 22.313486100945916], [73.00917528788858, 22.267728812477436], [72.95180205911736, 22.263086768719763], [72.92817778844685, 22.31182822817532], [72.9105533325498, 22.267065663369195], [72.84230543950167, 22.28198651830457], [72.75568311370982, 22.231587186078418], [72.7373086809661, 22.275355027222183], [72.51569052277135, 22.321112315690662], [72.42719325486279, 22.209371690952416], [72.41931849797261, 22.29989154422702], [72.37581984086502, 22.314812399162395], [72.32332146159723, 22.143719929236767], [72.26932312863607, 22.059499992490434], [72.22469950625845, 22.057510545165716], [72.24794878850561, 22.0077743620478], [72.20407514297467, 21.89106011899776], [72.2415739853088, 21.823750484511518], [72.16245142798378, 21.807503331359666], [72.22582447152847, 21.69443640840494], [72.3049470288535, 21.666915720413026], [72.30869691308692, 21.62513732659398], [72.23557417053534, 21.456034303993068], [72.10807810659928, 21.30251528543577], [72.08257889381207, 21.24515288757311], [72.11220297925604, 21.19873244999639], [72.00983113968384, 21.13473856105134], [71.98883178797674, 21.13971217936313], [72.02633063031087, 21.178837976749225], [72.00945615126051, 21.18613261693985], [71.97458222788975, 21.12280187710304], [71.8489611060704, 21.077376163188678], [71.85646087453723, 21.096939061881724], [71.8234618932832, 21.096607487327606], [71.83733646494682, 21.074723566755722], [71.78596305094905, 21.055160668062676], [71.80471247211612, 21.039576664019062], [71.75221409284833, 21.05947113726623], [71.74433933595816, 21.031950449274316], [71.78221316671564, 21.031618874720195], [71.52947096938355, 20.94275689421619], [71.55684512428748, 20.96994600765398], [71.43722381724159, 20.869147343201675], [71.38135054216372, 20.875115685175825], [71.15748245342893, 20.77929063903531]], [[72.96155175812423, 20.332328140082318], [72.95255203596403, 20.31442311415987], [72.9713014571311, 20.297181237345658], [72.98292609825468, 20.323044052566974], [72.96155175812423, 20.332328140082318]]], [[[69.33953857706999, 22.385769353743953], [69.33278878544985, 22.372506371579174], [69.32341407486632, 22.38112730998628], [69.33953857706999, 22.385769353743953]]], [[[69.6567787832168, 22.426884598454762], [69.63652940835635, 22.40566382699112], [69.59040583228537, 22.430531918550077], [69.62902963988952, 22.45871575565023], [69.6567787832168, 22.426884598454762]]], [[[69.08454644919786, 22.42191098014297], [69.0939211597814, 22.460705202974943], [69.13516988634895, 22.476620781572677], [69.1501694232826, 22.46866299227381], [69.08454644919786, 22.42191098014297]]], [[[69.78539981242288, 22.488557465520977], [69.81764881683023, 22.504473044118708], [69.8273985158371, 22.495520531157485], [69.80977405994007, 22.477615505235036], [69.78539981242288, 22.488557465520977]]], [[[70.00064316742082, 22.554540801790743], [69.96351931351002, 22.546251437937755], [69.94589485761298, 22.566145911184922], [69.97176905882354, 22.586703533540327], [70.00064316742082, 22.554540801790743]]], [[[69.99014349156727, 22.59665077016391], [70.01601769277781, 22.600961239367464], [70.0385169981783, 22.57377212592967], [70.00176813269084, 22.554540801790743], [69.99014349156727, 22.59665077016391]]], [[[70.398505884586, 22.9053466800491], [70.39738091931598, 22.91860966221388], [70.4093805488629, 22.925904302404504], [70.398505884586, 22.9053466800491]]], [[[68.51493903414233, 23.296936228464148], [68.49768956666863, 23.332746280309046], [68.55243787647647, 23.348993433460898], [68.55431281859317, 23.329098960213734], [68.51493903414233, 23.296936228464148]]], [[[71.53022094623024, 20.903962671384214], [71.53247087677029, 20.90296794772186], [71.52572108515014, 20.903631096830097], [71.53022094623024, 20.903962671384214]]], [[[71.5099715713698, 20.903631096830097], [71.51784632825998, 20.912252035237202], [71.52459611988012, 20.904625820492456], [71.5099715713698, 20.903631096830097]]], [[[72.42381835905272, 22.006448063831325], [72.43806791913968, 21.9275333199509], [72.35707041969795, 21.79755609473608], [72.31094684362697, 21.84099236132573], [72.29257241088324, 21.96732226644523], [72.37506986401833, 22.028663558957327], [72.42381835905272, 22.006448063831325]]]]}}, {"type": "Feature", "properties": {"name": "Haryana", "st_code": "haryana"}, "geometry": {"type": "Polygon", "coordinates": [[[76.85021101245516, 28.221281346567928], [76.80836660073805, 28.211008948082615], [76.79492751960262, 28.148293252067013], [76.65717693796452, 28.089362123914423], [76.66817254980259, 28.013941092930143], [76.54263931465124, 27.9674449734703], [76.54386104929992, 28.03421556362484], [76.45467441994664, 28.042325351902722], [76.50140577025846, 28.060166886114057], [76.44795487937894, 28.089091797638492], [76.49926773462329, 28.099634522399736], [76.46933523573075, 28.151266841102235], [76.37159646383675, 28.137480201029838], [76.31173146605167, 28.178029142419238], [76.36762582622856, 28.335359035010097], [76.24453606037456, 28.458898143109792], [76.16542874187284, 28.431595189240934], [76.15962550229165, 28.462412384696876], [76.11075611634465, 28.450247702280056], [76.08204535210078, 28.39266820550711], [76.01759884938318, 28.385910048608878], [76.01362821177499, 28.434028125724296], [75.98339027922027, 28.444841176761468], [75.90489382804292, 28.43267649434465], [75.89267648155617, 28.38942429019596], [75.7769171235942, 28.40050766750906], [75.78821816909445, 28.453491617591208], [75.6333633023749, 28.544321246303458], [75.62206225687466, 28.60163041680047], [75.56158639176525, 28.61325444666543], [75.54112233639994, 28.66056154495306], [75.54295493837294, 28.750309868561594], [75.50355399595318, 28.78247869539718], [75.52035284737246, 28.83411101409968], [75.47423236438499, 28.926021947915647], [75.51149527116957, 28.941971198195475], [75.52188001568331, 29.00387591538329], [75.44582703380328, 29.008201135798156], [75.44185639619509, 29.057400518017293], [75.39115440827509, 29.06280704353588], [75.40581522405918, 29.120116214032894], [75.37130122023412, 29.14093133727945], [75.4143673665999, 29.18418354142814], [75.40550979039702, 29.260415551240207], [75.3508371648688, 29.225273135369395], [75.32304270161146, 29.289610789040573], [75.28394719285386, 29.248791521375246], [75.23965931183939, 29.259604572412417], [75.23843757719071, 29.230139008336124], [75.18804102293286, 29.268255013242158], [75.08205554216032, 29.22797639812869], [75.0499850076326, 29.286096547453493], [74.9611038119415, 29.280690021934905], [74.93819628727884, 29.36205823098963], [74.85053682623641, 29.403688477482742], [74.76226649786965, 29.35448909526361], [74.65811361907011, 29.372060303199014], [74.65444841512408, 29.332862993189263], [74.59916492227154, 29.327456467670675], [74.60283012621755, 29.36503182002485], [74.53655102152695, 29.4245036007293], [74.54143796012164, 29.463430584463122], [74.58450410648743, 29.458564711496393], [74.62176701327202, 29.522361712615712], [74.5750356629602, 29.564262285384753], [74.61596377369081, 29.752139047155627], [74.47607515641754, 29.760248835433508], [74.48493273262042, 29.814854743171228], [74.56098571450045, 29.86973097718488], [74.50997829291826, 29.90811730836684], [74.53166408293224, 29.9492069023081], [74.6541429814619, 29.905684371883478], [74.70667757135493, 29.976780182452888], [74.81144131747881, 29.992459106456785], [74.92658980811643, 29.950288207411813], [74.99714498407741, 29.867298040701513], [75.06983819567357, 29.87702978663497], [75.0988543935796, 29.912712855057638], [75.1006869955526, 29.807015281169278], [75.15108354981045, 29.775657433161477], [75.19109535955455, 29.84432030724752], [75.24118648015023, 29.75051708950005], [75.16849326855407, 29.666715943961965], [75.23538324056902, 29.603189269118577], [75.23538324056902, 29.54209553075855], [75.30288407990832, 29.559666738693956], [75.29585910567843, 29.62508569746885], [75.33312201246302, 29.673203774584266], [75.36000017473387, 29.662661049823026], [75.34564479261194, 29.69591118176233], [75.39237614292377, 29.713212063421807], [75.4614041505739, 29.807826259997064], [75.57991241149537, 29.73943371218695], [75.64649694984816, 29.77538710688555], [75.7036130446737, 29.753761004811203], [75.72071732975516, 29.813503111791583], [75.77936059289155, 29.822423878897247], [75.83525495306844, 29.812421806687865], [75.87007439055567, 29.749435784396333], [75.98430658020678, 29.7269987034942], [76.04844764926222, 29.74700284791297], [76.0985387698579, 29.81025919648043], [76.11961369254753, 29.792417662269095], [76.22040680106322, 29.83783247662522], [76.24667409600973, 29.875948481531253], [76.19352863879237, 29.885680227464707], [76.1718428487784, 29.926229168854107], [76.25339363657744, 30.088965586963553], [76.20757858725213, 30.15654715594588], [76.32181077690325, 30.095183091309927], [76.3602954183365, 30.12032343497135], [76.3505215411471, 30.146815410012426], [76.40000179441844, 30.11680919338427], [76.38717358060735, 30.170604122294204], [76.42107671710808, 30.19195989809262], [76.4629211288252, 30.10058961682851], [76.54630451859727, 30.075989925718943], [76.57684788481414, 30.10167092193223], [76.54569365127293, 30.12491898166215], [76.59944997581464, 30.1124839729694], [76.64282155584259, 30.150329651599506], [76.5997554094768, 30.184661088642528], [76.61411079159873, 30.204394906785367], [76.65564976965368, 30.1843907623666], [76.59609020553077, 30.25575689921194], [76.55027515620546, 30.225480356307855], [76.5597435997327, 30.263326034937958], [76.6232738014638, 30.264677666317606], [76.74880703661515, 30.352263379718703], [76.71429303279008, 30.4020034144897], [76.77721236719684, 30.441200724499446], [76.82333285018431, 30.41146483414722], [76.84685124217131, 30.438227135464224], [76.90610537263206, 30.36226545192809], [76.9378704734976, 30.393352973659958], [76.91129774488891, 30.399840804282263], [76.90702167361856, 30.458771932434853], [77.01331258805328, 30.489859454166723], [77.0521026631487, 30.524731543761604], [77.04202335229714, 30.553656455286042], [77.12174153812317, 30.564739832599145], [77.19290758140849, 30.525542522589394], [77.21062273381429, 30.464719110505296], [77.35417655503359, 30.458231279882995], [77.40457310929143, 30.408761571387927], [77.45649683186012, 30.45579834339963], [77.42228826169722, 30.409842876491645], [77.44336318438687, 30.395515583867393], [77.5026173148476, 30.40470667724899], [77.5230813702129, 30.44363366098281], [77.60402129068763, 30.36821262999853], [77.58355723532232, 30.307389217914437], [77.42809150127843, 30.162764660292254], [77.40243507365625, 30.111672994141614], [77.4225936953594, 30.103563205863736], [77.27781813949142, 30.041928814951852], [77.2759855375184, 29.996514000595727], [77.18588260717861, 29.90757665581498], [77.20207059127355, 29.86891999835709], [77.17305439336754, 29.804852670961843], [77.12204697178535, 29.76700699233174], [77.1538120726509, 29.696181508038258], [77.08722753429811, 29.588591650218394], [77.12693391038005, 29.559396412418028], [77.09669597782535, 29.521821060063854], [77.15747727659692, 29.387468900926983], [77.1254067420692, 29.36097692588591], [77.16114248054295, 29.332322340637404], [77.13395888460992, 29.095246196647395], [77.18924237746248, 29.027664627665068], [77.2280324525579, 28.88114778611138], [77.19748908634102, 28.88601365907811], [77.21612053973332, 28.8527635271388], [77.15717184293476, 28.836814276858973], [77.08264602936558, 28.883580722594743], [77.03988531666195, 28.831948403892245], [76.95161498829519, 28.81789143754392], [76.94825521801134, 28.71273451620742], [76.97177360999832, 28.697596244755378], [76.9250422596865, 28.650018820191818], [76.94367371307881, 28.628122391841544], [76.88839022022626, 28.631906959704555], [76.83952083427926, 28.58243725120949], [76.88472501628024, 28.50296132608627], [77.0102582514316, 28.514585355951233], [77.0072039148099, 28.541077330992305], [77.08050799373041, 28.518099597538313], [77.17458156167838, 28.40483288792393], [77.24880194158538, 28.429702905309426], [77.24330413566634, 28.478902287528562], [77.31416474528949, 28.48349783421936], [77.34745701446589, 28.520532534021676], [77.47757175454977, 28.419160180548182], [77.50475535048278, 28.36996079832905], [77.47115764764422, 28.334818382458238], [77.50719881978013, 28.305623144657872], [77.49253800399603, 28.25209854202387], [77.5505703998081, 28.242366796090412], [77.52827374246978, 28.199114591941722], [77.41587415479168, 28.20046622332137], [77.25704865046393, 28.272373012718568], [77.19535105070585, 28.245070058849706], [77.19260214774633, 28.183705994213753], [77.12113067079885, 28.115583772679564], [77.14434362912367, 27.963660405607293], [77.3444026778442, 27.84958271716512], [77.24024979904465, 27.78659669487359], [77.20207059127355, 27.824712699779624], [77.17702503097573, 27.786326368597663], [77.18954781112464, 27.809844754603514], [77.1596153122321, 27.817143564053605], [77.1351806192586, 27.776053970112347], [77.045383122581, 27.821468784468472], [77.02644623552654, 27.7792978854235], [77.08570036598726, 27.738208291482245], [77.00017894058003, 27.736856660102596], [76.97818771690388, 27.654136819668228], [76.91374121418627, 27.654947798496014], [76.89327715882096, 27.697389023816918], [76.92443139236218, 27.69982196030028], [76.89236085783446, 27.7322611134118], [76.9134357805241, 27.832011509229716], [76.94214654476797, 27.842824560266887], [76.93084549926772, 27.993666622235445], [76.97055187534966, 28.138561506133556], [76.85021101245516, 28.221281346567928]]]}}, {"type": "Feature", "properties": {"name": "Himachal Pradesh", "st_code": "himachal-pradesh"}, "geometry": {"type": "Polygon", "coordinates": [[[77.02375282638505, 30.747585582441115], [77.0112936495632, 30.810855313648148], [76.94257940163662, 30.81734451684887], [76.91690594636736, 30.90073077797814], [76.86971209476944, 30.873151664375072], [76.82251824317152, 30.92863435174124], [76.77683459482473, 30.904299839738535], [76.70963055014928, 30.96984079206582], [76.62468161727303, 30.99871774630903], [76.63865099734602, 31.108060820241185], [76.60202856850603, 31.123634907922913], [76.60014081444211, 31.17846867496901], [76.64167140384828, 31.222595256733914], [76.59334489981201, 31.21156361129269], [76.61222244045118, 31.24790314921673], [76.58768163762026, 31.274184422179648], [76.52387555025987, 31.258285874337883], [76.47970210516422, 31.308252738983434], [76.43968171900919, 31.27905132458019], [76.46384497102731, 31.301439075622678], [76.37474297921044, 31.435765581877607], [76.36794706458033, 31.403968486194074], [76.33094708492757, 31.401372804913787], [76.35435523532014, 31.34491673706751], [76.307538934535, 31.342645515947257], [76.32264096704634, 31.321555605544916], [76.17992675981422, 31.306954898343292], [76.14896759316599, 31.356272842668773], [76.16860023543072, 31.409808769074722], [76.01757991031738, 31.632063978699428], [75.93678403638174, 31.815383969119804], [75.98662074366914, 31.817979650400094], [75.9103554794869, 31.95003493553477], [75.66154949386265, 32.07527655730869], [75.594723, 32.07008519474812], [75.67287601824616, 32.15866281843796], [75.6558862316709, 32.19727357748225], [75.6241719633971, 32.1904599141215], [75.61775359957979, 32.23653325684661], [75.77066167875705, 32.28877134261242], [75.87411060145969, 32.39584319542433], [75.93225342662834, 32.39422089462414], [75.83333511367908, 32.51329777335738], [75.93678403638174, 32.647948739772346], [75.88921263397103, 32.65314010233293], [75.92432485955989, 32.74755800890342], [75.80124329459251, 32.88577803707878], [75.84994734944156, 32.929904618843686], [75.95377382295699, 32.87344855099741], [76.08818191230786, 32.956185891806605], [76.112345164326, 33.0064772166122], [76.27846752195069, 33.0379498521357], [76.2916818003981, 33.10316634430295], [76.41023275561207, 33.18655260543221], [76.56955919860665, 33.20958927679477], [76.64620201360168, 33.16221809342951], [76.74700808061485, 33.179090021751385], [76.79269172896163, 33.256636], [76.8432835378746, 33.24657773503888], [76.81685498097977, 33.15962241214922], [76.85536516388368, 33.11419798974417], [76.88519167809355, 33.121660573425004], [76.93314063131704, 33.028540507494654], [77.01016099712486, 32.98895636797025], [77.1498547978547, 32.97824918268906], [77.15702826329758, 32.91173484988167], [77.18836498075859, 32.92893123836358], [77.33863020424639, 32.81699248315114], [77.40545669810903, 32.883182355798496], [77.46888523465664, 32.858523383635756], [77.68257899469202, 32.988631907810216], [77.81094627103838, 32.906867947481125], [77.78111975682849, 32.865661507156545], [77.92572171812452, 32.77189252090612], [77.91854825268163, 32.690777480897104], [78.01595636237974, 32.61972070584921], [78.04691552902798, 32.64502859833202], [78.0873134659958, 32.62426314808971], [78.11072161638837, 32.66254944697397], [78.14734404522835, 32.65411348281303], [78.14281343547495, 32.6816925964161], [78.24588480736482, 32.67195879161501], [78.31233375041468, 32.709271710019166], [78.30402763253345, 32.73425514234194], [78.38784391297136, 32.75696735354447], [78.4052112503594, 32.619396245689174], [78.31271130122747, 32.57364736312409], [78.29458886221387, 32.50421288887637], [78.32630313048767, 32.4720913330328], [78.3984153357293, 32.52562725943875], [78.46108877065133, 32.49383016375521], [78.45429285602124, 32.452299263270596], [78.5347111791441, 32.41433742454638], [78.4799663112905, 32.348147551899025], [78.45467040683401, 32.24237353972727], [78.5550989230344, 32.245618141327625], [78.60871113844964, 32.21446996596416], [78.59021114862324, 32.15347145587739], [78.61475195145417, 32.1158340773132], [78.78125185989163, 31.99318813681957], [78.70574169733496, 31.773853068635187], [78.7502926932434, 31.681381923024908], [78.79861919727966, 31.68235530350502], [78.84694570131593, 31.608378387016796], [78.72235393309742, 31.512987099966193], [78.79786409565409, 31.443552625718475], [78.74953759161782, 31.366006647469856], [78.79144573183679, 31.30468367722304], [78.87601711390026, 31.303061376422857], [79.008915, 31.1100075812014], [78.88545588421984, 31.09865147560014], [78.80994572166317, 31.198260744731208], [78.65817029492425, 31.185282338329767], [78.6094662400752, 31.22940892009467], [78.48374181941834, 31.198909665051282], [78.37047657558333, 31.286513908261018], [78.16018077286299, 31.225515398174238], [78.0303032932655, 31.150889561365943], [77.96725230753069, 31.173601772568468], [77.89853805960412, 31.150240641045873], [77.81132382185116, 31.05906733607574], [77.81434422835342, 30.96172928806492], [77.83775237874599, 30.95329332390398], [77.77205853732168, 30.97405877414629], [77.74940548855469, 30.952644403583907], [77.7626197670021, 30.918251626620087], [77.81321157591508, 30.921820688380482], [77.8056605596594, 30.853359594612872], [77.7580891572487, 30.87672072613547], [77.76110956375096, 30.82610494116984], [77.70372184020789, 30.764133050602954], [77.74751773449077, 30.67977340899358], [77.79131362877364, 30.659332418911305], [77.79584423852704, 30.61455691682633], [77.74298712473737, 30.593142546263948], [77.7739462913856, 30.557776388820017], [77.81774218566848, 30.561020990420378], [77.82680340517527, 30.528250514256737], [77.59498720612629, 30.42669448416545], [77.5810178260533, 30.377701000000002], [77.52325255169745, 30.44356641248732], [77.50248725699436, 30.404631193282995], [77.44321177938737, 30.395546308801986], [77.42244648468429, 30.409822555843572], [77.45642605783479, 30.455571438408658], [77.40470159648346, 30.408524715203427], [77.3541097875705, 30.458167119688945], [77.21064047871282, 30.464656322889667], [77.192895590512, 30.525654832976446], [77.12267113933429, 30.56329221154063], [77.17213029580891, 30.60125405026485], [77.16722213524272, 30.68399139107405], [77.0973752348778, 30.73817623780007], [77.02375282638505, 30.747585582441115]]]}}, {"type": "Feature", "properties": {"name": "Jammu and Kashmir", "st_code": "jammu-and-kashmir"}, "geometry": {"type": "Polygon", "coordinates": [[[74.8691818982706, 32.486146307322585], [74.68053789492807, 32.49176585665818], [74.69088129981107, 32.53150409838846], [74.63768664612701, 32.61338896013571], [74.69531418761808, 32.66075373310715], [74.6529554819067, 32.69687940740741], [74.70467250632176, 32.841783500989536], [74.63374630140967, 32.809671790500424], [74.6588659989827, 32.78759498953916], [74.63768664612701, 32.7514693152389], [74.51356578753088, 32.74424418037885], [74.44734457025825, 32.78899251943221], [74.35348928338904, 32.763109810291205], [74.17715885728818, 32.882725931863156], [73.9875297677663, 32.93530885778908], [73.99639554338032, 32.959794037037035], [73.95748463929661, 32.98668759457167], [73.82893089289347, 33.00715881000848], [73.78558710100276, 32.96541358637263], [73.73436261967737, 33.06616407803223], [73.62698822612992, 33.08944506813684], [73.65703335459962, 33.20785700056545], [73.6048237870949, 33.251207809725756], [73.55753965048685, 33.36801415662991], [73.58709223586688, 33.44307527989822], [73.62403296759192, 33.4571241532372], [73.59595801148089, 33.5000735660164], [73.63240620011626, 33.53298806926774], [73.60285361473623, 33.607246399773814], [73.56049490902485, 33.62089387673169], [73.59851824327555, 33.71381637213773], [73.55950982284551, 33.7766356726039], [73.58906240822554, 33.88380850636132], [73.52158400494113, 33.98496039440203], [73.47774766996076, 34.29002164404863], [73.4531205154774, 34.27797975261521], [73.390075, 34.37431488408255], [73.44720999840139, 34.573808885496184], [73.5565545643075, 34.59307591178965], [73.65013775134427, 34.56778793977947], [73.69545171559366, 34.65368676533785], [73.66688421639296, 34.68419289030251], [73.74913891236739, 34.78654896748657], [73.9170961059439, 34.81384392140232], [74.02939593038802, 34.87726454961832], [74.0732322653684, 34.93948098869098], [74.05944105885771, 34.99326810376024], [74.10721773855543, 35.01895747215154], [74.06535157593373, 35.04785801159174], [74.09441161822409, 35.09682837008764], [74.22247282153756, 35.08599066779757], [74.26877187196628, 35.03501332739609], [74.38008661023106, 35.057491524738474], [74.42983346228745, 35.1128842253322], [74.4726847110885, 35.115694], [74.58744725098096, 35.00972535538592], [74.56774552739427, 34.87284918942606], [74.31950381020201, 34.78654896748657], [74.55247669161459, 34.77250009414758], [74.73324000552245, 34.67134820610687], [74.92533181049265, 34.66332027848459], [75.02088516988809, 34.625990415040995], [75.13170736506322, 34.6464616304778], [75.30114218790874, 34.58906194797851], [75.35729210013079, 34.53005667995476], [75.31985882531609, 34.43452434124964], [75.37206839282081, 34.40642659457167], [75.3395246065692, 34.36923559257883], [75.37699382371748, 34.388363757421544], [75.3932477456765, 34.295239797003106], [75.47451735547159, 34.280789527283005], [75.49717433759628, 34.233424754311564], [75.46614412294724, 34.208538178682495], [75.50160722540328, 34.2346289434549], [75.57992157666037, 34.21455912439921], [75.5720408872257, 34.156356649137685], [75.65823592791745, 34.23784011450381], [75.69665428891149, 34.225396826689284], [75.71241566778085, 34.11501282188295], [75.86214876703967, 34.01747350127226], [75.85673079305333, 33.96970733191971], [76.02222527118151, 33.997403682216564], [76.16998819808167, 33.79509990613514], [76.27095953146345, 33.73087648515691], [76.28475073797414, 33.66183630760531], [76.22909336884173, 33.6297245971162], [76.2054513005377, 33.569113743567996], [76.2251530241244, 33.54783973536895], [76.30297483229181, 33.56750815804354], [76.30642263391948, 33.6096547780605], [76.35912474451388, 33.60323243596268], [76.38030409736956, 33.55265649194232], [76.42660314779829, 33.53740342945999], [76.45073775919198, 33.56269140147017], [76.58175422104345, 33.42621663189143], [76.62854581456183, 33.43504735227594], [76.6590834861212, 33.35677505795872], [76.71720357070193, 33.32907870766186], [76.73690529428862, 33.2612427192536], [76.779264, 33.239165918292336], [76.74675615608196, 33.17935785750636], [76.64627736578986, 33.16249920949957], [76.5674704714431, 33.210265378852135], [76.40985668274959, 33.18658299236641], [76.29164634122947, 33.10309254509471], [76.27834767780845, 33.03766493497314], [76.11236065659061, 33.006356017246254], [76.08822604519692, 32.95618146960701], [75.95376178171777, 32.87349381509754], [75.84983518979799, 32.930090704834605], [75.7887598466792, 32.88727509084912], [75.92617936869641, 32.745448369522194], [75.88973118006103, 32.652324409103755], [75.93011971341375, 32.631451797285834], [75.83259618165964, 32.50340635171049], [75.72866958973987, 32.45283040769013], [75.72226652957418, 32.40546563471869], [75.55972730998401, 32.35729806898502], [75.53510015550066, 32.279025774667794], [75.4819055018166, 32.32036960192253], [75.4892936481616, 32.34605897031383], [75.43117356358087, 32.315954241730275], [75.34153072126144, 32.34605897031383], [75.3316798594681, 32.32679194402036], [75.18736473419561, 32.426739642917724], [75.13170736506322, 32.4086768057676], [75.1080652967592, 32.47370301950806], [75.0267956869641, 32.49658261323155], [75.0179299113501, 32.46607648826689], [74.94749624952769, 32.44721085835454], [74.87706258770527, 32.4777169833192], [74.88937616494695, 32.521469188860614], [74.8691818982706, 32.486146307322585]], [[75.552339163639, 34.155553856375455], [75.55019240121912, 34.152189439033755], [75.5720408872257, 34.156356649137685], [75.552339163639, 34.155553856375455]], [[75.03615400566778, 33.44187109075487], [75.0188446342309, 33.48625406203805], [75.01645228208109, 33.48040514334181], [75.03615400566778, 33.44187109075487]], [[75.03615400566778, 33.20745560418433], [75.03735168989911, 33.20723755071788], [75.04896012599913, 33.239165918292336], [75.03615400566778, 33.20745560418433]], [[75.02925840241244, 33.100282770426915], [75.02939141576181, 33.1001990077222], [75.05043775526812, 33.15045731806615], [75.02925840241244, 33.100282770426915]], [[75.06915439267549, 33.050509619168785], [75.08294559918616, 33.06536128527], [75.08279436764595, 33.065458524956696], [75.06915439267549, 33.050509619168785]], [[74.97748698216448, 32.93100705451554], [74.97974885259383, 32.928139692871866], [75.00660142028775, 32.93370327226463], [74.97748698216448, 32.93100705451554]], [[75.00955667882575, 32.89035246310432], [75.02190565109557, 32.88256916521918], [74.99052217015922, 32.9144824129671], [75.00955667882575, 32.89035246310432]], [[75.12825956343555, 32.793615935255865], [75.12976102543469, 32.79326633195619], [75.13022973579422, 32.81007318688154], [75.12825956343555, 32.793615935255865]], [[75.12825956343555, 32.74825814418999], [75.16470775207091, 32.76431399943455], [75.16433401914105, 32.76527847879525], [75.12825956343555, 32.74825814418999]], [[75.11102055529719, 32.739828820186595], [75.10909598878015, 32.73780135147386], [75.12825956343555, 32.737420441899914], [75.11102055529719, 32.739828820186595]], [[75.09082628862083, 32.71855481198756], [75.09139466035754, 32.71584500193574], [75.10388792247555, 32.732314821705735], [75.09082628862083, 32.71855481198756]], [[75.00315361866008, 32.743842783997735], [74.95833219750035, 32.70972409160305], [75.00470691479038, 32.7416727492469], [75.00315361866008, 32.743842783997735]], [[74.90021211291963, 32.65192301272265], [74.89825361297731, 32.646882781795576], [74.9607949129487, 32.68323193044953], [74.90021211291963, 32.65192301272265]], [[74.88149547551228, 32.60375544698897], [74.89430159584363, 32.61981130223353], [74.89694612249956, 32.64351793413823], [74.88149547551228, 32.60375544698897]], [[74.95305160478785, 32.57138037976169], [74.95685456823136, 32.57405211478654], [74.94207827554135, 32.58529121345773], [74.95305160478785, 32.57138037976169]], [[74.92877961212032, 32.569636754594285], [74.94257081863101, 32.56401720525869], [74.94925048441489, 32.568709939568166], [74.92877961212032, 32.569636754594285]], [[74.92502471884971, 32.54803881247364], [74.92533181049265, 32.547961350014134], [74.93912301700334, 32.55799625954198], [74.92502471884971, 32.54803881247364]], [[73.6393018033716, 34.06764804891151], [73.65201229698607, 34.06497491982026], [73.62354042450225, 34.08972484987277], [73.6393018033716, 34.06764804891151]], [[73.66983947493097, 34.06122570681368], [73.67413007251207, 34.06403548148148], [73.65647924362372, 34.06403548148148], [73.66983947493097, 34.06122570681368]], [[73.80575697315282, 34.0821162518373], [73.7910050749891, 34.084908093299404], [73.69742188795233, 34.07928854396381], [73.80575697315282, 34.0821162518373]], [[73.85749839209417, 34.06684525614928], [73.89493166690887, 34.06523967062482], [73.84756601457626, 34.07420376396346], [73.85749839209417, 34.06684525614928]], [[73.90182727016422, 34.04918381538026], [73.89578931894181, 34.068210168689575], [73.89493166690887, 34.06523967062482], [73.90182727016422, 34.04918381538026]], [[73.96585787182096, 34.153948270851004], [73.99401564491166, 34.17878511595497], [73.93236494172358, 34.141103586655355], [73.96585787182096, 34.153948270851004]], [[74.00772403444266, 34.190876737913484], [74.0053274623297, 34.19559667788905], [74.00383851472456, 34.187449476422465], [74.00772403444266, 34.190876737913484]], [[73.98358942304897, 34.272761599660726], [73.94664869132393, 34.27396578880407], [73.98464963037571, 34.26991035842463], [73.98358942304897, 34.272761599660726]], [[73.94320088969626, 34.30607749929318], [73.93926054497892, 34.28319790556969], [73.94664869132393, 34.27396578880407], [73.94320088969626, 34.30607749929318]], [[73.87786354106694, 34.33242493930249], [73.8840957189362, 34.330562678541135], [73.9067527010609, 34.34942830845349], [73.87786354106694, 34.33242493930249]], [[75.31247067897108, 34.366688352841386], [75.3272469716611, 34.357054839694655], [75.3282107730614, 34.358011035800374], [75.31247067897108, 34.366688352841386]], [[75.25779839601802, 34.377927451512576], [75.2409620508435, 34.371720457108275], [75.25935571949836, 34.37662098831216], [75.25779839601802, 34.377927451512576]], [[75.19820068216829, 34.386758171897085], [75.235633956983, 34.37030092027141], [75.23654051974601, 34.37054245115858], [75.19820068216829, 34.386758171897085]], [[74.94060064627234, 34.463826277070964], [74.89971956982997, 34.44817181820752], [74.94089105054977, 34.46356652388186], [74.94060064627234, 34.463826277070964]], [[74.89134633730562, 34.43291875572519], [74.89207859718418, 34.41740318306207], [74.89971956982997, 34.44817181820752], [74.89134633730562, 34.43291875572519]], [[74.89233142348496, 34.41204614390726], [74.90064610193572, 34.40666518682617], [74.89225362468771, 34.413694592671526], [74.89233142348496, 34.41204614390726]], [[74.89282396657462, 34.37511767684478], [74.90907788853364, 34.399602856092734], [74.9084206111503, 34.400153381205165], [74.89282396657462, 34.37511767684478]], [[74.68446894637955, 34.177426172387854], [74.68489545261546, 34.17726703943854], [74.70079291581813, 34.184026475444604], [74.7007574202244, 34.18406329164945], [74.68446894637955, 34.177426172387854]], [[74.70516504941142, 34.133075659033075], [74.69319246353949, 34.138111540181754], [74.71626137258566, 34.1205245069928], [74.69629927379741, 34.143511964942036], [74.70516504941142, 34.133075659033075]], [[74.7219115144601, 34.11621701102629], [74.7226631224216, 34.116308237476545], [74.72122578830235, 34.11673978775019], [74.7219115144601, 34.11621701102629]], [[74.91400331943031, 34.02028327594006], [74.89824194056096, 34.009445573649984], [74.89873448365063, 34.015867915747805], [74.91400331943031, 34.02028327594006]], [[74.74259832422612, 33.819986481764204], [74.7412298212704, 33.81895486902903], [74.77018073724749, 33.807944590330784], [74.74259832422612, 33.819986481764204]], [[74.68841858436274, 33.8055362120441], [74.71381191698558, 33.79581349970159], [74.71611887094402, 33.80521372264389], [74.68841858436274, 33.8055362120441]], [[74.71403082502543, 33.79028314956177], [74.7593447892748, 33.8055362120441], [74.71399679958061, 33.791142746238435], [74.71403082502543, 33.79028314956177]], [[74.82288284784188, 33.782255221939494], [74.82340336396197, 33.78296478099034], [74.80268858116553, 33.796705491659594], [74.82288284784188, 33.782255221939494]], [[75.04512505029508, 33.81042931263504], [75.04408304791825, 33.813285633358696], [75.04302325562779, 33.81273793748439], [75.04512505029508, 33.81042931263504]], [[75.02925840241244, 33.79229013146734], [75.04896012599913, 33.799916662708505], [75.04758999826491, 33.803672435563065], [75.02925840241244, 33.79229013146734]], [[75.0342101889852, 33.77970904670197], [75.05805345951475, 33.7721873710673], [75.05733335852346, 33.77864265450947], [75.0342101889852, 33.77970904670197]], [[75.09131883171051, 33.76459378117048], [75.08639340081383, 33.78064963641504], [75.08083919150482, 33.78064963641504], [75.09131883171051, 33.76459378117048]], [[75.12678193416654, 33.73448905258694], [75.1213639601802, 33.7649951775516], [75.11979371370306, 33.764974199400214], [75.12678193416654, 33.73448905258694]], [[75.12333413253887, 33.69113824342663], [75.13515516669088, 33.69635639638111], [75.13431080710859, 33.697101846803186], [75.12333413253887, 33.69113824342663]], [[75.15190163173958, 33.55667045575346], [75.14057314067722, 33.52455874526434], [75.15734021422337, 33.56408753150104], [75.15190163173958, 33.55667045575346]], [[75.12724843973605, 33.56683444869902], [75.12628939107688, 33.56590257251908], [75.1277601385063, 33.56587533204611], [75.12724843973605, 33.56683444869902]], [[75.13811042522889, 33.58155703138252], [75.12748957952347, 33.586264366967434], [75.13623200351086, 33.58029957732131], [75.13811042522889, 33.58155703138252]], [[75.11003546911786, 33.59400031919706], [75.10611840825567, 33.582082787660624], [75.11622248332733, 33.59125813152572], [75.11003546911786, 33.59400031919706]], [[75.0218618482259, 33.50339659901828], [75.02370455447033, 33.49813579038344], [75.03057028629593, 33.50211133128375], [75.0218618482259, 33.50339659901828]], [[73.69692934486267, 33.63133018264065], [73.64274960499927, 33.65180139807747], [73.70354548009534, 33.622703306186374], [73.69692934486267, 33.63133018264065]], [[74.1348001515768, 33.39691469607011], [74.16681404467151, 33.411638539634815], [74.14465101337015, 33.459933927905006], [74.1648452800465, 33.41578032598247], [74.1348001515768, 33.39691469607011]], [[74.42195277285278, 33.56750815804354], [74.35496691265804, 33.58195842776364], [74.3429941815289, 33.5751708534315], [74.36974320534806, 33.57874725671473], [74.42195277285278, 33.56750815804354]], [[74.57221946045875, 33.490791274703135], [74.5401631143729, 33.48722888182075], [74.57217841520128, 33.49044005286966], [74.57221946045875, 33.490791274703135]], [[74.57267095829094, 33.510041576147394], [74.57267095829094, 33.494654714871324], [74.57414858755995, 33.50729870087645], [74.57267095829094, 33.510041576147394]], [[74.59664968062594, 33.50245491424375], [74.58892488024996, 33.50930568278201], [74.57414858755995, 33.50729870087645], [74.59664968062594, 33.50245491424375]], [[74.53794939337347, 33.52805469077283], [74.53819294201423, 33.52776991631326], [74.56843042458996, 33.51791314127407], [74.56528281194593, 33.52375595250212], [74.53794939337347, 33.52805469077283]], [[74.53400685423178, 33.66026130056054], [74.51947630460688, 33.6413650921685], [74.52932716640024, 33.64337207407407], [74.53400685423178, 33.66026130056054]], [[74.56704515874975, 33.692083709271934], [74.56249270264946, 33.68983226800636], [74.60123845749165, 33.68070193751767], [74.56704515874975, 33.692083709271934]], [[75.01724875396101, 33.73895310314507], [74.9997058170324, 33.7505449078315], [75.01645228208109, 33.73770022363585], [75.01724875396101, 33.73895310314507]], [[74.36531031754105, 32.950963316652526], [74.4052063078041, 32.97063173932711], [74.44805755660514, 32.99993367514843], [74.36531031754105, 32.950963316652526]], [[74.55277186416066, 32.98612365032445], [74.55444686397325, 32.9846806126661], [74.56621150006156, 32.99540953960098], [74.55277186416066, 32.98612365032445]], [[74.57266360690156, 33.00129363005161], [74.57513367373927, 33.00354624257845], [74.57440017431797, 33.00759774705831], [74.57266360690156, 33.00129363005161]], [[74.57121419949185, 33.02818449671751], [74.58114609628211, 33.03114570409367], [74.57091351855077, 33.0286077458133], [74.57121419949185, 33.02818449671751]], [[74.59209803443599, 33.069889829906934], [74.59779065586397, 33.070579438224485], [74.60320862985031, 33.089043671755725], [74.59209803443599, 33.069889829906934]], [[74.68349315346606, 33.198223487418716], [74.69186638599041, 33.2411729001979], [74.69173147979785, 33.24127077482389], [74.68349315346606, 33.198223487418716]], [[74.61847746563, 33.440666901611536], [74.60579532199829, 33.459399581210334], [74.60123845749165, 33.45792694599943], [74.61847746563, 33.440666901611536]], [[74.62175192191295, 33.46455625217266], [74.62783578433367, 33.46475068447837], [74.62857604478937, 33.466761593941484], [74.62175192191295, 33.46455625217266]], [[74.62635815506466, 33.49605960220526], [74.63164545435374, 33.500368469480065], [74.61934890735985, 33.4975684755848], [74.62635815506466, 33.49605960220526]], [[74.6559107404447, 33.50569311535199], [74.67955280874872, 33.504890322589766], [74.67960268652996, 33.504920808390864], [74.6559107404447, 33.50569311535199]], [[74.70910539412876, 33.52576293440769], [74.68557921831646, 33.50857372467531], [74.71107556648742, 33.524157348883236], [74.75786716000582, 33.48883446734521], [74.70910539412876, 33.52576293440769]], [[74.95734711132103, 33.51291825021204], [75.00364616174974, 33.50408752982754], [75.00614445414676, 33.505716310006434], [74.95734711132103, 33.51291825021204]], [[74.5928652249673, 33.03135912730854], [74.5928652249673, 33.03405236754311], [74.59119761977199, 33.0336387559855], [74.5928652249673, 33.03135912730854]], [[74.60573814138304, 33.013761755040775], [74.60616388838831, 33.01398254848742], [74.6052237320233, 33.01446495645286], [74.60573814138304, 33.013761755040775]], [[74.60567134529865, 32.945343767316935], [74.60665643147797, 32.95537867684478], [74.60623532593567, 32.95323381068622], [74.60567134529865, 32.945343767316935]], [[74.935182672286, 32.88714129205541], [74.94844813055491, 32.89159273282125], [74.93429914945779, 32.88847633663177], [74.935182672286, 32.88714129205541]], [[74.95192913733469, 32.89276084139101], [74.94897387879668, 32.899584579869945], [74.95178477125668, 32.89271239700018], [74.95192913733469, 32.89276084139101]], [[74.13326669248656, 33.310070920744], [74.1377554101148, 33.31181866327396], [74.13852584716557, 33.31589978679089], [74.13326669248656, 33.310070920744]], [[74.02791830111902, 33.20023046932428], [74.06633666211306, 33.194209523607576], [74.02082283903306, 33.204751273258196], [74.02791830111902, 33.20023046932428]], [[74.31556346548466, 33.9552570621996], [74.38596772776043, 33.94370222900786], [74.3855045842174, 33.944419359909524], [74.31556346548466, 33.9552570621996]], [[74.41651147509897, 33.907499837613194], [74.41673885243216, 33.907226298906025], [74.41697823208793, 33.90758859343248], [74.41651147509897, 33.907499837613194]], [[74.42720157109683, 33.92105879957039], [74.4593860476675, 33.933983054000564], [74.42737074683912, 33.921941162567144], [74.42720157109683, 33.92105879957039]], [[74.61699983636099, 34.114611425501835], [74.69055089400403, 34.13922263099946], [74.68989621363174, 34.1394980011309], [74.61699983636099, 34.114611425501835]], [[74.4140720834181, 33.88581548826689], [74.4100342743438, 33.89157403705602], [74.40554955979022, 33.88275951104553], [74.4140720834181, 33.88581548826689]], [[74.40453843848057, 33.8683402056598], [74.40267272284645, 33.87710520378344], [74.4007734199971, 33.87337220045236], [74.40453843848057, 33.8683402056598]], [[74.59447583212197, 34.22994978812764], [74.5958204835053, 34.23141777240599], [74.5716858721116, 34.236635925360474], [74.59447583212197, 34.22994978812764]], [[74.57119332902194, 34.205327007633585], [74.57123700894121, 34.20457947467721], [74.57717420939646, 34.21106124164949], [74.57119332902194, 34.205327007633585]], [[74.57217841520128, 34.1884683596268], [74.57296096937094, 34.188561567775224], [74.57189825307688, 34.19326302098649], [74.57217841520128, 34.1884683596268]], [[74.02644067185001, 34.24426245660164], [74.06387394666473, 34.263128086513994], [74.02389501255497, 34.245286273685394], [74.02644067185001, 34.24426245660164]], [[74.39632320655377, 34.43411414312057], [74.39584798910042, 34.434122944868534], [74.3810716964104, 34.41565871133729], [74.39632320655377, 34.43411414312057]], [[74.43027285769116, 34.43348534409251], [74.43944285297432, 34.42535289896458], [74.44460975497748, 34.45138298925643], [74.43919178099114, 34.433320152106305], [74.43027285769116, 34.43348534409251]], [[74.44313212570847, 34.422081053435114], [74.47169962490916, 34.425292224484025], [74.4408018392984, 34.4241476767841], [74.44313212570847, 34.422081053435114]], [[74.49765685503057, 34.44449301468911], [74.49632677939253, 34.44576343992083], [74.4955307893777, 34.445101776670604], [74.49765685503057, 34.44449301468911]], [[74.54114542443492, 34.39797047679979], [74.54213328673157, 34.402011234379415], [74.52484126827693, 34.418527751127876], [74.54114542443492, 34.39797047679979]], [[74.51750613224822, 34.295239797003106], [74.52288144502222, 34.28700959088931], [74.51758927038237, 34.29552745073065], [74.51750613224822, 34.295239797003106]], [[74.55346177779393, 34.22258705202149], [74.55592449324226, 34.23382615069268], [74.55043721527747, 34.242658033197564], [74.55346177779393, 34.22258705202149]], [[74.44904264278448, 34.487910059937796], [74.44976008069749, 34.48665718776132], [74.47613251271618, 34.48590307803223], [74.44904264278448, 34.487910059937796]], [[75.14599111466356, 33.182167632174156], [75.12185650326987, 33.17935785750636], [75.14692842384888, 33.18128543106595], [75.14599111466356, 33.182167632174156]], [[75.23267869844499, 33.15045731806615], [75.21543969030664, 33.15687966016398], [75.2326660136041, 33.15004037345839], [75.23267869844499, 33.15045731806615]], [[75.35420760577634, 33.06958508042669], [75.29720184319139, 33.10068416680803], [75.33266494564744, 33.07419200565451], [75.35420760577634, 33.06958508042669]], [[75.35926227248946, 33.0709808346056], [75.35926227248946, 33.09827578852134], [75.35686867786505, 33.06901600678095], [75.39797797982513, 33.06022473034782], [75.35926227248946, 33.0709808346056]], [[75.38173661536197, 33.36403502800766], [75.37797890989681, 33.37885185891999], [75.36665041883447, 33.30780469946282], [75.37994908225548, 33.36319740005654], [75.38173661536197, 33.36403502800766]], [[75.46269632131957, 33.40494262369239], [75.4591484975815, 33.40028835623522], [75.4664534375231, 33.403078889171255], [75.46269632131957, 33.40494262369239]], [[75.47362204830594, 33.39952286730213], [75.46746923887376, 33.40257499630734], [75.47303972620259, 33.39009095759118], [75.47362204830594, 33.39952286730213]], [[76.09807690699026, 33.12115538224484], [75.99949210737071, 33.08791068145633], [76.00006083214649, 33.08703668985015], [76.09807690699026, 33.12115538224484]], [[76.11186811350095, 33.17534389369522], [76.11679354439761, 33.16169641673734], [76.11201482846383, 33.17532681299815], [76.11186811350095, 33.17534389369522]], [[76.12221151838395, 33.17413970455188], [76.11355129224832, 33.1751479364068], [76.13069023652781, 33.1690653909414], [76.12221151838395, 33.17413970455188]], [[76.15373427612265, 33.15527407463952], [76.14613536451091, 33.15982184471066], [76.19215263711669, 33.097071599378005], [76.15373427612265, 33.15527407463952]], [[76.21313533357396, 33.0883317118742], [76.21283944688273, 33.09064925728018], [76.19215263711669, 33.097071599378005], [76.21313533357396, 33.0883317118742]], [[75.09151249704632, 32.715675988036814], [75.09230391788984, 32.71454084817642], [75.12284158944921, 32.70450593864857], [75.09151249704632, 32.715675988036814]], [[75.1614730080991, 32.72271271360789], [75.16463155050388, 32.722524368938906], [75.16372266589158, 32.723772964942036], [75.1614730080991, 32.72271271360789]], [[75.1871619223352, 32.697564142410464], [75.21557507954495, 32.68343044304208], [75.21543969030664, 32.686041705117326], [75.1871619223352, 32.697564142410464]], [[75.19081253582328, 32.6334587791914], [75.22775326754832, 32.63265598642918], [75.2279699399866, 32.63307055733142], [75.19081253582328, 32.6334587791914]], [[75.28444412304805, 32.64174657036677], [75.27984831240461, 32.64302158002229], [75.28833606757739, 32.629846211761375], [75.28390317977038, 32.64148670681368], [75.28444412304805, 32.64174657036677]], [[75.36437941177432, 32.66063836169222], [75.3646802464758, 32.660352336726035], [75.36942924402696, 32.66401882307295], [75.36437941177432, 32.66063836169222]], [[75.3733045793988, 32.66701079434216], [75.37403856517948, 32.667577471586085], [75.36369516029646, 32.676408191970594], [75.3733045793988, 32.66701079434216]], [[75.37305347900015, 32.67038724625389], [75.37432372170507, 32.672250570507266], [75.36369516029646, 32.676408191970594], [75.37305347900015, 32.67038724625389]], [[75.37579880113927, 32.67441437060211], [75.37797890989681, 32.67761238111394], [75.37403856517948, 32.698083596550745], [75.37579880113927, 32.67441437060211]], [[75.59799815807303, 32.76518403118447], [75.60164518086603, 32.766938074708946], [75.59913075715738, 32.76672237772123], [75.59799815807303, 32.76518403118447]], [[75.68924714238796, 32.794079268170556], [75.68975868565616, 32.794418728018094], [75.68138545313181, 32.81970670002827], [75.68924714238796, 32.794079268170556]], [[75.69419157346316, 32.83696674441617], [75.69249403146725, 32.840452928295655], [75.68138545313181, 32.81970670002827], [75.69419157346316, 32.83696674441617]], [[75.68320170577495, 32.86401994823874], [75.69271394419415, 32.87670498614645], [75.68320170577495, 32.86401994823875], [75.68320170577495, 32.86401994823874]], [[75.7385204515332, 32.87429660785977], [75.74017033303384, 32.87514238295533], [75.69271394419415, 32.87670498614645], [75.7385204515332, 32.87429660785977]], [[75.74658700628477, 32.87843174793692], [75.76757930122531, 32.88919298154823], [75.76364014910624, 32.8895496703421], [75.74658700628477, 32.87843174793692]], [[75.32921714401976, 32.614593149279045], [75.32675195348052, 32.615512931941296], [75.33029178348814, 32.61221604863245], [75.32921714401976, 32.614593149279045]], [[75.34300835053044, 32.584087024314385], [75.33941577340674, 32.59203379870254], [75.33706035020195, 32.581214548209225], [75.34300835053044, 32.584087024314385]], [[75.27947029196338, 32.57605909669211], [75.31641102368842, 32.571242340118744], [75.32780349571202, 32.57674412254297], [75.27947029196338, 32.57605909669211]], [[75.25752231843953, 32.54372850978305], [75.27104780512971, 32.56385664670572], [75.25730585292835, 32.543947386202994], [75.25752231843953, 32.54372850978305]], [[75.23267869844499, 32.43115500310998], [75.22824581063799, 32.45122482216568], [75.22780927293053, 32.42881225855589], [75.23267869844499, 32.43115500310998]], [[75.15094051889646, 32.695314671957135], [75.14943891629123, 32.69607661464518], [75.1410656837669, 32.69286544359627], [75.15094051889646, 32.695314671957135]], [[75.40260606438018, 33.05893894317218], [75.40214112807365, 33.05906811305517], [75.40703895218718, 33.0107713774385], [75.40260606438018, 33.05893894317218]], [[75.562682568522, 32.96541358637263], [75.56222232333987, 32.96513853114754], [75.5809066628397, 32.945343767316935], [75.562682568522, 32.96541358637263]], [[75.63859406246813, 32.93039950523998], [75.59469786935038, 32.94815354198473], [75.5809066628397, 32.945343767316935], [75.63859406246813, 32.93039950523998]], [[75.66119118645545, 32.921259984450096], [75.65661512961877, 32.923110793722024], [75.6744029305077, 32.88357594772905], [75.66119118645545, 32.921259984450096]], [[75.05391504698562, 33.851201973767175], [75.07999034064815, 33.85089400310998], [75.0509302983578, 33.85410517415889], [75.05391504698562, 33.851201973767175]], [[75.12037887400086, 33.86373868730563], [75.14205076994622, 33.8717666149279], [75.14234461667586, 33.872117836761376], [75.12037887400086, 33.86373868730563]], [[75.165907451682, 33.898567881935826], [75.19278270818195, 33.903476929035904], [75.16667792442959, 33.899462965224764], [75.165907451682, 33.898567881935826]], [[75.225694650388, 33.956331021450126], [75.22627563827932, 33.95726404410517], [75.22085766429298, 34.015065122985575], [75.225694650388, 33.956331021450126]], [[75.15485689027757, 34.07728156205824], [75.1501434443573, 34.08542957764377], [75.08260107422707, 34.11312438709511], [75.15485689027757, 34.07728156205824]], [[75.13712533904955, 34.13909660474979], [75.1469762008429, 34.12143516398077], [75.09722934878651, 34.15475106361323], [75.13712533904955, 34.13909660474979]], [[75.10658766749019, 34.15916642380548], [75.10528029300016, 34.16715722806303], [75.10405773698935, 34.16706983174503], [75.10658766749019, 34.15916642380548]], [[75.23464887080365, 34.23382615069268], [75.26927114095251, 34.25568307779801], [75.26764925781136, 34.256705744416166], [75.23464887080365, 34.23382615069268]], [[75.39423283185583, 33.9337422161719], [75.39423283185583, 33.90227273989256], [75.39718809039384, 33.93117327933277], [75.39423283185583, 33.9337422161719]], [[75.39423283185583, 33.96248219705965], [75.39423283185583, 33.95927102601071], [75.39498536453395, 33.9629506702896], [75.39423283185583, 33.96248219705965]], [[75.52721946606597, 34.09494300282725], [75.53165235387299, 34.061627103194795], [75.532536945254, 34.11245019045793], [75.52721946606597, 34.09494300282725]], [[75.53953304330766, 34.13548403731976], [75.53710627990966, 34.12749419840518], [75.54536054750338, 34.14461693250802], [75.53953304330766, 34.13548403731976]], [[74.92483926740299, 34.02510003251343], [74.91203314707164, 34.030318185467905], [74.91228354607253, 34.0296476965408], [74.92483926740299, 34.02510003251343]], [[75.04698995364046, 34.08530948968052], [75.04823881882042, 34.08612369655785], [75.02433297151576, 34.087316471586085], [75.04698995364046, 34.08530948968052]], [[75.07494445173926, 34.116263878653264], [75.07407982357215, 34.11661840740741], [75.04501978128178, 34.09895696663839], [75.07494445173926, 34.116263878653264]], [[74.72308794831457, 34.163802696394534], [74.72198187775864, 34.164613946120596], [74.72289660063944, 34.163581783997735], [74.72308794831457, 34.163802696394534]], [[74.7668796505827, 34.120171192397684], [74.72880711771545, 34.17040552247667], [74.76476276326115, 34.121033767599656], [74.7668796505827, 34.120171192397684]], [[74.78689559525299, 34.11653254721894], [74.77686525060726, 34.116102326345974], [74.78544957302718, 34.11260444359627], [74.78689559525299, 34.11653254721894]], [[74.76771802179915, 34.13989939751201], [74.78749476850545, 34.118160194831546], [74.78840483156517, 34.12063237121855], [74.76771802179915, 34.13989939751201]], [[74.92772155659438, 34.19592640349812], [74.91892875032698, 34.175623675431154], [74.93173487065833, 34.19047534153237], [74.92772155659438, 34.19592640349812]], [[74.93074978447899, 34.202918629346904], [74.93020279575217, 34.20165562376725], [74.93235413799005, 34.202076398805346], [74.93074978447899, 34.202918629346904]], [[75.01103430809475, 34.16077200932994], [74.94371051474882, 34.19611469068945], [74.95537693896236, 34.18485579219678], [75.01103430809475, 34.16077200932994]]]}}, {"type": "Feature", "properties": {"name": "Jharkhand", "st_code": "jharkhand"}, "geometry": {"type": "Polygon", "coordinates": [[[85.95750998457805, 22.465437060417315], [86.01820636361929, 22.42586339162878], [85.99786661957887, 22.341516593918907], [86.04435746309981, 22.308586679744504], [85.9739754916584, 22.247059734839702], [86.03112048681955, 22.189865673378897], [85.90940487565709, 21.974665795660215], [85.76605810813419, 21.994885918398882], [85.79576059149478, 22.08067701059009], [85.83837719805564, 22.07952157500502], [85.80964327393507, 22.11562893703836], [85.6830848665725, 22.057279439992488], [85.65628806093196, 22.093386802025822], [85.54522660140971, 22.089631636374357], [85.36604314200609, 22.15895777147836], [85.3663659950861, 22.122850409445025], [85.31470950228506, 22.120250679378625], [85.2381933223235, 22.00990658100475], [85.09839793868068, 22.10580773456529], [84.98443080143836, 22.08587647072289], [85.02833882031926, 22.12227269165249], [85.07095542688012, 22.274501329985036], [85.11680056424105, 22.294432593827437], [85.07644392924023, 22.35624839762851], [85.06966401456009, 22.490856643288783], [84.88951199591645, 22.42066393149598], [84.88014925659625, 22.448972103330114], [84.83688694387538, 22.431351710657847], [84.81009013823484, 22.453304986774114], [84.75003946535362, 22.41893077811838], [84.53534216714928, 22.427018827213846], [84.48013429046817, 22.41344245908931], [84.42944635690714, 22.352493231977043], [84.29158809174436, 22.342960888400242], [84.15631265122161, 22.40766528116398], [84.1408157033813, 22.47381396840905], [84.01199732445869, 22.527541723114652], [84.00941449981865, 22.57318142872479], [84.08399356130015, 22.638174680384793], [84.22023756106292, 22.66734942890773], [84.23218312502316, 22.739853011870668], [84.28932812018431, 22.766428030327205], [84.39651534274647, 22.927322435547747], [84.37456133330603, 22.979028177979483], [84.2192690018229, 22.978739319083218], [84.18569228150221, 23.027267613656022], [84.14953273654147, 22.96545180985495], [84.13339008254115, 23.083017380635493], [84.03782557085921, 23.149743785673095], [84.07463082197997, 23.33345804369871], [84.05106254713948, 23.374476006968578], [84.00683167517859, 23.355411319814976], [83.96227795013769, 23.385452645026714], [83.97099498329787, 23.466910853773918], [84.02813997845902, 23.545769332454725], [84.01651726757879, 23.634449013608595], [83.93192976061708, 23.620583786587797], [83.9377411160572, 23.569166903052327], [83.80730847173456, 23.587653872413394], [83.72272096477285, 23.68586589714407], [83.74596638653331, 23.71966238800727], [83.70528689845248, 23.82076300170061], [83.57130287024978, 23.862069823866747], [83.58583125885008, 23.88633397115315], [83.55354595084943, 23.89817718590008], [83.51577214048866, 24.02729711253129], [83.45152437756735, 24.04289549292969], [83.43150748660695, 24.08593546847343], [83.3301316194849, 24.102111566664362], [83.4092306240865, 24.26647227864011], [83.38049669996592, 24.31355627873158], [83.45733573300747, 24.36468430337078], [83.40503353404642, 24.404835689951852], [83.39986788476631, 24.497848254549723], [83.5031808703684, 24.525578708591325], [83.71852387473275, 24.503336573578792], [83.87252479389588, 24.53193360430919], [83.93612685065716, 24.54955399698146], [84.00844594057862, 24.642855420475602], [84.0520311063795, 24.610503224093733], [84.10820754230065, 24.477628131811056], [84.1456584995814, 24.53742192333826], [84.17826666066206, 24.505358585852658], [84.18827510614226, 24.553309162632928], [84.25671995910365, 24.52702300307266], [84.29675374102446, 24.56081949393586], [84.32613337130505, 24.490049064350522], [84.29739944718447, 24.449031101080653], [84.34195317222537, 24.393281334101182], [84.43073776922716, 24.356596254275313], [84.42428070762703, 24.32973237692251], [84.50337971222864, 24.32915465912998], [84.49627694446849, 24.28640354248251], [84.56762747514993, 24.409168573395853], [84.66545195839191, 24.39097046293105], [84.68643740859234, 24.456830291279854], [84.80266451739469, 24.53048930982786], [84.83882406235543, 24.512580058259324], [84.83979262159545, 24.452497407835853], [84.8872520243564, 24.46318518699772], [84.90404038451675, 24.372194634673715], [84.97506806211818, 24.374794364740115], [85.0796724600403, 24.43343272068225], [85.08774378704047, 24.370461481296115], [85.17523697172223, 24.42245608262412], [85.16135428928195, 24.46058545693132], [85.22624775836326, 24.46318518699772], [85.28823554972452, 24.522978978524925], [85.39187138840661, 24.529911592035326], [85.38024867752638, 24.55475345711426], [85.52391829812929, 24.52095696625106], [85.58074044021043, 24.600682021620663], [85.6679107718122, 24.57901760440066], [85.6488624400918, 24.684451101538002], [85.70729884757299, 24.72460248811907], [85.73829274325362, 24.819348206094546], [85.86711112217623, 24.804616402384944], [85.94104447749773, 24.735001408384672], [86.05533446782003, 24.77977453730601], [86.03693184225966, 24.740778586310007], [86.09407683742081, 24.744822610857742], [86.12862211698152, 24.698605187455072], [86.13249635394159, 24.603570610583333], [86.32265681806544, 24.586816794599862], [86.2761659745445, 24.46578491706412], [86.45276660930807, 24.37248349356998], [86.49958030590902, 24.509980328192924], [86.60838179387122, 24.608481211819864], [86.65196695967211, 24.57035183751266], [86.73494020123378, 24.579595322193196], [86.77335971775456, 24.6177246965004], [86.81081067503531, 24.599237727139332], [86.80209364187515, 24.57035183751266], [86.9131551013974, 24.547820843603862], [86.94156617243796, 24.652098905156134], [87.04778483576011, 24.609347788508664], [87.09556709160108, 24.802883249007344], [87.07587305372068, 24.81819277050948], [87.15658632372231, 24.88087515099935], [87.14560931900209, 25.019238562311095], [87.24117383068402, 25.116872869249235], [87.29541314812512, 25.088564697415098], [87.32737560304577, 25.223750660867907], [87.47814799140882, 25.194287053448704], [87.49364493924914, 25.30376457513378], [87.54304146049013, 25.280944722328712], [87.58436665473097, 25.34911542184765], [87.61180916653151, 25.312719200918046], [87.69187673037314, 25.31156376533298], [87.71092506209352, 25.25754715173111], [87.7787242088949, 25.25061453822071], [87.79583542213524, 25.087409261830032], [87.95435628441845, 24.97330999780469], [87.96049049293858, 24.921315396476686], [87.89075422765717, 24.855166709231614], [87.90011696697735, 24.823103371746015], [87.86912307129673, 24.82396994843481], [87.86912307129673, 24.774863936069476], [87.83651491021607, 24.76590931028521], [87.83490064481603, 24.789306880882812], [87.8181122846557, 24.754932672227074], [87.90786544089751, 24.72142504026014], [87.88849425609712, 24.6792516414052], [87.91432250249764, 24.637078242550267], [87.87525727981685, 24.613680671952665], [87.91141682477759, 24.610214365197464], [87.90883400013753, 24.585661359014797], [87.85201185805639, 24.55388688042546], [87.77162144113476, 24.58363934674093], [87.8087495453355, 24.547531984707593], [87.7942211567352, 24.501314561304923], [87.82715217089587, 24.497270536757192], [87.80100107141536, 24.382593554939316], [87.70608226589343, 24.260406241818508], [87.63860597217206, 24.25405134610064], [87.63828311909205, 24.21476653620837], [87.69833379197327, 24.187324941063036], [87.69510526117321, 24.149195566755832], [87.5759724746508, 24.161038781502768], [87.61019490113149, 24.132441750772365], [87.55886126141046, 24.08131372613316], [87.49751917620921, 24.11799880595903], [87.51107900556948, 24.03538516162676], [87.437791356408, 24.012854167717958], [87.46039107200846, 23.98830116153529], [87.32737560304577, 24.00043323517849], [87.33706119544597, 24.033940867145425], [87.1362465796819, 24.03682945610809], [87.0968585039211, 24.107022167900897], [87.00968817231934, 24.146306977793166], [86.9535117363982, 24.041740057344626], [86.88668114883686, 24.06947051138623], [86.83857603991588, 24.050405824232627], [86.8146849119954, 24.08304687951076], [86.77271401159454, 24.066293063527294], [86.69781209703304, 24.11279934582623], [86.69716639087302, 24.16537166494677], [86.68070088379268, 24.12926430291343], [86.56996227735044, 24.141685235452897], [86.52895993618962, 24.054449848780358], [86.46632643866835, 24.019209063435824], [86.5828764005507, 23.98310170140249], [86.77981677935469, 23.855137210356347], [86.82759903519566, 23.75172572549287], [86.80047937647511, 23.694820522928335], [86.59837334839102, 23.674022682397133], [86.5279913769496, 23.6301161301646], [86.3894874056268, 23.670267516745668], [86.37173048622644, 23.711285480015537], [86.18415284674263, 23.724284130347538], [86.16155313114218, 23.82798447410728], [86.07115426874036, 23.92215247429022], [85.96751843005826, 23.894422020248616], [85.94588727369782, 23.93861743137742], [85.88938798469668, 23.956526682945952], [85.83482581417557, 23.84069426554301], [85.76315243041412, 23.944683468199017], [85.7121416437731, 23.924174486564084], [85.67662780497237, 23.986856867053955], [85.64305108465169, 23.955660106257152], [85.65887088557201, 23.93515112462222], [85.58267755869048, 23.853692915875012], [85.6133486012911, 23.798232007791807], [85.65402808937192, 23.81383038819021], [85.61464001361112, 23.765590952513673], [85.61464001361112, 23.633004719127264], [85.65209097089188, 23.608740571840862], [85.76121531193408, 23.6855770382478], [85.83902290421565, 23.565411737400858], [85.83450296109557, 23.520927467375788], [85.88519089465659, 23.48337581086112], [85.85871694209605, 23.430514632844314], [85.90262496097695, 23.398451295358715], [85.86969394681628, 23.388918951781914], [85.88357662925655, 23.350500718578445], [85.81965171941526, 23.268464792038706], [85.83644007957561, 23.220803074154702], [85.91650764341722, 23.146277478917895], [86.0437117569398, 23.144833184436564], [86.04920025929991, 23.106126092336826], [86.14605618330187, 23.075218190436292], [86.18544425906266, 23.005314337539755], [86.54703970866998, 22.989427098245084], [86.52540855230954, 22.94725369939015], [86.43565539606773, 22.925878141066413], [86.46729499790837, 22.90103627598748], [86.4195127420674, 22.790981036509873], [86.51055731062924, 22.7049010854224], [86.55995383187025, 22.713277993414135], [86.63517859951176, 22.66561627553013], [86.65842402127224, 22.57578115879119], [86.7659340969144, 22.57578115879119], [86.80080222955512, 22.487968054326117], [86.7507600021541, 22.48247973529705], [86.7510828552341, 22.455904716840514], [86.84567880767602, 22.399866090964778], [86.83341039063578, 22.32562935462424], [86.88797256115687, 22.297321182790103], [86.88700400191686, 22.25774751400157], [86.81339349967537, 22.267568716474635], [86.80306220111515, 22.244460004773302], [86.79208519639494, 22.26641328088957], [86.80209364187515, 22.217884986316765], [86.78175389783473, 22.236949673470367], [86.75689421067423, 22.21124123170263], [86.65519549047217, 22.2366608145741], [86.64647845731199, 22.2678575753709], [86.53444843854973, 22.301076348441573], [86.49667462818896, 22.347293771844242], [86.43274971834767, 22.30656466747064], [86.28326874230464, 22.447816667745048], [86.11829081842131, 22.48681261874105], [86.04629458157986, 22.56682653300692], [85.95750998457805, 22.465437060417315]], [[85.114540592681, 22.663594263256265], [85.15748005232187, 22.831998999779742], [85.19977380580272, 22.814378607107475], [85.33989204252556, 22.882260447730143], [85.45385917976786, 22.801957674568005], [85.51649267728914, 22.807157134700805], [85.53263533128946, 22.86868407960561], [85.60140303733085, 22.89410366247708], [85.54845513220978, 22.930499883406682], [85.60301730273088, 22.963429797581085], [85.59300885725068, 23.00213688968082], [85.65499664861194, 23.005025478643486], [85.62690843065137, 23.07001873030349], [85.58009473405042, 23.064241552378157], [85.61786854441118, 23.081861945050424], [85.61431716053112, 23.11536957701736], [85.48291595696845, 23.124035343905362], [85.4654818906481, 23.180651687573633], [85.33763207096551, 23.2078044238227], [85.31890659232513, 23.166208742760297], [85.28662128432448, 23.2043381170675], [85.23044484840335, 23.198560939142165], [85.22721631760328, 23.267020497557372], [85.15780290540188, 23.28464089022964], [85.08838949320047, 23.24275635027097], [85.04351291507956, 23.186428865498964], [85.05448991979979, 23.119991319357627], [84.99379354075856, 23.076373626021358], [84.94439701951755, 22.96718496323255], [85.01155046015892, 22.945231687116284], [85.01219616631893, 22.916923515282146], [84.9857222137584, 22.92010096314108], [85.00638481087881, 22.802246533464274], [84.97958800523827, 22.784914999688272], [85.05836415675986, 22.737542140700533], [85.04125294351952, 22.681792373721063], [85.07353825152018, 22.568270827488256], [85.114540592681, 22.663594263256265]]]}}, {"type": "Feature", "properties": {"name": "Karnataka", "st_code": "karnataka"}, "geometry": {"type": "Polygon", "coordinates": [[[76.35229301375229, 11.738389719531625], [76.28015872280366, 11.812569529606762], [76.22357632027058, 11.808339979032302], [76.19048719598223, 11.871132537560818], [76.12000736124803, 11.850310134732709], [76.11372042763324, 11.9801248023642], [76.00320275251015, 11.93132229573582], [75.87018447287096, 11.952144698563929], [75.8010282031083, 12.037061060097308], [75.80268265932271, 12.079356565841904], [75.71466558871569, 12.070572114648796], [75.70341528645766, 12.108312719774743], [75.66172298985433, 12.098552218449067], [75.63591347290941, 12.148330775210015], [75.59256672009167, 12.147029375033258], [75.53267540512974, 12.200386782280287], [75.48502706615452, 12.289858044432314], [75.41421634017743, 12.289532694388127], [75.42149594752087, 12.372822305700561], [75.36590621871643, 12.411864311003264], [75.36590621871643, 12.457738667233942], [75.42248862124953, 12.472704769266644], [75.41620168763474, 12.499708822934348], [75.3364568980998, 12.464245668117725], [75.26961686703733, 12.549487379695295], [75.32520659584176, 12.59210823548408], [75.27325667070905, 12.61683483884246], [75.22031407184768, 12.568357682258268], [75.2017841622462, 12.628872790477459], [75.13759126112679, 12.64481494264273], [75.15248136705655, 12.682230197724488], [75.08531044475119, 12.705330050861921], [75.08531044475119, 12.673771096575567], [75.04659616933381, 12.666613395603406], [75.05023597300554, 12.719320102762056], [74.98240326821441, 12.73851575536922], [75.0025876340303, 12.791222462527868], [74.86493687699075, 12.760314208329895], [74.69783679933457, 13.347571038091397], [74.66971104368946, 13.634855127110457], [74.61015061997043, 13.866829708617356], [74.51518483326285, 13.98688387492317], [74.39440952961036, 14.418623383562235], [74.3553643629501, 14.50907069584683], [74.31003226267505, 14.521433997526021], [74.26304570618558, 14.719246824393053], [74.23425816805472, 14.748202978325892], [74.20183082625213, 14.719897524481432], [74.11910801553124, 14.774556331905217], [74.09296760734344, 14.804163185926434], [74.12473316666026, 14.80546458610319], [74.12506405790315, 14.840602390875624], [74.085688, 14.900792149050625], [74.16179298586322, 14.911854050553057], [74.16344744207764, 14.958053756827924], [74.20149993500924, 14.925518752409005], [74.25245718641331, 14.958704456916301], [74.29646572171683, 15.041343368140359], [74.2726415522292, 15.09762892578509], [74.3169809787756, 15.18644948784874], [74.25146451268466, 15.258677197658741], [74.33617267086285, 15.294791052563744], [74.32326791239039, 15.367669462462123], [74.26900174855749, 15.419074769444016], [74.25113362144178, 15.491627829298208], [74.27826670335823, 15.52286143354037], [74.41327033045471, 15.47405892691199], [74.42650598017005, 15.398577716660096], [74.54463415387949, 15.416797319134693], [74.61412131488503, 15.358559661224826], [74.74085266090943, 15.410941018339287], [74.7272861199512, 15.489025028944694], [74.77824337135526, 15.459418174923478], [74.81397962558668, 15.504967181109965], [74.79809684592827, 15.548564087031316], [74.84111270750313, 15.574917440610642], [74.83052418773086, 15.610380595427266], [75.01946308741736, 15.643891649978752], [75.05983181904917, 15.681957605148888], [75.05652290662033, 15.632504398432129], [75.09192826960886, 15.607777795073751], [75.10814194051015, 15.671871753779023], [75.20277683597484, 15.649097250685779], [75.20277683597484, 15.681632255104699], [75.2361968515061, 15.679029454751184], [75.27391845319481, 15.64877190064159], [75.27458023568057, 15.740520613102944], [75.31825787974121, 15.745075513721591], [75.30369866505433, 15.812748322912945], [75.3645826537449, 15.804939921852405], [75.37484028227429, 15.845283327331865], [75.42447396870682, 15.842029826889974], [75.41421634017743, 15.784768219112674], [75.4370478359364, 15.77858656827308], [75.45392328932346, 15.881071832192678], [75.4168634701205, 16.0460243045966], [75.44498922576561, 16.05285665552457], [75.4390331833937, 16.11564921405309], [75.27590380065212, 16.120204114671736], [75.28583053793862, 16.201216275674845], [75.23222615659148, 16.210000726867953], [75.23421150404879, 16.259453933584712], [75.14817978089907, 16.282553786722147], [75.1594300831571, 16.320945091936473], [75.12964987129759, 16.331030943306338], [75.04328725690497, 16.318342291582958], [75.0350149758329, 16.38666580086269], [75.07803083740775, 16.437745757800393], [74.98835931058632, 16.453687909965666], [74.9886902018292, 16.5008636663731], [75.07141301255008, 16.567560425431886], [75.1154215478536, 16.506069267080125], [75.16207721310018, 16.534374720924585], [75.17001860292937, 16.599119379718235], [75.25869745602216, 16.607253130822965], [75.28913945036746, 16.71494399544959], [75.3625973062876, 16.714293295361212], [75.39502464809019, 16.863303615599865], [75.33579511561403, 16.869485266439458], [75.34175115798594, 16.956028378193785], [75.46550448282439, 16.988238032568518], [75.49032132604064, 16.94529182673554], [75.5677498768754, 16.96578887951946], [75.57304413676154, 17.009711135485002], [75.6422004065242, 16.95440162797284], [75.67495863956967, 16.96611422956365], [75.66966437968352, 17.038016589329462], [75.64120773279555, 17.037691239285273], [75.67694398702697, 17.065345993041355], [75.6723115096266, 17.11610059993487], [75.62532495313714, 17.17401290780055], [75.66205388109721, 17.214681663324196], [75.65775229493973, 17.263158819908387], [75.57436770173307, 17.3832129862142], [75.61374375963621, 17.391997437407312], [75.63293545172345, 17.47723914898488], [75.69084141922808, 17.40956633979353], [75.73352638956005, 17.41997754120758], [75.79308681327909, 17.369548284358256], [75.82154346016708, 17.421278941384337], [75.86091951807022, 17.385490436523526], [75.88441279631495, 17.418025440942444], [75.89069972992974, 17.356534282590687], [75.93073757031864, 17.32269787799501], [76.01379127228242, 17.352955432104608], [76.07930773837336, 17.33148232918812], [76.11901468751938, 17.370524334490824], [76.17625887253824, 17.300899425034334], [76.17030283016634, 17.352630082060415], [76.24210622987206, 17.378983435639743], [76.27651891913195, 17.334735829630013], [76.34534429765172, 17.35458218232555], [76.3539474699667, 17.314238776846093], [76.38306589934045, 17.314564126890282], [76.40920630752825, 17.37150038462339], [76.36354331601032, 17.377682035462986], [76.37148470583952, 17.43657039346123], [76.33343221290792, 17.433967593107717], [76.33078508296485, 17.470081448012717], [76.37545540075413, 17.490253150752448], [76.34567518889462, 17.492530601061773], [76.36718311968204, 17.519860004773665], [76.33144686545062, 17.596317265158127], [76.41979482730052, 17.60380031617448], [76.42939067334414, 17.64479442174232], [76.48994377079184, 17.6604112238634], [76.52336378632307, 17.759642987341103], [76.57266658151272, 17.76061903747367], [76.58193153631346, 17.705634880005697], [76.61435887811605, 17.770704888843536], [76.69079475522214, 17.680908276647315], [76.72818546566799, 17.737519184336236], [76.71428803346689, 17.7807907402134], [76.7903930193301, 17.82633974639989], [76.73844309419738, 17.856597300509485], [76.74009755041179, 17.899543506342457], [76.8042904515312, 17.87058735240962], [76.91910971281179, 17.916136358596106], [76.90554317185357, 18.009837171322594], [76.95219883710014, 18.04009472543219], [76.96642716054414, 18.098332383342058], [76.92043327778333, 18.1181787360376], [76.95186794585726, 18.188128995538275], [77.11069574244137, 18.155268641075168], [77.0977909839689, 18.196588096687194], [77.15172625655893, 18.217085149471114], [77.17488864356078, 18.284757958662468], [77.21294113649238, 18.280203058043817], [77.19937459553415, 18.315666212860442], [77.24636115202362, 18.370650370328416], [77.24172867462325, 18.412620526028824], [77.36581289070458, 18.450686481198957], [77.37276160680513, 18.401233274482202], [77.4137921209227, 18.392448823289094], [77.36581289070458, 18.307207111711524], [77.4376162904103, 18.310460612153413], [77.46508026356965, 18.2626341556576], [77.51272860254487, 18.30948456202085], [77.60537815055227, 18.281504458220574], [77.56368585394894, 18.19561204655463], [77.5987603256946, 18.093452132679218], [77.54780307429053, 18.056036877597464], [77.65600451071344, 17.968843065754758], [77.50644166893008, 17.785996340920427], [77.56864922259219, 17.74890643588286], [77.45250639634007, 17.694572978503263], [77.44324144153933, 17.583953963478937], [77.50710345141584, 17.542309157822718], [77.5282804909604, 17.575494862330018], [77.59379695705134, 17.564432960827585], [77.59677497823729, 17.53417540671799], [77.68876274375891, 17.511075553580557], [77.68843185251603, 17.475287048719743], [77.65236470704173, 17.482770099736097], [77.65732807568497, 17.506520652961907], [77.61431221411011, 17.446005544742718], [77.51305949378775, 17.430714092665824], [77.52993494717481, 17.370849684535013], [77.45349907006872, 17.374103184976903], [77.45846243871198, 17.279100972073657], [77.37243071556225, 17.195486010717033], [77.36382754324728, 17.158721455723654], [77.4637566985981, 17.109918949095274], [77.5021400827726, 17.009385785440813], [77.45416085255448, 16.91405822249338], [77.47666145707056, 16.78847310543635], [77.43960163786761, 16.789123805524728], [77.42603509690939, 16.721450996333374], [77.47401432712749, 16.716570745670538], [77.47004363221289, 16.6876145917377], [77.41875548956594, 16.668744289174725], [77.4759996745848, 16.650199336655938], [77.4621022423837, 16.585454677862288], [77.39294597262102, 16.569837875741207], [77.41677014210865, 16.517456518626748], [77.36912180313341, 16.4888257147381], [77.24172867462325, 16.473208912617018], [77.28838433986982, 16.408789603867554], [77.26522195286798, 16.404234703248907], [77.05775314358, 16.519733968936073], [77.0134137170336, 16.499562266196342], [76.98826598257445, 16.561704124636478], [76.97139052918739, 16.5037918167708], [76.86980691762214, 16.489476414826477], [76.84101937949127, 16.43058805682823], [76.76094369871346, 16.428635956563095], [76.47836257729091, 16.292314288047823], [76.28048961404656, 16.152739119090658], [76.23846642620035, 16.16510242076985], [76.25567277083029, 16.097104261534305], [76.33243953917926, 16.091898660827276], [76.2573272270447, 16.088319810341197], [76.30332110980552, 16.073353708308492], [76.3278070617789, 15.933778539351326], [76.28181317901809, 15.903195635197543], [76.34501340640884, 15.90059283484403], [76.35130034002363, 15.86382827985065], [76.37347005329683, 15.917511037141868], [76.42674354340107, 15.890181633429975], [76.45156038661734, 15.845934027420244], [76.41284611119997, 15.796806170747676], [76.44725880045986, 15.73433896226335], [76.59715253348611, 15.699526507535104], [76.59946877218628, 15.673823854044159], [76.69046386397926, 15.648121200553211], [76.68880940776485, 15.59573984343875], [76.81090827638887, 15.54758803689875], [76.8344015546336, 15.627949497813482], [77.02532580177741, 15.837474926271325], [77.06536364216632, 15.82738907490146], [77.04914997126502, 15.730434761733079], [77.12889476079997, 15.666015452983618], [77.12161515345652, 15.631202998255374], [77.08323176928204, 15.659183102055644], [77.03062006166354, 15.634456498697265], [77.02995827917778, 15.50268973080064], [76.97469944161622, 15.510498131861182], [77.06370918595191, 15.327976757071042], [77.11301198114155, 15.333833057866446], [77.16727814497445, 15.263557448321581], [77.1262476308569, 15.240132245139957], [77.16529279751715, 15.183521337451037], [77.15205714780181, 15.119102028701576], [77.08256998679626, 15.006205563367924], [77.04418660262178, 15.009784413854007], [77.0494808625079, 15.033209617035627], [76.87708652496558, 15.030281466637925], [76.83605601084803, 15.079409323310495], [76.77682647837187, 15.078433273177927], [76.76656884984249, 14.97562265921414], [76.86749067892195, 14.969766358418735], [76.85392413796373, 14.80936878663346], [76.78278252074378, 14.78594358345184], [76.80296688655967, 14.742021327486297], [76.76491439362806, 14.602120808484942], [76.86782157016485, 14.473932891074398], [76.97469944161622, 14.48532014262102], [76.94293388229941, 14.399753080999261], [76.91580080038295, 14.42057548382737], [76.88469702355191, 14.395848880468991], [76.88469702355191, 14.34769707392899], [76.95683131450052, 14.29433966668196], [76.9250657551837, 14.273842613898042], [76.93962496987058, 14.244886459965203], [77.10076900515486, 14.217231706209121], [77.13782882435781, 14.337285872514935], [77.23808887095153, 14.317439519819395], [77.28672988365541, 14.340214022912637], [77.28342097122658, 14.28262706509115], [77.36382754324728, 14.275794714163176], [77.39261508137814, 14.199012103734526], [77.41776281583729, 14.22601615740223], [77.37838675793415, 14.302798767830879], [77.40915964352232, 14.336635172426556], [77.45019015763988, 14.280674964826014], [77.498169387858, 14.27872286456088], [77.51703018870236, 14.185998101966959], [77.50346364774413, 14.15704194803412], [77.3936077551068, 14.174285500376147], [77.35158456726059, 14.131013944498983], [77.34761387234599, 14.103684540787091], [77.40088736245023, 14.118650642819794], [77.33239287517334, 14.030806130888712], [77.39029884267796, 14.016816078988576], [77.38169567036299, 13.976147323464925], [77.43794718165319, 13.975496623376547], [77.41213766470827, 13.945564419311141], [77.43496916046723, 13.914981515157358], [77.39890201499293, 13.888302811533842], [77.34794476358887, 13.915957565289924], [77.3714380418336, 13.952722120283303], [77.32213524664395, 14.030155430800333], [77.14974090910162, 14.001199276867494], [77.12757119582842, 14.04707363309817], [77.02830382296337, 14.062039735130874], [77.01473728200514, 14.1004310403452], [77.02631847550606, 14.125157643703577], [77.02598758426318, 14.174936200464526], [77.02135510686281, 14.188926252364661], [76.94756635969978, 14.198361403646148], [76.89462376083841, 14.167778499492364], [76.88602058852344, 14.138171645471147], [76.9733758766447, 14.083512838047362], [76.9310217975556, 14.030155430800333], [77.0415394726787, 13.933526467676142], [76.97800835404506, 13.826811653182084], [76.99852361110385, 13.745474142134785], [77.02433312804877, 13.77931054673046], [77.06470185968055, 13.743847391913839], [77.17290329610347, 13.762066994388434], [77.16860170994599, 13.829739803579788], [77.12823297831419, 13.856418507203301], [77.16860170994599, 13.86455225830803], [77.18481538084728, 13.925067366527221], [77.2003672692628, 13.862925508087084], [77.23577263225134, 13.904244963699114], [77.25661878055301, 13.846658005877625], [77.31154672687168, 13.866504358573167], [77.32544415907279, 13.833318654065868], [77.43265292176706, 13.843404505435734], [77.41610835962288, 13.806639950442353], [77.46342580735522, 13.806314600398164], [77.47070541469866, 13.758162793858164], [77.45548441752602, 13.68235623356208], [77.49221334548609, 13.689839284578433], [77.48493373814266, 13.714891237981], [77.52530246977445, 13.691140684755188], [77.52695692598887, 13.753282543195326], [77.56070783276299, 13.72237428899735], [77.60008389066613, 13.750679742841811], [77.62787875506834, 13.734737590676541], [77.62093003896778, 13.768573995272218], [77.68015957144394, 13.786793597746813], [77.67155639912897, 13.760440244167487], [77.7033219584458, 13.769875395448974], [77.7172193906469, 13.741244591560324], [77.7192047381042, 13.80045829960276], [77.83700202057075, 13.869757859015058], [77.82674439204135, 13.944913719222763], [77.89556977056114, 13.941009518692493], [77.92667354739218, 13.905221013831682], [77.98755753608276, 13.955650270681007], [77.95281395557998, 13.827462353270462], [78.00046229455522, 13.87301135945695], [78.04612528607315, 13.862274807998707], [78.04943419850198, 13.895785862550195], [78.12256116317924, 13.84080170508222], [78.0914573863482, 13.742220641692892], [78.1132962083785, 13.692767434976135], [78.06564786940328, 13.676174582722485], [78.0871558001907, 13.642988878215188], [78.15598117871048, 13.658605680336269], [78.20429130017148, 13.628348126226674], [78.19304099791344, 13.56490486760978], [78.23738042445983, 13.598415922161267], [78.40183337217296, 13.587354020658834], [78.36510444421288, 13.361886440035722], [78.40878208827351, 13.343016137472748], [78.37701652895669, 13.331954235970315], [78.48323261792231, 13.321217684512071], [78.53220452186908, 13.266884227132476], [78.56562453740031, 13.312107883274773], [78.57852929587277, 13.212876119797068], [78.5497417577419, 13.189776266659635], [78.5798528608443, 13.16732711361058], [78.51698352469643, 13.13153860874977], [78.53849145548386, 13.105835955258822], [78.46205557837776, 13.043368746774497], [78.4673498382639, 12.975045237494765], [78.4352533877042, 12.98122688833436], [78.4110983269737, 12.945438383473547], [78.46668805577812, 12.905420328038277], [78.46470270832083, 12.866703672779762], [78.44551101623358, 12.911927328922062], [78.38859772245762, 12.907047078259223], [78.35583948941215, 12.9408834828549], [78.3124927365944, 12.858569921675032], [78.2522705303896, 12.860522021940168], [78.23076259960216, 12.760639558374084], [78.13414235668017, 12.78211266129057], [78.05770647957407, 12.852062920791248], [78.02395557279995, 12.856617821409898], [78.00972724935596, 12.805863214516382], [77.95215217309422, 12.857268521498275], [77.9203866137774, 12.828312367565438], [77.92998245982102, 12.890454226005573], [77.83600934684209, 12.870282523265843], [77.79233170278147, 12.842302419465572], [77.80854537368276, 12.796753413279085], [77.73905821267722, 12.672795046443001], [77.5987603256946, 12.667264095691785], [77.58023041609312, 12.55176483000462], [77.61629756156742, 12.509143974215835], [77.58353932852195, 12.478886420106239], [77.63449657992601, 12.487996221343536], [77.61762112653895, 12.374449055921506], [77.55144287796224, 12.291159444609072], [77.47897769577075, 12.27131309191353], [77.4720289796702, 12.207869833296638], [77.73144771409089, 12.180215079540556], [77.77644892312306, 12.112216920305013], [77.67552709404357, 11.952144698563929], [77.49486047542916, 11.944010947459198], [77.42735866188092, 11.76083887258068], [77.24967006445246, 11.81322022969514], [77.11069574244137, 11.77352752430406], [77.11764445854192, 11.721146167189598], [77.01275193454784, 11.814846979916087], [76.96973607297298, 11.77710637479014], [76.90785941055375, 11.795325977264735], [76.83506333711938, 11.65542545826338], [76.84697542186318, 11.594585], [76.57663727642732, 11.614756702739731], [76.51178259282214, 11.705204015024327], [76.45817821147502, 11.664535259500678], [76.41681680611457, 11.671692960472841], [76.41383878492861, 11.758886772315545], [76.35229301375229, 11.738389719531625]]]}}, {"type": "Feature", "properties": {"name": "Kerala", "st_code": "kerala"}, "geometry": {"type": "Polygon", "coordinates": [[[76.82834704326436, 10.307292387818942], [76.87326803993633, 10.29757708958391], [76.91192955346548, 10.234427651056201], [76.98188848270873, 10.219481038386922], [77.05037459238893, 10.261705219177639], [77.01539512776732, 10.222470360920777], [77.0890361059181, 10.184730163930846], [76.98851617074229, 10.160441918343267], [76.92665774909564, 10.178377853546403], [76.86443112255823, 10.073004234227978], [76.76943426074374, 10.066278258526802], [76.83939318998698, 10.024427743052819], [76.78305784170163, 10.035264037238047], [76.7657522118362, 9.980708900995173], [76.71641275647518, 9.985192884795959], [76.69763430704673, 9.910459821449559], [76.62914819736652, 9.912701813349951], [76.6276753778035, 9.850673370772439], [76.77863938301259, 9.807328194031527], [76.88762803067573, 9.716901187382383], [76.93475825669222, 9.62086920098226], [76.89204648936477, 9.629837168583826], [76.88541880133121, 9.539410161934683], [76.97747002401967, 9.497559646460699], [77.00950384951526, 9.408627301078482], [77.0658391978006, 9.417221603363318], [77.06068432933004, 9.447114828701878], [77.10192327709449, 9.46804008643887], [77.18108732860657, 9.472150404922923], [77.24589138937924, 9.38172339827378], [77.22453550571552, 9.29615404074215], [77.28271187845463, 9.273360456421498], [77.28197546867312, 9.298769697959274], [77.2886031567067, 9.274107787054962], [77.25251907741281, 9.18965942547353], [77.26798368282448, 9.153413889750526], [77.19728834379973, 9.046545609165175], [77.14684427376645, 9.021510032944132], [77.19286988511068, 8.926225377177472], [77.25730574099262, 8.87578055941865], [77.22932216929532, 8.783858891502579], [77.17004118188395, 8.742008376028595], [77.28381649312689, 8.546955080694492], [77.26172419968167, 8.506225561170703], [77.20133859759802, 8.500994246736456], [77.2271129399508, 8.446812775810315], [77.150526322674, 8.384410667916072], [77.17961450904355, 8.322755890655293], [77.09787302329619, 8.292489], [76.98630694139777, 8.375816365631236], [76.68180149674431, 8.776011919851207], [76.54777491650991, 8.902684462223355], [76.32022429402402, 9.482613033791418], [76.24069203762117, 9.982203562262102], [76.16778746925192, 10.18174084139699], [76.21381308059614, 10.193324466215682], [76.16300080567211, 10.18360916798065], [75.9100440457242, 10.793430964887273], [75.74840209868326, 11.318430734895733], [75.69795802864998, 11.425299015481084], [75.61805756735639, 11.477238494506832], [75.5532535065837, 11.702558680496228], [75.35626389003038, 11.860245444157133], [75.25169370105628, 12.008590574899737], [75.201249631023, 12.006348582999344], [74.95455235421791, 12.54928428821094], [74.95013389552886, 12.636348307009495], [74.92804160208364, 12.611686396105185], [74.86912881956302, 12.758910530897591], [75.00352360468817, 12.791045748136543], [74.9825359259152, 12.738358938477331], [75.05028562581391, 12.719302007324], [75.04660357690638, 12.666615197664788], [75.08526509043553, 12.673714838682695], [75.08526509043553, 12.705476390604915], [75.15264658544349, 12.682309140967533], [75.13755018492259, 12.6445689439776], [75.20161783591375, 12.628875000674856], [75.2203962853422, 12.568341219364271], [75.27341778961076, 12.616917710539433], [75.32533467920706, 12.592255799635119], [75.26973574070323, 12.54965795352767], [75.33638082592968, 12.464088595996044], [75.41591308233251, 12.499586801085584], [75.42254077036608, 12.47268289828088], [75.36583721718998, 12.457736285611599], [75.36583721718998, 12.412149116970296], [75.42143615569381, 12.372914258713436], [75.41407205787874, 12.2895868930822], [75.48476739690348, 12.289960558398931], [75.53263403270148, 12.200654547699983], [75.59228322500361, 12.146846742090576], [75.63609960700333, 12.148341403357504], [75.66150574446534, 12.098643916232149], [75.70311289712053, 12.10835921446718], [75.71489545362465, 12.070619017477249], [75.80289642251482, 12.079586985078816], [75.80105539806105, 12.036989138971368], [75.86990971263204, 11.952167112073205], [76.00319988308493, 11.931615519652944], [76.11366135031109, 11.979818345511372], [76.1199208334539, 11.8505301459221], [76.1902479675879, 11.871455403659093], [76.2237546126465, 11.808305965131385], [76.28008996093185, 11.812416283615436], [76.31838326957025, 11.75150883698812], [76.4137483362755, 11.758608478006028], [76.42737191723339, 11.726099595450345], [76.4034385993344, 11.711152982781064], [76.44394113731731, 11.647256213619892], [76.30218225437707, 11.571402154323296], [76.27898534625957, 11.600921714345125], [76.2333279398061, 11.568039166472708], [76.24731972565475, 11.467896861588532], [76.28450841962089, 11.482843474257812], [76.4185349998553, 11.441740289417293], [76.50800878830849, 11.354302605302005], [76.54777491650991, 11.358786589102788], [76.54556568716538, 11.300494799692597], [76.45314625958616, 11.23958735306528], [76.45830112805672, 11.187647874039532], [76.4991718709304, 11.211562454310382], [76.53378313066126, 11.185779547455873], [76.62877999247576, 11.194373849740709], [76.69726610215598, 11.23921368774855], [76.73555941079438, 11.215672772794433], [76.69505687281145, 11.166722616302541], [76.74807837708, 11.135334729697053], [76.746605557517, 11.056865013183334], [76.80073167645781, 11.053875690649477], [76.71567634669367, 11.040423739247125], [76.65565894950079, 10.939160438412753], [76.82834704326436, 10.872648012034457], [76.90677468499493, 10.782221005385313], [76.86590394212125, 10.68469435771826], [76.88210495731443, 10.639107189076958], [76.81030500361742, 10.623786911090946], [76.84307523889451, 10.536722892292389], [76.82834704326436, 10.307292387818942]]]}}, {"type": "Feature", "properties": {"name": "Ladakh", "st_code": "ladakh"}, "geometry": {"type": "Polygon", "coordinates": [[[77.25437350355779, 32.86371752239283], [77.18807678418952, 32.92890980038388], [77.15695791591462, 32.91172733951802], [77.14951644741409, 32.977930350501175], [77.01015803731343, 32.98904841341437], [76.93303736376258, 33.02846700010663], [76.9093599639882, 33.09416464459373], [76.8166798562999, 33.15986228908083], [76.84306324461993, 33.24678532640222], [76.73752969133982, 33.260935588291744], [76.62861365237765, 33.434781662934526], [76.58125885282888, 33.4261904325016], [76.45001840836515, 33.563144752932395], [76.41484055727177, 33.53939252761783], [76.35869129494967, 33.603574072616766], [76.30795400971884, 33.60963847056942], [76.30998350112807, 33.57173598336532], [76.2247448619403, 33.547478391554705], [76.20512644498439, 33.56920915088505], [76.22948034189517, 33.629853130411604], [76.28427660994447, 33.661185853166984], [76.26533469012496, 33.74659279100021], [76.16994859389101, 33.79510797462145], [76.02247221815342, 33.99725457304329], [75.85673041973273, 33.96945941576029], [75.86214239682401, 34.017469232885475], [75.7126365296772, 34.115004966624014], [75.69166511844846, 34.23123926071657], [75.65513427308227, 34.242862690125826], [75.59492602794168, 34.19839043847302], [75.4968339431621, 34.23326072670079], [75.47450953766054, 34.28076517732992], [75.39332988129122, 34.29491543921945], [75.37709395001735, 34.348484287801234], [75.46706806916, 34.38335457602901], [75.38453541851787, 34.35707551823417], [75.37235847006248, 34.406601434847516], [75.31959169342242, 34.434901958626575], [75.35747553306143, 34.529910859884836], [75.30132627073932, 34.589038739923225], [75.13152548950018, 34.64665052047345], [75.02057995912878, 34.62593049413521], [74.92519386289483, 34.66332761484325], [74.73306867615412, 34.671413478780124], [74.57138586055189, 34.76793847952655], [74.3190524286706, 34.78613167338452], [74.56800337486983, 34.87305471070591], [74.58694529468934, 35.00950366464065], [74.53553151232211, 35.03123442397099], [74.5416199865498, 35.066610078694815], [74.49832416981951, 35.10653403188313], [74.43946891895175, 35.118157461292384], [74.37993717094758, 35.05751348176584], [74.25343220643873, 35.03729882192365], [74.22231333816383, 35.08631937204095], [74.1519576359771, 35.09339450298571], [74.11339729920167, 35.15151165003199], [74.03830611706005, 35.1469633515675], [73.79544364508851, 35.24500445180209], [73.73117641712948, 35.21670392802303], [73.69938105171815, 35.35770118042227], [73.79409065081569, 35.45978521262529], [73.78394319376953, 35.52497749061634], [73.6344373266227, 35.57147120825336], [73.40578129451579, 35.56338534431649], [73.27183486150642, 35.62908298880358], [73.13518243995141, 35.71853285860524], [73.15344786263451, 35.84083155065046], [73.08850413753905, 35.88277696982299], [72.92885081334606, 35.84487448261889], [72.90111443075321, 35.88126087033483], [72.82940573429364, 35.886819901791426], [72.77663895765359, 35.84335838313073], [72.6907238213294, 35.83224032021753], [72.53309998854564, 35.91663652505865], [72.59533772509545, 36.02680642119855], [72.530394, 36.07380550533163], [72.59466122795904, 36.261801841863935], [72.69342980987504, 36.24967304595862], [72.69140031846581, 36.274941370761354], [72.88284900807011, 36.38662736638942], [72.87879002525165, 36.44272304745148], [72.99108854989586, 36.45737867583706], [72.99514753271434, 36.51448508989123], [73.0607677549462, 36.53722658221369], [73.11150504017702, 36.6094939911495], [73.08444515472058, 36.69894386095116], [73.3137776839639, 36.706018991895924], [73.44095914560917, 36.744426845596074], [73.63240783521347, 36.68934189752612], [73.90097719836862, 36.70652435839198], [73.8624168615932, 36.787382997760716], [73.72305845149253, 36.833876715397736], [73.68923359467199, 36.91170315579014], [73.87797629573065, 36.89350996193218], [74.05521854547032, 36.805576191618684], [74.14181017893092, 36.839435746854335], [74.16819356725095, 36.90210119236511], [74.26019717780285, 36.88592946449136], [74.42932146190559, 36.98952959618255], [74.53147252950365, 36.98599203071017], [74.5774743347796, 36.94808954350608], [74.58559230041652, 37.044614544252504], [74.70803828210691, 37.076958], [74.7513340988372, 37.010754989016846], [74.83927872657064, 37.021873051930044], [74.92113488007637, 36.905638757837494], [75.01787397058312, 36.97588470078908], [75.09499464413398, 36.94202514555342], [75.20796966591462, 37.03602331381958], [75.3425925960604, 37.05168967519727], [75.35071056169733, 36.98043299925357], [75.42174276102048, 36.960218339411384], [75.41294829824713, 36.89148849594796], [75.44271417224923, 36.88643483098741], [75.47315654338772, 36.81012449008317], [75.61522094203401, 36.76110393996588], [75.7681092948629, 36.57260223693751], [75.9223506419646, 36.50185092748987], [76.07591549192989, 36.47355040371081], [76.25383423880596, 36.34720877969716], [76.35124982644915, 36.359337575602474], [76.43107648854564, 36.307790193004905], [76.43175298568205, 36.25068377895074], [76.56164043587296, 36.17235197206227], [76.64349658937869, 36.18347003497547], [76.7185877715203, 36.08290210226061], [76.80044392502603, 36.04752644753679], [76.80653239925373, 36.01821519076562], [76.72129376006595, 35.95302291277458], [76.8105913820722, 35.84436911612284], [76.93371386089899, 35.78372513659629], [77.11433859632072, 35.797370031989765], [77.22663712096494, 35.71196309415654], [77.35720106829226, 35.71701675911708], [77.42958626188823, 35.653845947110256], [77.42552727906977, 35.60987906195351], [77.48505902707393, 35.53154725506504], [77.31931722865325, 35.5320526215611], [77.43838072466157, 35.461301312113456], [77.51144241539396, 35.48808573640435], [77.72183302481777, 35.47494620750693], [77.73198048186393, 35.52396675762422], [77.89975177169386, 35.46736571006611], [77.9207231829226, 35.49415013435701], [77.98093142806317, 35.4552369141608], [77.93019414283235, 35.515375527191296], [77.96537199392571, 35.57096584175731], [77.95116555406109, 35.60634149648112], [78.13584927230129, 35.538622386009806], [78.19808700885109, 35.66850157549584], [78.25355977403679, 35.64525471667733], [78.27182519671989, 35.72156505758157], [78.38480021850052, 35.73520995297505], [78.42200756100313, 35.784735869588395], [78.52009964578271, 35.76351047675411], [78.66351703870184, 35.8570032785242], [78.82249386575842, 35.85548717903604], [78.95914628731343, 35.89187356675197], [79.02003102959041, 35.84841204809128], [79.13097655996182, 35.835777885689915], [79.19253779937522, 35.88631453529537], [79.21418570774037, 35.97829123757731], [79.376545020479, 35.994968331947106], [79.42051733434572, 35.89591649872041], [79.73576499991321, 35.8014129639582], [79.8697114329226, 35.78271440360418], [79.99756939170426, 35.83729398517808], [80.10648543066644, 35.68063037140115], [80.28981615463381, 35.60684686297718], [80.326347, 35.46938717605033], [80.27966869758764, 35.44058128577522], [80.26952124054148, 35.34405628502879], [80.18157661280804, 35.166167278417575], [80.1727821500347, 35.00192316719983], [80.07130757957306, 34.828077092557045], [80.0672485967546, 34.714369630944766], [79.85888747874002, 34.68859593964598], [79.77432533668865, 34.627446593623375], [79.79123776509893, 34.589038739923225], [79.75673641114196, 34.55416845169546], [79.8088266906456, 34.53092159287694], [79.79259075937175, 34.48493324173598], [79.59167110985769, 34.50059960311367], [79.50710896780632, 34.473815178822775], [79.52672738476224, 34.417719497760714], [79.55987574444637, 34.409633633823844], [79.58422964135717, 34.24387342311793], [79.5057559735335, 34.20546556941779], [79.49290252794168, 34.13572499296225], [79.41848784293649, 34.07760784591597], [79.42525281430059, 34.016963866389425], [79.16953689673724, 34.07255418095543], [79.1113581430059, 34.019490698869696], [79.02070752672682, 34.050318055129026], [78.95035182454009, 34.02858729579868], [78.90435001926414, 33.976029180209], [79.01529554963554, 33.778430880251655], [79.05859136636585, 33.77994697973982], [79.019354532454, 33.70565810481979], [79.08971023464075, 33.686454177969715], [79.1052696687782, 33.616713601514185], [78.91314448203748, 33.62732629793133], [78.93208640185699, 33.432254830454255], [78.98755916704269, 33.33320299722755], [79.10932865159667, 33.29176294455108], [79.45366569402985, 33.25840875581147], [79.37586852334259, 33.08456268116869], [79.39210445461646, 33.03604749754745], [79.33054321520305, 33.01178990573683], [79.42051733434572, 32.96125325613137], [79.62549596667823, 32.73889199786735], [79.44690072266575, 32.53219710098102], [79.31904276388407, 32.59233571401152], [79.23651011324193, 32.50541267669013], [79.1357120399167, 32.47660678641502], [79.11338763441513, 32.38412471763702], [79.03220797804582, 32.385640817125186], [78.98011769854217, 32.337631], [78.82587635144047, 32.43870429921092], [78.77513906620965, 32.557970792279804], [78.79543398030198, 32.59789474546812], [78.76634460343631, 32.69745194519087], [78.6608110501562, 32.65399042653018], [78.61954472483512, 32.596378645979954], [78.57218992528635, 32.61760403881425], [78.45853840636931, 32.57970155161015], [78.32662146476918, 32.47205848795053], [78.29482609935786, 32.503896577201964], [78.31309152204096, 32.5736371536575], [78.40509513259285, 32.619625504798464], [78.38750620704616, 32.75708519172532], [78.30429705926761, 32.73434369940286], [78.31241502490454, 32.70907537460013], [78.24611830553627, 32.67167825389209], [78.14261424366539, 32.68178558381318], [78.14734972362027, 32.654495793026236], [78.11081887825408, 32.662581656963106], [78.0871414784797, 32.624173803262956], [78.04655165029503, 32.644893829601195], [78.01610927915654, 32.619625504798464], [77.91869369151337, 32.690882180742165], [77.92613516001389, 32.77224618660696], [77.78068827568552, 32.86573898837705], [77.81113064682401, 32.906673674557474], [77.71303856204443, 32.98247864896567], [77.46882309580006, 32.85866385743229], [77.40523236497744, 32.88292144924291], [77.37276050242971, 32.82328820270847], [77.25437350355779, 32.86371752239283]], [[77.45461665593544, 33.203829174237576], [77.42231309267532, 33.19686805890473], [77.46308393349857, 33.1989831430988], [77.45461665593544, 33.203829174237576]], [[77.41943880484207, 33.196248676796756], [77.4032028735682, 33.16996961900192], [77.41985248809726, 33.19633782166376], [77.41943880484207, 33.196248676796756]]]}}, {"type": "Feature", "properties": {"name": "Lakshadweep", "st_code": "lakshadweep"}, "geometry": {"type": "MultiPolygon", "coordinates": [[[[73.01179107789908, 8.276365280823581], [73.01054391192092, 8.277868679842666], [73.01201783534965, 8.277033458165397], [73.01179107789908, 8.276365280823581]]], [[[73.01405865240484, 8.30225715281892], [73.01394527367955, 8.302090108483466], [73.01371851622898, 8.302424197154373], [73.01405865240484, 8.30225715281892]]], [[[72.28866156801416, 10.045531837614725], [72.28423979772793, 10.041188684892925], [72.29058900634405, 10.053215877045599], [72.28866156801416, 10.045531837614725]]], [[[72.33605387518442, 10.107505286068081], [72.33741441988786, 10.105333709707182], [72.3343531943051, 10.100990556985384], [72.33605387518442, 10.107505286068081]]], [[[72.32811736441428, 10.138742576797942], [72.33231237724992, 10.130223315689797], [72.32732371333726, 10.12988922701889], [72.32811736441428, 10.138742576797942]]], [[[72.6172331138979, 10.542154646918856], [72.64421725051638, 10.57840326771233], [72.64965942933019, 10.563536321856942], [72.6172331138979, 10.542154646918856]]], [[[72.164852, 10.812933514689458], [72.16870687665978, 10.814938046714904], [72.16882025538507, 10.812933514689458], [72.164852, 10.812933514689458]]], [[[72.19467060475066, 10.871399032098285], [72.20430779640012, 10.8785819385228], [72.17006742136323, 10.81827893342398], [72.19467060475066, 10.871399032098285]]], [[[72.28469331262909, 10.93754858893799], [72.28888832546474, 10.946568983052494], [72.28956859781646, 10.935711101247998], [72.28469331262909, 10.93754858893799]]], [[[72.31711962806138, 10.949742825426116], [72.32550965373267, 10.95041100276793], [72.31541894718205, 10.943562185014326], [72.31711962806138, 10.949742825426116]]], [[[72.33038493892003, 10.951580313116107], [72.33321940705223, 10.951914401787015], [72.3315187261729, 10.950578047103384], [72.33038493892003, 10.951580313116107]]], [[[72.33299264960165, 10.954921199825183], [72.33492008793154, 10.95525528849609], [72.33389967940396, 10.953083712135193], [72.33299264960165, 10.954921199825183]]], [[[72.33412643685453, 10.959264352546983], [72.3352602241074, 10.956424598844269], [72.3343531943051, 10.956424598844269], [72.33412643685453, 10.959264352546983]]], [[[72.73367306476837, 11.136331348128005], [72.72029437518442, 11.113947407177196], [72.7185936943051, 11.1273109540135], [72.73367306476837, 11.136331348128005]]], [[[72.79024904868693, 11.260445289370175], [72.76213112481558, 11.182936717719613], [72.77947806978459, 11.242571545476618], [72.79024904868693, 11.260445289370175]]], [[[73.00827633741517, 11.469584797358326], [72.99943279684273, 11.498316423056378], [73.00986363956919, 11.487458541251883], [73.00827633741517, 11.469584797358326]]], [[[72.19036221318973, 11.599044157335017], [72.18673409398052, 11.59871006866411], [72.18526017055179, 11.601716866702278], [72.19036221318973, 11.599044157335017]]], [[[72.71655287724992, 11.703948], [72.71213110696371, 11.68674243344826], [72.7057818983476, 11.682566325061915], [72.71655287724992, 11.703948]]], [[[73.05419472115668, 8.273358482785412], [73.01780015033933, 8.275363014810859], [73.07845776836825, 8.32430700509882], [73.05419472115668, 8.273358482785412]]], [[[73.63106567542047, 10.068082822900987], [73.63117905414576, 10.067915778565531], [73.6308389179699, 10.067915778565531], [73.63106567542047, 10.068082822900987]]], [[[73.63015864561818, 10.067915778565531], [73.63049878179403, 10.068249867236439], [73.63049878179403, 10.067915778565531], [73.63015864561818, 10.067915778565531]]], [[[73.63015864561818, 10.068583955907346], [73.63027202434347, 10.068249867236439], [73.6299318881676, 10.068416911571894], [73.63015864561818, 10.068583955907346]]], [[[73.63197270522278, 10.068583955907346], [73.63185932649749, 10.068249867236439], [73.63163256904691, 10.068249867236439], [73.63197270522278, 10.068583955907346]]], [[[73.6317459477722, 10.068751000242802], [73.63095229669518, 10.068249867236439], [73.63049878179403, 10.068583955907346], [73.6317459477722, 10.068751000242802]]], [[[73.63242622012393, 10.068583955907346], [73.63208608394807, 10.068583955907346], [73.63219946267336, 10.068918044578256], [73.63242622012393, 10.068583955907346]]], [[[73.63072553924461, 10.068918044578256], [73.63038540306876, 10.068918044578256], [73.63061216051932, 10.06908508891371], [73.63072553924461, 10.068918044578256]]], [[[73.63185932649749, 10.069252133249163], [73.63197270522278, 10.06908508891371], [73.63140581159634, 10.06908508891371], [73.63185932649749, 10.069252133249163]]], [[[73.63310649247566, 10.069920310590978], [73.63333324992622, 10.069252133249163], [73.63242622012393, 10.06908508891371], [73.63310649247566, 10.069920310590978]]], [[[73.63469379462968, 10.072258931287331], [73.6345804159044, 10.071590753945516], [73.63367338610209, 10.072091886951878], [73.63469379462968, 10.072258931287331]]], [[[73.6263037689584, 10.072425975622785], [73.62811782856299, 10.073762330306415], [73.6280044498377, 10.072593019958239], [73.6263037689584, 10.072425975622785]]], [[[73.63049878179403, 10.074931640654592], [73.63027202434347, 10.074263463312777], [73.62981850944232, 10.07443050764823], [73.63049878179403, 10.074931640654592]]], [[[73.64126976069637, 10.05722494109649], [73.63503393080555, 10.071256665274609], [73.65124708852169, 10.101992822998106], [73.64784572676305, 10.072425975622785], [73.64126976069637, 10.05722494109649]]], [[[73.65215411832399, 10.109509818093528], [73.65260763322514, 10.108674596416257], [73.65215411832399, 10.108674596416257], [73.65215411832399, 10.109509818093528]]], [[[73.66043076527, 10.154277699995145], [73.66428564192977, 10.141081197494294], [73.66009062909413, 10.129221049677074], [73.66043076527, 10.154277699995145]]], [[[73.67176863779876, 10.803913120574954], [73.66814051858955, 10.817610756082164], [73.701814, 10.814269869373089], [73.67176863779876, 10.803913120574954]]]]}}, {"type": "Feature", "properties": {"name": "Madhya Pradesh", "st_code": "madhya-pradesh"}, "geometry": {"type": "Polygon", "coordinates": [[[76.78800270160271, 21.470156307734506], [76.62143089850147, 21.33220911135491], [76.66248495906379, 21.280442763027978], [76.62311344196713, 21.185007595721338], [76.49019250817929, 21.191948335161822], [76.45553211278651, 21.107502671969282], [76.27886504889126, 21.069907], [76.16647114538458, 21.07887212177729], [76.13551234561628, 21.120805755896875], [76.11229324579004, 21.163028587493145], [76.17622989748546, 21.183850805814593], [76.09546781113335, 21.371250770707626], [76.04768357670835, 21.348982565002743], [75.88548638661786, 21.394675766319253], [75.54393006308706, 21.368358795940757], [75.211795982964, 21.4111600224904], [75.10781479678566, 21.46234797586396], [75.05161784503231, 21.5664590674712], [74.90187147658777, 21.629214919912233], [74.77534420796947, 21.615333441031268], [74.55425799658057, 21.681270465715855], [74.54719131402476, 21.71944453263851], [74.50546423607616, 21.726096074602303], [74.52397221419852, 21.91147165715853], [74.43950853222195, 21.976830286889744], [74.43176883227987, 22.030331820076796], [74.38802270217248, 22.03380218979704], [74.2816859551422, 21.934029060340098], [74.14640946050241, 21.95022411903456], [74.15078407351315, 21.986663001097092], [74.09492363045294, 22.01645034119583], [74.17871429504325, 22.085568538123972], [74.12453639544871, 22.097714832144817], [74.12251734328991, 22.212237032912782], [74.07237754801298, 22.219177772353266], [74.06833944369536, 22.35596817882611], [74.09963475215682, 22.369271262753703], [74.1901555906098, 22.320107691716952], [74.20361593833515, 22.366379287986835], [74.29110819854994, 22.393853048272078], [74.20159688617635, 22.434340695008228], [74.19049209930293, 22.475985131651125], [74.18409843413339, 22.441570631925398], [74.14943803874061, 22.455741308283052], [74.1194887650517, 22.418724031267143], [74.10434587386068, 22.46470643006034], [74.0757426349443, 22.464128035106967], [74.08280931750012, 22.506640064179923], [74.04074573085839, 22.48639624081185], [74.04108223955153, 22.541632958859026], [74.15078407351315, 22.521099938014263], [74.26351448571297, 22.643719668129457], [74.37893696745786, 22.63446534887548], [74.43378788443867, 22.807983834887548], [74.47618797977353, 22.852520246297313], [74.44691172347089, 22.921349245748765], [74.39307033256948, 22.89676746023039], [74.3395654503612, 22.952871770707624], [74.36413058495998, 22.981502320899615], [74.32004794615945, 23.05929644212836], [74.38600365001368, 23.111351987931982], [74.5058007447693, 23.085035017553484], [74.67136302179112, 23.200135613274824], [74.71544566059166, 23.190881294020844], [74.74909652990503, 23.224139003839824], [74.7019853128663, 23.21459548710916], [74.69962975201437, 23.268386217772903], [74.5465182966385, 23.277062142073504], [74.51421346209764, 23.328250095447068], [74.60406128316437, 23.457521367526056], [74.8473570683001, 23.552088942402634], [74.93653187198056, 23.628437076247945], [74.89985242442897, 23.684252189248493], [74.94056997629816, 23.764649087767417], [74.90355402005345, 23.79414723038947], [74.90254449397405, 23.87309814152496], [74.98229705424676, 24.025794409215578], [74.90321751136031, 24.109083282501373], [74.87966190284095, 24.173574319802523], [74.89682384619077, 24.22707585298958], [74.74976954729131, 24.256284798134942], [74.85408724216278, 24.444552355458036], [74.69761069985556, 24.483304817334066], [74.74472191689429, 24.51338135490949], [74.74337588212177, 24.571510047723535], [74.78644899484289, 24.585680724081186], [74.81572525114552, 24.657690895776195], [74.771642612345, 24.66145046297312], [74.79990934256824, 24.77915383598464], [74.88874763755555, 24.633687505211192], [74.94326204584324, 24.637736269884805], [75.01628443225327, 24.732014647284696], [75.00686218884552, 24.771923899067474], [74.86081741602545, 24.798530066922655], [74.85038564653831, 24.776261861217773], [74.83356021188162, 24.959613061437192], [74.90288100266719, 24.929825721338453], [74.95840493703426, 24.858104747120134], [75.03883051469323, 24.845380058145913], [75.11690053150028, 24.877770175534835], [75.11353544456894, 24.966842998354362], [75.16636730939094, 25.002703485463524], [75.17444351802615, 25.046372304443224], [75.35010105584199, 25.033647615469008], [75.31779622130115, 25.007909040043884], [75.33630419942351, 24.952672321996708], [75.31375811698355, 24.88528930992869], [75.28515487806717, 24.965686208447615], [75.25924370869586, 24.96076985134394], [75.29424061278178, 24.909003503017004], [75.26328181301348, 24.874878200767967], [75.42043137270696, 24.863021104223808], [75.31106604743847, 24.80084364673615], [75.2784247042045, 24.839885306088867], [75.22424680460995, 24.84393407076248], [75.2525135348332, 24.812989940756996], [75.18453877882017, 24.748498903455843], [75.21953568290608, 24.702516504662643], [75.45542827679287, 24.68053749643445], [75.58296507149058, 24.713216811300057], [75.60921274955501, 24.68140508886451], [75.75727657453389, 24.761512789906746], [75.8340005565684, 24.731436252331324], [75.84914344775942, 24.647568984092157], [75.82592434793318, 24.613732879319805], [75.91476264292051, 24.572377640153594], [75.90029276911575, 24.442238775644544], [75.83568310003406, 24.4147650153593], [75.78924490038159, 24.471447720789907], [75.72800031823125, 24.396256376851344], [75.73809557902526, 24.33465731431706], [75.81078145674216, 24.295904852441033], [75.83029896094392, 24.233438197476687], [75.77645757004251, 24.208278017004936], [75.75088290936435, 24.1434977822271], [75.79294649600607, 24.091731433900165], [75.8350100826478, 24.091731433900165], [75.83669262611346, 24.05702773669775], [75.78285123521205, 24.043435455293473], [75.7175685487441, 23.966798123971476], [75.6707938403985, 24.017986077345036], [75.59575240182967, 23.989933922106417], [75.52104747195396, 24.024637619308834], [75.47393625491523, 23.981836392759188], [75.46215845065555, 23.91445338069117], [75.56445709336822, 23.856324687877127], [75.58363808887685, 23.794725625342842], [75.65430491443495, 23.798195995063082], [75.68997483590712, 23.747008041689522], [75.69031134460026, 23.813523461327485], [75.7216066530617, 23.81178827646736], [75.7364130355596, 23.856613885353813], [75.70612725317756, 23.89912591442677], [75.78217821782579, 23.84880555348327], [75.9376452340536, 23.89652313713659], [75.981391364161, 23.928913254525508], [75.9635564034249, 24.018564472298408], [76.12709962828792, 24.08797186670324], [76.11767738488018, 24.19439653812397], [76.18531563220007, 24.3294517597367], [76.21257283634391, 24.20972400438837], [76.2812206097432, 24.206832029621502], [76.32160165291926, 24.245295294020845], [76.41245900006538, 24.200180487657708], [76.47067500397753, 24.22591906308283], [76.52754497311714, 24.15709006363138], [76.57667524231468, 24.177912281952825], [76.5847514509499, 24.24384930663741], [76.6954628109909, 24.282312571036755], [76.67594530678915, 24.19092616840373], [76.69882789792224, 24.168368765222162], [76.75637088444813, 24.168947160175534], [76.80213606671433, 24.11660241689523], [76.90140613118879, 24.1281703159627], [76.94717131345499, 24.20104808008777], [76.84150758381098, 24.322511020296215], [76.85328538807066, 24.46682056116292], [76.81626943182594, 24.533625178277564], [76.91755854845921, 24.543457892484916], [76.91688553107295, 24.483304817334066], [76.97779360453016, 24.46132580910587], [77.0548540952578, 24.526395241360397], [77.06562237343809, 24.633687505211192], [77.03466357366977, 24.708589651673066], [76.96366023941854, 24.75659643280307], [76.8556409489226, 24.74358254635217], [76.80415511887313, 24.808073583653318], [76.94952687430693, 24.869383448710916], [76.89030134431538, 24.91941461217773], [76.85698698369512, 25.002414287986834], [76.87616797920376, 25.04145594733955], [77.00033968697012, 25.07471365715853], [77.08547638633297, 25.05504822874383], [77.17465119001344, 25.11173093417444], [77.2698831501703, 25.11577969884805], [77.31127371942576, 25.079630014262207], [77.40650567958262, 25.11173093417444], [77.3933818405504, 25.159448517827755], [77.42669620117064, 25.188079068019746], [77.35535635822627, 25.263559609435], [77.37016274072417, 25.32544786944597], [77.34223251919406, 25.32168830224904], [77.36915321464477, 25.407290755348328], [77.29108319783772, 25.422618221612726], [77.23421322869811, 25.378949402633022], [77.20931158540621, 25.306071638507955], [77.08312082548105, 25.33614817608338], [77.03129848673844, 25.294503739440483], [76.93707605266097, 25.2832250378497], [76.90207914857506, 25.32342348710916], [76.72945018899742, 25.328629041689524], [76.59854830736838, 25.392252486560615], [76.55547519464724, 25.453273154141527], [76.47303056482947, 25.709212921009325], [76.522160834027, 25.728299954470653], [76.52081479925447, 25.79250179429512], [76.58239589009796, 25.87029591552386], [76.75435183228932, 25.920616276467364], [76.90073311380252, 26.092688775095997], [77.03129848673844, 26.17250727866155], [77.22176240705217, 26.23989029072957], [77.37487386242805, 26.36540199561163], [77.4441946532136, 26.3616424284147], [77.43746447935092, 26.4032868650576], [77.53841708729107, 26.411384394404827], [77.67537612539653, 26.503059994514537], [77.72618893805972, 26.502192402084475], [77.74469691618208, 26.538342086670326], [77.82377645906853, 26.55048838069117], [77.82747805469299, 26.595892384530995], [77.89444328462662, 26.615268615469006], [77.90352901934124, 26.65893743444871], [78.00044352296376, 26.69479792155787], [78.08995483533735, 26.675421690619856], [78.12360570465073, 26.746853467361493], [78.11216440908419, 26.7948602484915], [78.18350425202856, 26.783870744377403], [78.1730724825414, 26.82464758859024], [78.26527586446007, 26.813947281952828], [78.28344733388928, 26.854434928688974], [78.35848877245812, 26.869184], [78.39516822000971, 26.81712845419638], [78.43353021102696, 26.825804378496983], [78.4607874151708, 26.78763031157433], [78.57755593168822, 26.748588652221613], [78.7515309260384, 26.786762719144267], [78.87166452948716, 26.69797909380143], [78.95545519407747, 26.691905946791003], [78.94535993328346, 26.654888669775097], [79.00727753282008, 26.671372925946244], [79.01669977622782, 26.600519544157983], [78.98977908077713, 26.579118930883162], [79.0681856062773, 26.49669765002743], [79.05270620639314, 26.453607226001097], [79.13515083621093, 26.44001494459682], [79.0890491452516, 26.396635323093804], [79.08433802354772, 26.35817205869446], [79.13750639706286, 26.33850663027976], [79.11731587547483, 26.298886575973672], [79.04563952383734, 26.26042331157433], [79.06347448457342, 26.2260088118486], [78.99179813293593, 26.239022698299507], [79.0264585283287, 26.191305114646187], [78.99381718509473, 26.196799866703238], [79.00492197196814, 26.14792549314317], [78.94906152890793, 26.128549262205155], [79.01165214583082, 26.082856060888645], [78.94838851152167, 26.027619342841472], [78.93829325072765, 25.942884482172246], [78.88478836851938, 25.913964734503566], [78.85046448181973, 25.81129963027976], [78.81815964727889, 25.82922987383434], [78.82859141676603, 25.795682966538674], [78.75287696081094, 25.750857357652222], [78.81681361250635, 25.67624440866703], [78.81041994733681, 25.620429295666483], [78.71720703933875, 25.60539102687877], [78.65831801804033, 25.559987023038946], [78.49342875840478, 25.57878485902359], [78.4648255194884, 25.54552714920461], [78.44934611960424, 25.57329010696654], [78.4200698633016, 25.531356472846955], [78.43117465017502, 25.4735169775096], [78.35512368552679, 25.451537969281404], [78.30262832939792, 25.36593551618212], [78.34368238996024, 25.328339844212838], [78.31171406411252, 25.303179663741087], [78.35445066814052, 25.29219015962699], [78.35983480723065, 25.242158996160178], [78.41098412858699, 25.212660853538125], [78.39516822000971, 25.187789870543064], [78.45809534562572, 25.16465407240812], [78.42713654585742, 25.15395376577071], [78.44665405005918, 25.122142043335163], [78.33762523348383, 25.085413963795943], [78.3453649334259, 25.0119578047175], [78.17138993907574, 24.869383448710916], [78.27638065133348, 24.66318564783324], [78.26460284707379, 24.55213381678552], [78.22523132997713, 24.52234647668678], [78.26729491661887, 24.450336304991772], [78.36589196370707, 24.38584526769062], [78.32921251615548, 24.327138179923203], [78.38877455484017, 24.263514735052112], [78.51866691038981, 24.38786965002743], [78.58596864901656, 24.353744347778388], [78.66874978752749, 24.240089739440485], [78.7485023478002, 24.233149], [78.76196269552554, 24.259465970378496], [78.80368977347413, 24.179069071859573], [78.88445185982624, 24.21984591607241], [78.90969001181128, 24.29792923477784], [78.97160761134789, 24.347671200767966], [78.98574097645951, 24.441660380691168], [78.91406462482202, 24.45959062424575], [78.92045828999156, 24.49892148107515], [78.97160761134789, 24.494294321448162], [78.8831058250537, 24.641495837081735], [78.83464857324245, 24.604478560065825], [78.75186743473154, 24.600140597915527], [78.78989291705565, 24.810965558420186], [78.77003890416076, 24.858972339550192], [78.67648948746955, 24.898592393856283], [78.63173383128276, 24.957588679100386], [78.65259737025706, 25.050710266593526], [78.602121066287, 25.094957480526606], [78.5684701969736, 25.22480714755897], [78.55568286663453, 25.209190483817885], [78.57789244038136, 25.253148500274275], [78.53179074942203, 25.28409263027976], [78.45035564568364, 25.262113622051565], [78.43521275449262, 25.284381827756448], [78.49813988010865, 25.31995311738892], [78.53313678419457, 25.300866083927595], [78.55299079708945, 25.319663919912234], [78.52977169726323, 25.353500024684585], [78.58495912293716, 25.34684848272079], [78.5664511448148, 25.39080649917718], [78.6350989182141, 25.40063921338453], [78.65831801804033, 25.441126860120683], [78.71148639155547, 25.428112973669776], [78.66572120928927, 25.41538828469556], [78.66000056150601, 25.3838657597367], [78.7266292827465, 25.34337811300055], [78.77475002586463, 25.352921629731213], [78.74816583910706, 25.40989353263851], [78.82152473421023, 25.422618221612726], [78.76229920421868, 25.42695618376303], [78.73807057831304, 25.49491759078442], [78.84104223841199, 25.461659880965442], [78.82085171682395, 25.438813280307187], [78.84407081665019, 25.42782377619309], [78.86628039039702, 25.465708645639058], [78.83498508193557, 25.505907094898518], [78.88445185982624, 25.515450611629184], [78.88276931636058, 25.553913876028524], [78.95276312453241, 25.537429619857377], [78.92012178129843, 25.515450611629184], [78.94300437243153, 25.48074691442677], [78.90901699442502, 25.442283650027427], [78.96723299833715, 25.434475318156885], [78.98944257208399, 25.374033045529348], [78.93862975942079, 25.34684848272079], [78.89656617277906, 25.374033045529348], [78.95309963322553, 25.400060818431157], [78.8800772468155, 25.385890142073507], [78.78787386489685, 25.295949726823917], [78.82859141676603, 25.30260126878771], [78.80941042125741, 25.27050034887548], [78.84979146443347, 25.228855912232586], [78.8820962989743, 25.343667310477237], [78.9278614812405, 25.324001882062536], [78.96050282447449, 25.34511329786067], [78.98002032867625, 25.279176273176084], [78.88075026420178, 25.254016092704333], [78.88041375550864, 25.15771333296764], [78.94165833765899, 25.21295005101481], [79.00593149804754, 25.19501980746023], [78.97631873305177, 25.24013461382337], [78.99449020248099, 25.273103126165662], [79.06347448457342, 25.2219151727921], [79.03116965003258, 25.138337102029624], [79.09073168871726, 25.190971042786614], [79.13111273189331, 25.109417354360943], [79.18596364887412, 25.114912106417993], [79.19235731404366, 25.146145433900166], [79.24485267017253, 25.113755316511245], [79.26033207005669, 25.153086173340647], [79.28287815249666, 25.117225686231485], [79.32292268697958, 25.14932660614372], [79.27951306556533, 25.244761773450357], [79.35219894328222, 25.212082458584753], [79.35085290850968, 25.263848806911685], [79.26268763090863, 25.273392323642348], [79.29970358715335, 25.337594163466814], [79.35219894328222, 25.32978583159627], [79.3360465260118, 25.288141394953374], [79.36464976492817, 25.261246029621503], [79.36868786924578, 25.292479357103677], [79.40873240372869, 25.256040475041143], [79.46728491633398, 25.2832250378497], [79.49454212047782, 25.266740781678553], [79.4625737946301, 25.264716399341744], [79.44036422088328, 25.19877937465716], [79.39022442560633, 25.17014882446517], [79.40536731679737, 25.10623618211739], [79.477380177128, 25.127347597915524], [79.46526586417518, 25.088016741086122], [79.49151354223962, 25.079630014262207], [79.56924705035352, 25.17188400932529], [79.60020585012182, 25.128215190345585], [79.74860618379383, 25.139783089413058], [79.85999056122111, 25.09640346791004], [79.85157784389277, 25.12850438782227], [79.88152711758168, 25.14209666922655], [79.85124133519963, 25.23550745419638], [79.90743828695298, 25.25083492046078], [79.917533547747, 25.226831529895776], [79.9484923475153, 25.26876516401536], [80.00468929926865, 25.267319176631926], [80.03362904687816, 25.341932125617117], [80.13121656788695, 25.33412379374657], [80.20255641083132, 25.413942297312126], [80.25370573218765, 25.40092841086122], [80.26413750167481, 25.42406420899616], [80.31528682303114, 25.388782116840375], [80.3109122100204, 25.286406210093254], [80.40378860932533, 25.243604983543612], [80.43104581346917, 25.173908391662096], [80.357686918366, 25.142385866703236], [80.35533135751406, 25.055626623697204], [80.29105819712551, 25.059096993417445], [80.26312797559541, 25.024971691168403], [80.33110273160842, 24.9922923763028], [80.36307105745614, 25.02352570378497], [80.39638541807639, 25.0119578047175], [80.3735028269433, 25.05591582117389], [80.44888077420526, 25.078762421832145], [80.5020491477204, 25.037117985189248], [80.43306486562797, 25.02381490126166], [80.4562839654542, 24.98159206966539], [80.54949687345227, 25.002414287986834], [80.47950306528044, 25.09640346791004], [80.61309701645455, 25.06574853538124], [80.59223347748025, 25.090330320899618], [80.606703351285, 25.15048339605047], [80.63833516843958, 25.116647291278113], [80.60737636867128, 25.09813865277016], [80.68477336809205, 25.077027236972025], [80.67972573769504, 25.04868588425672], [80.78740851949786, 25.061699770707627], [80.70429087229381, 25.12850438782227], [80.80827205847216, 25.13689111464619], [80.82980861483271, 25.100163035106966], [80.83822133216105, 25.180559933625894], [80.88465953181353, 25.187211475589688], [80.91292626203676, 25.159159320351073], [80.8685071145431, 25.11577969884805], [80.87792935795085, 25.065459337904553], [80.83182766699152, 25.032780023038946], [80.85235469727267, 24.988822006582556], [80.79211964120174, 24.964818616017553], [80.81231016278976, 24.922595784421283], [80.94590411396388, 24.966264603400987], [80.95734540953042, 24.917968624794295], [81.02296460469151, 24.92751214152496], [81.01589792213571, 24.951226334613274], [81.089593325932, 24.9463099775096], [81.13973312120893, 24.887602889742183], [81.16799985143219, 24.95527509928689], [81.21847615540224, 24.93185010367526], [81.2090539119945, 24.992581573779486], [81.26390482897531, 25.053023846407022], [81.2777016853938, 25.166100059791553], [81.31337160686599, 25.163786479978057], [81.32144781550119, 25.112887724081187], [81.3345716545334, 25.169281232035107], [81.39951783230823, 25.119250068568295], [81.43821633201861, 25.13052877015908], [81.44763857542637, 25.10710377454745], [81.41230516264731, 25.103922602303896], [81.48970216206808, 25.0732676697751], [81.51830540098446, 25.10103062753703], [81.4799434099672, 25.132263955019198], [81.53647687041368, 25.160605307734503], [81.51460380535998, 25.183741105869448], [81.572483300579, 25.192127832693362], [81.6263246914804, 25.16089450521119], [81.59772145256403, 25.13139636258914], [81.60815322205119, 25.096114270433354], [81.6243056393216, 25.120117660998353], [81.64079456528516, 25.099006245200222], [81.61151830898253, 25.056205018650576], [81.66670573465646, 25.075002854635215], [81.6899248344827, 25.03885317004937], [81.73165191243129, 25.04868588425672], [81.7925599858885, 25.004438670323644], [81.90697294155399, 25.006173855183764], [81.90293483723639, 24.8916516544158], [81.96518894546614, 24.827160617114647], [82.01701128420875, 24.84595845309929], [82.11560833129695, 24.784359390565005], [82.203773608898, 24.819352285244104], [82.18425610469625, 24.795638092155787], [82.21790697400962, 24.77684025617115], [82.1778624395267, 24.732882239714755], [82.22127206094096, 24.721892735600658], [82.20713869582934, 24.747342113549095], [82.2455006868466, 24.74416094130554], [82.25088482593674, 24.769899516730664], [82.25021180855046, 24.697021752605597], [82.2296847782693, 24.681694286341198], [82.30304367337247, 24.66694521503017], [82.29665000820293, 24.60592454744926], [82.41846615511736, 24.59435664838179], [82.40635184216454, 24.68140508886451], [82.43192650284271, 24.702516504662643], [82.54061881072494, 24.647858181568843], [82.67118418366084, 24.697021752605597], [82.7065175964399, 24.63629028250137], [82.77381933506665, 24.64178503455842], [82.76540661773831, 24.595802635765224], [82.80275908267616, 24.59695942567197], [82.71930492677897, 24.552423014262207], [82.74353355268461, 24.496318703784972], [82.7135842789957, 24.380350515633573], [82.76944472205591, 24.370806998902907], [82.77280980898725, 24.30776194898519], [82.72805415280045, 24.135689450356555], [82.68296198792052, 24.154776483817884], [82.66445400979816, 24.127591921009326], [82.71392078768883, 24.074668782775646], [82.77415584375979, 24.07582557268239], [82.75093674393355, 24.01249132528799], [82.80376860875556, 24.0035262035107], [82.8121813260839, 23.9618817668678], [82.66142543155996, 23.907801838727373], [82.63517775349553, 23.837816049369174], [82.53321561947598, 23.822199385628085], [82.55138708890522, 23.790676860669226], [82.4975456980038, 23.784892911135493], [82.46591388084923, 23.81207747394405], [82.23136732173498, 23.806582721887], [82.20949425668127, 23.852854318156886], [82.17146877435715, 23.818150620954473], [82.08162095329044, 23.81641543609435], [81.92144281535874, 23.871073759188153], [81.81005843793146, 23.80831790674712], [81.72559475595487, 23.83984043170598], [81.668051769429, 23.92515368732858], [81.60983576551685, 23.904042271530447], [81.61118180028939, 23.836948456939112], [81.6959819909591, 23.7212694662644], [81.65526443908992, 23.66314077345036], [81.61454688722073, 23.66285157597367], [81.61185481767565, 23.595179366428965], [81.57652140489661, 23.585346652221613], [81.62699770886668, 23.482103153044434], [81.74679480362231, 23.569440791003842], [81.8363061159959, 23.51102290071311], [81.92076979797248, 23.53329110641799], [81.9857159757473, 23.41414174602304], [82.02542400153709, 23.424842052660452], [82.02172240591261, 23.38724638069117], [82.05604629261227, 23.376835271530446], [82.10349401834412, 23.398235884805267], [82.11695436606948, 23.355434658255625], [82.19199580463831, 23.326804108063634], [82.19300533071772, 23.277929734503566], [82.14488458759959, 23.22732017608338], [82.16137351356315, 23.143163710367528], [82.12334803123902, 23.10325445858475], [82.07320823596208, 23.11684673998903], [82.03484624494483, 23.080407857926495], [81.94230635433304, 23.07896187054306], [81.92144281535874, 23.040787803620407], [81.94634445865064, 22.95692053538124], [81.86154426798093, 22.889248325836533], [81.7757345512318, 22.874499254525507], [81.76126467742706, 22.83025204059243], [81.79424252935416, 22.76662859572134], [81.75217894271245, 22.726719343938562], [81.7696773947554, 22.672928613274824], [81.75453450356439, 22.64632244541964], [81.73266143851069, 22.67582058804169], [81.68454069539256, 22.647768432803073], [81.62195007846967, 22.538162589138782], [81.52234350530206, 22.539030181568844], [81.40658451486404, 22.440992236972026], [81.38201938026528, 22.509821236423477], [81.32817798936387, 22.52572709764125], [81.32077479811493, 22.486107043335164], [81.28140328101827, 22.502880496982996], [81.20770787722196, 22.45660890071311], [81.17271097313605, 22.487842228195284], [81.11079337359944, 22.436075879868348], [81.11886958223465, 22.29118794404827], [81.01959951776017, 22.221202154690072], [81.02195507861211, 22.132707726823917], [80.97787243981159, 22.122585815139878], [81.01118680043183, 22.09569044980801], [81.00311059179661, 22.058383975315415], [80.97013273986951, 22.057516382885353], [80.9570089008373, 22.110439521119034], [80.90787863163976, 22.109571928688975], [80.85672931028341, 21.964973190345585], [80.82543400182198, 21.95832164838179], [80.85235469727267, 21.854210556774547], [80.8197133540387, 21.7480750828305], [80.75611321103642, 21.76224575918815], [80.72616393734751, 21.713660583104772], [80.73760523291405, 21.473048282501374], [80.67097651167356, 21.338282258365332], [80.59997317742233, 21.32671435929786], [80.52762380839857, 21.394675766319253], [80.41220132665367, 21.376745522764676], [80.39604890938325, 21.407978850246845], [80.42229658744769, 21.440368967635766], [80.37619489648836, 21.523947038398244], [80.20457546299012, 21.635288066922655], [80.12145781578607, 21.610995478880966], [80.06660689880526, 21.55402357597367], [79.99863214279225, 21.53349055512891], [79.9353685084831, 21.555180365880418], [79.89229539576196, 21.518163088864508], [79.73918394038608, 21.60347634448711], [79.53896126797147, 21.541009689522767], [79.49622466394348, 21.673751331322], [79.35219894328222, 21.67780009599561], [79.23172883114032, 21.722336507405377], [79.22398913119824, 21.648591150850248], [79.15500484910582, 21.66015904991772], [79.16846519683116, 21.637023251782775], [79.09376026695547, 21.59798159243006], [78.9985283067986, 21.619093008228194], [78.91642018567396, 21.590751655512893], [78.93661070726198, 21.48577297147559], [78.8003246865428, 21.490110933625893], [78.77609606063716, 21.46437235820077], [78.75085790865212, 21.49300290839276], [78.72831182621216, 21.462058778387274], [78.51193673652713, 21.528574198025233], [78.43319370233382, 21.497051673066373], [78.42747305455055, 21.599138382336807], [78.37262213756975, 21.613309058694462], [78.36084433331006, 21.57658097915524], [78.2666218992326, 21.59161924794295], [78.27402509048154, 21.568772647284696], [78.18182170856288, 21.55662635326385], [78.17643756947274, 21.499076055403183], [77.94121799297221, 21.385710644541966], [77.80123037662855, 21.40942483763028], [77.7100365207893, 21.35736929182666], [77.69186505136007, 21.39756774108612], [77.66965547761325, 21.36893719089413], [77.65350306034283, 21.391205396599013], [77.56331873058296, 21.36893719089413], [77.53202342212153, 21.418968354360945], [77.48760427462786, 21.37443194295118], [77.42568667509124, 21.53782851727921], [77.61177598239424, 21.538406912232585], [77.57711558700144, 21.55489116840373], [77.5438012263812, 21.703827868897424], [77.47919155729952, 21.770054091058697], [77.28065142835058, 21.75877538946791], [77.28738160221326, 21.72204730992869], [77.21032111148561, 21.68965719253977], [77.17599722478596, 21.725806877125617], [77.07336207338015, 21.71944453263851], [76.99899365219758, 21.691970772353265], [76.90275216596133, 21.597692394953373], [76.79574240154477, 21.594222025233133], [76.76343756700393, 21.52076586615469], [76.78800270160271, 21.470156307734506]], [[79.37979265611919, 25.06488094295118], [79.35118941720282, 25.068929707624797], [79.35623704759982, 25.04058835490949], [79.42589434707853, 25.058518598464072], [79.36431325623504, 25.142964261656612], [79.37979265611919, 25.06488094295118]]]}}, {"type": "Feature", "properties": {"name": "Maharashtra", "st_code": "maharashtra"}, "geometry": {"type": "MultiPolygon", "coordinates": [[[[74.66515624267164, 16.665744108412923], [74.65370012732879, 16.638641370046738], [74.68878448056628, 16.608273241515953], [74.6393799831502, 16.610232475614712], [74.57243330911538, 16.55341468675066], [74.54450902796717, 16.635375979882138], [74.48937647287966, 16.63015135561878], [74.47183429626091, 16.664111413330623], [74.46682224579841, 16.606967085450112], [74.3966535393234, 16.583129737248527], [74.37982736991358, 16.528597721499697], [74.31610272831892, 16.5547208428165], [74.30643663099839, 16.50378075624873], [74.27242628857428, 16.54753698445438], [74.27851234985017, 16.50476037329811], [74.24736603626178, 16.496923436903067], [74.29104247600642, 16.50476037329811], [74.2892524579841, 16.463289918207682], [74.33257089412429, 16.45479990377972], [74.33507691935554, 16.40124750508027], [74.36371720771268, 16.40483943426133], [74.35333510318321, 16.3666343693355], [74.31717673913232, 16.381328625076204], [74.32469481482607, 16.271611515545622], [74.41455371954662, 16.282713842105263], [74.50835066391627, 16.202385244056085], [74.48436442241716, 16.091361978459663], [74.4277998529118, 16.111933936496648], [74.3615691860859, 16.054136530583214], [74.46324220975376, 16.03944227484251], [74.38698744200286, 15.905234739077423], [74.40631963664394, 15.855274269559033], [74.36479121852608, 15.893805873501321], [74.33829895179572, 15.854947730542573], [74.38304940235376, 15.849070028246292], [74.34581702748946, 15.764496422983134], [74.23841594615017, 15.743924464946149], [74.22839184522516, 15.78833377118472], [74.1729012865332, 15.773312976427556], [74.2090596505841, 15.781149912822597], [74.08805443227516, 15.672412420341395], [74.11848473865462, 15.65184046230441], [74.02110775824032, 15.606125], [73.96740721757068, 15.630288887218045], [73.93876692921353, 15.74261830888031], [73.87540029122334, 15.750781784291812], [73.8628701650671, 15.79845648069498], [73.78518338289834, 15.725311741007925], [73.65379606005993, 15.74359792592969], [73.62658778612064, 15.851682340377973], [73.58863940404741, 15.909806285307864], [73.51023661466974, 15.93723556269051], [73.45689407760455, 16.053809991566755], [73.41178562344204, 16.272917671611463], [73.4343398505233, 16.284346537187563], [73.44937600191079, 16.30916350243853], [73.40999560541972, 16.274223827677304], [73.38565136031615, 16.337245857854096], [73.43899389738134, 16.371858993598863], [73.3681091836974, 16.364022057203822], [73.4082055873974, 16.40679866836009], [73.49913850293134, 16.418227533936193], [73.46477015690276, 16.416268299837434], [73.47407825061883, 16.439126030989637], [73.36631916567508, 16.396675958849826], [73.35557905754115, 16.442391421154237], [73.38565136031615, 16.4492487404999], [73.3519990214965, 16.443697577220078], [73.3158406574456, 16.51292384870961], [73.3197786970947, 16.607620163483034], [73.3519990214965, 16.615130560861616], [73.32156871511704, 16.6438659943101], [73.34483894940722, 16.69088761268035], [73.30545855291614, 16.73039883367202], [73.30331053128936, 16.89138256878683], [73.276818264559, 16.892035646819753], [73.2957924555956, 16.98411964946149], [73.25533804829114, 17.02689626061776], [73.28755837269293, 17.05301938193457], [73.28934839071525, 17.11538833407844], [73.26751017084293, 17.112449482930298], [73.24495594376167, 17.222493131477343], [73.18982338867416, 17.298903261329], [73.2496099906197, 17.280943615423695], [73.24423993655275, 17.321760992481202], [73.16798516880183, 17.404375363645602], [73.21166160854648, 17.43768234332453], [73.13755486242238, 17.556542545315992], [73.1772932625179, 17.5826656666328], [73.11464263173666, 17.68421930075188], [73.14471493451165, 17.72242436567771], [72.99041538098753, 18.054188006401137], [72.98361331250271, 18.194599783478967], [72.93206079345985, 18.218437131680552], [72.9356408295045, 18.280806083824427], [72.96392311425717, 18.280479544807967], [72.96929316832414, 18.24325409693152], [73.06774415955182, 18.21255942938427], [73.050917990142, 18.182191300853486], [73.10533453802059, 18.140067767730137], [73.05020198293307, 18.29680649563097], [73.10282851278933, 18.265458750050804], [73.08278031093933, 18.311827290388134], [73.11285261371434, 18.32946039727698], [73.04483192886612, 18.312806907437512], [73.05306601176879, 18.270356835297704], [73.02872176666521, 18.264152593984964], [72.91416061323663, 18.3546039015444], [72.89482841859555, 18.463341394025605], [72.90592653033396, 18.540404601910183], [72.9334928078777, 18.540404601910183], [72.86547212302948, 18.651754406523064], [72.8683361518652, 18.799676580979476], [72.80317949585269, 18.90547522231254], [72.82286969409823, 18.943027209205447], [72.79136537690538, 18.948904911501728], [72.83683183467234, 19.04784623348913], [72.81964766165805, 19.120990973176184], [72.78671133004732, 19.129807526620606], [72.79995746341251, 19.32997594371063], [72.75842904529465, 19.374058710932736], [72.77489721110001, 19.41291685389149], [72.76236708494376, 19.396916442084944], [72.74410890111608, 19.461897706360496], [72.77310719307769, 19.48769428866084], [72.7186906451991, 19.539613992277992], [72.7158266163634, 19.592186773928063], [72.78921735527858, 19.597411398191426], [72.77239118586876, 19.635616463117252], [72.72943075333303, 19.601656405405407], [72.74804694076518, 19.647045328693356], [72.71833264159464, 19.634636846067874], [72.69148237125982, 19.79562058118269], [72.654608, 19.836437958240197], [72.70007445776696, 19.85896915037594], [72.66391609371607, 19.933746585145297], [72.69005035684197, 19.958563550396264], [72.7208386668259, 19.968033181873604], [72.73408480019107, 19.90990923694371], [72.75842904529465, 19.882153420544604], [72.77525521470447, 19.90043960546637], [72.77060116784644, 19.95399200416582], [72.7469729299518, 19.95203277006706], [72.77668722912233, 19.96117586252794], [72.76558911738394, 19.982400898597845], [72.71654262357232, 19.973257806136964], [72.70866654427411, 20.073831823206667], [72.73766483623572, 20.128037299939038], [72.82465971212055, 20.14175193863036], [72.8160676256134, 20.18420201077017], [72.8733482023277, 20.22665208290998], [72.96284910344377, 20.209672054054053], [72.96428111786163, 20.12607806584028], [73.01153759365093, 20.134568080268238], [73.04518993247058, 20.065341808778705], [73.06452212711164, 20.09864878845763], [73.19197141030095, 20.049667935988623], [73.22490774191166, 20.14011924354806], [73.22490774191166, 20.123465753708597], [73.2696581924697, 20.109424576000812], [73.24889398341078, 20.122486136659216], [73.29937249164024, 20.209672054054053], [73.42145172076258, 20.206733202905916], [73.41250163065097, 20.36053307965861], [73.37992330264471, 20.393186981304613], [73.49376844886437, 20.538170304612883], [73.3920954251965, 20.64919357020931], [73.44973400551527, 20.71744022464946], [73.47479425782777, 20.720379075797602], [73.4894724056108, 20.65572435053851], [73.52097672280367, 20.678582081690713], [73.61548967438225, 20.624376604958343], [73.65236404564207, 20.56461996494615], [73.7443709719894, 20.56494650396261], [73.83816791635905, 20.620458136760824], [73.81203365323316, 20.69229672038204], [73.94163095804925, 20.741277572851047], [73.96096315269031, 20.841525050904288], [73.929100831893, 20.84217812893721], [73.8879304173796, 20.93328251452957], [73.90117655074478, 20.981936827982118], [73.85034003891084, 20.99826377880512], [73.85427807855994, 21.032876914549888], [73.84926602809745, 20.999569934870962], [73.7955654874278, 21.044305780125992], [73.80737960637512, 21.08447007915058], [73.78017133243583, 21.064224660130055], [73.72969282420637, 21.08218430603536], [73.74365496478048, 21.114838207681366], [73.61799569961349, 21.118103597845966], [73.57718328870456, 21.170349840479577], [73.643055951926, 21.139328633915873], [73.8156136892778, 21.17394176966064], [73.82277376136709, 21.270597318532822], [73.94234696525817, 21.299985830014226], [73.93876692921353, 21.404804854297907], [74.04473599613497, 21.41884603200569], [74.06263617635818, 21.474357664803904], [74.10058455843141, 21.447581465454178], [74.32075677517696, 21.49852155202195], [74.33042287249751, 21.55272702875432], [74.29498051565554, 21.569053979577323], [74.1968875280323, 21.532155070717337], [74.1757653153689, 21.568727440560863], [74.00535559964389, 21.553380106787237], [73.98244336895817, 21.52170582219061], [73.95702511304121, 21.540971624161756], [73.95165505897424, 21.51256272972973], [73.85213005693316, 21.49786847398903], [73.78017133243583, 21.628157541556597], [73.8879304173796, 21.653301045824023], [73.89151045342423, 21.69150611074985], [73.82420577578495, 21.761058921255845], [73.8378099127546, 21.78914127667141], [73.79592349103227, 21.824407490449097], [73.8166877000912, 21.8407344412721], [74.12815083597516, 21.9494719337533], [74.28066037147696, 21.9331449829303], [74.3877034492118, 22.033719], [74.4317378925609, 22.030127070818942], [74.43961397185912, 21.97657467211949], [74.5241028225127, 21.911593407843935], [74.50548663508056, 21.726119246494616], [74.54737305680288, 21.719261927148956], [74.58209940643592, 21.664729911400123], [74.77506334924219, 21.615422519914652], [74.90179662522256, 21.629463697622434], [75.05180013549311, 21.56644166744564], [75.10800670139402, 21.46227572119488], [75.2064576926217, 21.41362140774233], [75.15955922043688, 21.40251908118269], [75.29560059013332, 21.41362140774233], [75.29953862978243, 21.384559435277385], [75.5436970880271, 21.36855902347084], [75.96291930885482, 21.389784059540744], [76.04812416671733, 21.348966682483237], [76.09573864611109, 21.371171335602522], [76.17628945711556, 21.1840644791709], [76.11005879028966, 21.16643137228206], [76.13547704620663, 21.120715909977648], [76.16662335979503, 21.07891891587076], [76.27903649159683, 21.069775823409877], [76.4558902722022, 21.107654349319244], [76.49025861823077, 21.192227954582403], [76.62307795548703, 21.18471755720382], [76.66245835197812, 21.280393489026622], [76.62128793746471, 21.332313192643774], [76.78561159191383, 21.465214572343022], [76.76305736483259, 21.520726205141234], [76.7959936964433, 21.59419748384475], [76.90196276336475, 21.59680979597643], [77.07344648990316, 21.719261927148956], [77.17583552077996, 21.725466168461697], [77.21020386680853, 21.68987341566755], [77.28717464176836, 21.722200778297093], [77.28037257328354, 21.758446609124164], [77.47906457376124, 21.769875474700264], [77.54386322616928, 21.70391459337533], [77.57679955777999, 21.55501280186954], [77.61152590741304, 21.538685851046537], [77.42536403309158, 21.538032773013615], [77.48765666026839, 21.374436725767122], [77.53204910722195, 21.41884603200569], [77.58753966591392, 21.36268132117456], [77.60543984613714, 21.390763676590126], [77.66988049494073, 21.3688855624873], [77.69207671841751, 21.397294456919326], [77.70961889503626, 21.3574566969112], [77.73718517258001, 21.3623547821581], [77.80090981417467, 21.40937640052835], [77.94124722712468, 21.385539052326763], [78.17609759165327, 21.499174630054867], [78.18182564932471, 21.55664549695184], [78.27383257567205, 21.568727440560863], [78.26667250358275, 21.591585171713067], [78.36297547318365, 21.574931681873604], [78.37264157050419, 21.613136746799434], [78.42741612198724, 21.59909556909165], [78.43314417965867, 21.497215395956108], [78.51190497264082, 21.528236602519815], [78.72813914973727, 21.46227572119488], [78.75069337681852, 21.492970388742126], [78.77611163273549, 21.46423495529364], [78.80045587783906, 21.49035807661045], [78.9364972475355, 21.485459991363545], [78.9164490456855, 21.59093209368015], [78.99843187110784, 21.619014449095715], [79.09366082989534, 21.597789413025808], [79.16848358322838, 21.636974095001015], [79.15487944625875, 21.660158365169682], [79.22397414192035, 21.64872949959358], [79.23185022121856, 21.722200778297093], [79.35249743592306, 21.677791472058527], [79.49641488491771, 21.673546464844545], [79.5386593102445, 21.540971624161756], [79.65214645285968, 21.55566587990246], [79.73770931432666, 21.60366711532209], [79.91993314899901, 21.51844043202601], [79.93282127875972, 21.55501280186954], [80.00048396000348, 21.533461226783174], [80.20383000733922, 21.635994477951638], [80.26683864172493, 21.618361371062793], [80.37602974108655, 21.523991595305834], [80.42221220606245, 21.440397607092056], [80.39607794293656, 21.408070244462508], [80.41218810513745, 21.37639595986588], [80.52746526577496, 21.394682144787645], [80.59978199387676, 21.32676202936395], [80.68140681569463, 21.313700468705548], [80.61374413445087, 21.22651455131071], [80.46409862778478, 21.174921386710018], [80.43903837547228, 21.096552022759603], [80.45264251244193, 21.03875461684617], [80.42436022768923, 21.008386488315384], [80.46374062418032, 20.929037507315588], [80.54608145320711, 20.93491520961187], [80.55180951087854, 20.76380876498679], [80.58796787492943, 20.683806705954076], [80.48128280079906, 20.618172363645602], [80.52066319729015, 20.580620376752695], [80.63200231827855, 20.598580022658], [80.59154791097407, 20.392860442288153], [80.62627426060712, 20.332450724243042], [80.54930348564729, 20.308613376041457], [80.51887317926781, 20.265836764885186], [80.39536193572764, 20.244938267831742], [80.42221220606245, 20.205753585856534], [80.40180600060799, 20.147303101910182], [80.50526904229818, 20.14436425076204], [80.55180951087854, 20.117914590428775], [80.55682156134104, 20.071546050091445], [80.52997129100622, 19.93962428744158], [80.41147209792852, 19.938318131375738], [80.4136201195553, 19.90729692481203], [80.49130690172407, 19.90207230054867], [80.5059850495071, 19.870724554968504], [80.40180600060799, 19.79594712019915], [80.48880087649282, 19.770477076915263], [80.48056679359014, 19.827621404795774], [80.54608145320711, 19.818478312334893], [80.55252551808746, 19.7652524526519], [80.67639476523212, 19.699291571326967], [80.66529665349373, 19.611452575899207], [80.83606437282322, 19.56639019162772], [80.85682858188214, 19.52296050243853], [80.89549297116429, 19.51969511227393], [80.898357, 19.481816586364562], [80.8743707585009, 19.445244216521033], [80.81351014574196, 19.433815350944933], [80.8532485458375, 19.363936001422477], [80.75085951496071, 19.2868727935379], [80.6896408985973, 19.28654625452144], [80.67997480127677, 19.330302482727088], [80.61302812724193, 19.309403985673644], [80.57615375598212, 19.402141066348303], [80.38927587445174, 19.23756540205243], [80.39392992130978, 19.18760493253404], [80.3334273121553, 19.14548139941069], [80.32984727611066, 19.070050886608414], [80.2732827066053, 18.992987678723836], [80.27077668137404, 18.938455662975006], [80.35168549598298, 18.81633007081894], [80.24535842545707, 18.765716523267628], [80.27292470300083, 18.72326645112782], [80.19666993524993, 18.680816378988013], [80.15764754236332, 18.701061798008535], [80.11826714587224, 18.680816378988013], [79.91420509132757, 18.82384046819752], [79.96146156711687, 18.86661707935379], [79.94033935445347, 19.031845821682587], [79.87088665518739, 19.04098891414347], [79.85835652903114, 19.10270478825442], [79.94570940852043, 19.169645286628736], [79.92422919225258, 19.225809997459866], [79.97792973292222, 19.400508371266003], [79.9449934013115, 19.470061181772], [79.77852172523559, 19.599697171306644], [79.62780220775612, 19.57324751097338], [79.59593988695879, 19.507286629648448], [79.5397333210579, 19.554634787035155], [79.47171263620967, 19.500429310302785], [79.24330633656143, 19.61667720016257], [79.23972630051679, 19.53504244604755], [79.20392594007035, 19.494225068990044], [79.22361613831589, 19.469408103739077], [79.19103781030964, 19.458958855212355], [79.09795687314892, 19.53210359489941], [78.94043528718461, 19.552022474903474], [78.97301361519087, 19.582390603434263], [78.95547143857212, 19.655861882137778], [78.85165039327745, 19.65847419426946], [78.84091028514354, 19.7619870624873], [78.71954706323012, 19.76655860871774], [78.60355389538368, 19.818478312334893], [78.51548500868546, 19.81913139036781], [78.49042475637296, 19.792681730034545], [78.30605290007382, 19.911215393009552], [78.28600469822382, 19.847866823816297], [78.3364832064533, 19.837744114306037], [78.36476549120597, 19.781252864458445], [78.34328527493813, 19.71333274903475], [78.26273446393364, 19.66500497459866], [78.30569489646936, 19.607207568685226], [78.2741905792765, 19.553655169985777], [78.30462088565596, 19.456346543080677], [78.17609759165327, 19.412263775858566], [78.17538158444435, 19.23756540205243], [78.04184623997915, 19.24344310434871], [77.94518526677379, 19.34238442633611], [77.86356044495592, 19.304179361410284], [77.90759488830503, 19.268260069599677], [77.87143652425414, 19.254871969924814], [77.8478082863595, 19.1895641666328], [77.85031431159074, 19.08866361054664], [77.80985990428627, 19.10466402235318], [77.80019380696574, 19.05111162365373], [77.76475145012377, 19.06286702824629], [77.76188742128805, 19.033151977748425], [77.77155351860858, 18.979273040032513], [77.85890639809789, 18.949231450518187], [77.84351224310592, 18.90874061247714], [77.88539866482824, 18.9041690662467], [77.94840729921397, 18.829391631477343], [77.84029021066574, 18.80457466622638], [77.78730567720503, 18.682449074070313], [77.75329533478092, 18.700735258992076], [77.73825918339341, 18.556731552733186], [77.65591835436662, 18.53093497043284], [77.6480422750684, 18.554772318634424], [77.59613175242107, 18.548894616338142], [77.60329182451036, 18.476729493700468], [77.54851727302731, 18.468566018288968], [77.58539164428714, 18.4470144432026], [77.52775306396839, 18.4421163579557], [77.55675135593, 18.417299392704734], [77.52238300990142, 18.3464404261329], [77.5717875073175, 18.308888439239993], [77.51271691258088, 18.309541517272912], [77.46223840435141, 18.263172976935582], [77.43753615564337, 18.310521134322293], [77.36557743114605, 18.30692920514123], [77.41426592135319, 18.39248242745377], [77.3730955068398, 18.40097244188173], [77.36557743114605, 18.451585989433042], [77.34517122569159, 18.433626343527738], [77.32011097337907, 18.458116769762245], [77.2417081840014, 18.412401307457834], [77.24636223085943, 18.370277774334486], [77.1994637586746, 18.316725375635034], [77.21306789564424, 18.280479544807967], [77.17511951357102, 18.28472455202195], [77.15149127567638, 18.21713097561471], [77.09743273140226, 18.19655901757773], [77.11067886476745, 18.1550885624873], [76.95208326798975, 18.188069003149767], [76.9205789507969, 18.11818965362731], [76.96640341216832, 18.09827077362325], [76.95244127159421, 18.040146828693356], [76.90554279940939, 18.009452161146108], [76.91914693637904, 17.91638854145499], [76.80422777934598, 17.87067307915058], [76.7358490908933, 17.904306597845967], [76.73835511612455, 17.856631901442796], [76.79062364237635, 17.82626377291201], [76.71436887462544, 17.780874849624063], [76.72833101519954, 17.737771699451333], [76.6907406367308, 17.68095391058728], [76.61376986177096, 17.77107867913026], [76.5822655445781, 17.705770875838244], [76.57295745086203, 17.760302891587077], [76.5231949498415, 17.759649813554155], [76.48990061462631, 17.660381952550296], [76.38035151166022, 17.659402335500914], [76.4286819982629, 17.643728462710833], [76.4197319081513, 17.603890702702703], [76.33094701424415, 17.596053766307662], [76.36746338189951, 17.519970175472466], [76.34598316563165, 17.49254089808982], [76.37533946119773, 17.4902551249746], [76.33058901063968, 17.470336244970536], [76.3334530394754, 17.43409041414347], [76.37140142154861, 17.436376187258688], [76.3635253422504, 17.377599164295876], [76.40899180001738, 17.371394922983136], [76.38321554049594, 17.314577134119084], [76.35421724853433, 17.31425059510262], [76.34526715842271, 17.35441489412721], [76.27653046636557, 17.334496014123147], [76.242162120337, 17.378578781345254], [76.17020339583966, 17.35278219904491], [76.17628945711556, 17.300862495427758], [76.11900888040127, 17.370741844950214], [76.07891247670126, 17.331557162975006], [76.01447182789768, 17.353435277077832], [75.93069898445303, 17.322740609530584], [75.89060258075303, 17.356374128225973], [75.88451651947713, 17.417763463320465], [75.86088828158249, 17.385762639707377], [75.82150788509142, 17.421028853485065], [75.79322560033873, 17.369435688884373], [75.73379700199766, 17.420049236435684], [75.69083656946194, 17.409599987908962], [75.63319798914318, 17.477193564316195], [75.61350779089764, 17.391966881020117], [75.57412739440656, 17.383476866592158], [75.65790023785122, 17.26298396951839], [75.66183827750032, 17.214656195082302], [75.62567991344943, 17.174165357041254], [75.67257838563425, 17.11604141211136], [75.67687442888783, 17.06542786456005], [75.6410740684414, 17.037672048160942], [75.66971435679854, 17.037998587177405], [75.67508441086551, 16.965506925523268], [75.64214807925478, 16.954731137980087], [75.57305338359318, 17.00958969274538], [75.5676833295262, 16.965833464539728], [75.48892253654405, 16.944281889453364], [75.46565230225387, 16.988364656675472], [75.27949042793243, 16.956363833062387], [75.28199645316367, 16.88028024222719], [75.21433377191993, 16.8417486382849], [75.18175544391366, 16.8433813333672], [75.18891551600295, 16.87505561796383], [75.13664698975116, 16.87440253993091], [75.08939051396187, 16.951792286831946], [75.02530786876275, 16.92795493863036], [74.93186892799757, 16.944608428469824], [74.96373124879489, 16.909668753708598], [74.96050921635471, 16.88093332026011], [74.9014386216181, 16.862647135338346], [74.91969680544578, 16.77219582777891], [74.77184131680201, 16.750644252692542], [74.66515624267164, 16.665744108412923]]], [[[72.97931726924914, 20.215549756350335], [72.9796752728536, 20.23416248028856], [73.0058095359795, 20.231876707173342], [73.00151349272593, 20.215876295366797], [72.97931726924914, 20.215549756350335]]]]}}, {"type": "Feature", "properties": {"name": "Manipur", "st_code": "manipur"}, "geometry": {"type": "MultiPolygon", "coordinates": [[[[93.87261025239619, 24.281078750307504], [93.86820888498404, 24.28924315902302], [93.86978080191695, 24.27258776524337], [93.87261025239619, 24.281078750307504]]], [[[93.38437285303516, 24.46526781092954], [93.36550984984028, 24.38362372377438], [93.49126320447286, 24.365662024600248], [93.47837348562302, 24.2494008444913], [93.39506188817893, 24.18506530381304], [93.37745641853037, 24.088398704621333], [93.34255986261982, 24.103094640309262], [93.33218521086263, 24.053781611667546], [93.2532749808307, 24.021123976805484], [93.24950238019171, 24.080234295905818], [93.22026472523963, 24.083500059392023], [93.20957569009586, 24.048229813740996], [93.14072572843452, 24.08774555192409], [93.09922712140578, 24.043004592163065], [93.0784778178914, 24.10178833491478], [92.97284500000002, 24.11289193076788], [93.04043742811504, 24.34214852749956], [93.00868470607031, 24.412362442452995], [93.04295249520769, 24.416934511333686], [93.05867166453676, 24.57434431136883], [93.1039428722045, 24.58512133087331], [93.07124700000001, 24.59981726656124], [93.1039428722045, 24.675582979441224], [93.07344768370609, 24.707914037954666], [93.10740108945689, 24.74122482551397], [93.10928738977638, 24.811438740467405], [93.14858531309906, 24.7875986670181], [93.19668597124603, 24.811438740467405], [93.26302086581471, 24.961337284484273], [93.24352909584667, 25.018488145492885], [93.29980372204474, 25.045920558777016], [93.38122901916935, 25.23958033350905], [93.46988513418532, 25.304242450535934], [93.45385158146966, 25.324816760499033], [93.4720858178914, 25.30326272149007], [93.4720858178914, 25.271258239325253], [93.50635360702877, 25.269298781233527], [93.50132347284347, 25.242519520646635], [93.55571179872206, 25.245785284132843], [93.60538437380194, 25.199084866280092], [93.68680967092654, 25.360087006150064], [93.82042261022366, 25.460672521525215], [93.7584890830671, 25.50410717589176], [93.76509113418533, 25.538724268845545], [93.96032321725241, 25.55080759374451], [94.01282524281152, 25.59260936636795], [94.1080834089457, 25.521742298717275], [94.17819090415337, 25.55080759374451], [94.21874636102238, 25.491697274644174], [94.32154972843452, 25.503127446845898], [94.4168078945687, 25.536764810753823], [94.42498186261982, 25.58673099209278], [94.59632080830671, 25.682091285890003], [94.55073521725241, 25.579546312423126], [94.55387905111822, 25.502474294148655], [94.67523103833867, 25.445323433140047], [94.57557150479234, 25.21378080196802], [94.73622141533548, 25.13507590195045], [94.65385296805113, 25.11548132103321], [94.73653579872206, 25.113195286592866], [94.74408100000001, 25.03710299736426], [94.69629472523962, 24.96819538780531], [94.71390019488818, 24.934884600246004], [94.63153174760384, 24.838871153751537], [94.62838791373802, 24.7559207612019], [94.59380574121407, 24.70922034334915], [94.54539069968052, 24.71052664874363], [94.53470166453675, 24.64292534457916], [94.45453390095848, 24.565853326304694], [94.42592501277956, 24.48159662836057], [94.37468052076679, 24.494333105956773], [94.40611885942494, 24.483556086452293], [94.40706200958468, 24.437182244948165], [94.3218641118211, 24.328758897206114], [94.2523853833866, 24.114198236162363], [94.19642514057509, 24.1337928170796], [94.21120115974442, 24.245155351959234], [94.15335461661343, 24.300999907573363], [94.14769571565496, 24.382643994728518], [94.02131359424922, 24.45481736777368], [94.0165978434505, 24.541360100158144], [93.95466431629394, 24.577936651203657], [93.87198148562302, 24.551157390616765], [93.88141298722046, 24.488781308030223], [93.83771369648564, 24.426731801792304], [93.86600820127796, 24.292835498857848], [93.83771369648564, 24.362722837462663], [93.80941919169331, 24.342801680196803], [93.76760620127797, 24.379378231242313], [93.80596097444091, 24.37643904410473], [93.78301098722046, 24.402565151994377], [93.8009308402556, 24.431630447021615], [93.77326510223644, 24.401911999297138], [93.69844185623005, 24.399952541205412], [93.73428156230034, 24.617452389386752], [93.6280199776358, 24.60667536988227], [93.59563848881791, 24.566179902653314], [93.56797275079875, 24.592959163240206], [93.53150427795529, 24.556709188543316], [93.47082828434506, 24.57401773502021], [93.44882144728436, 24.540706947460905], [93.39820572204475, 24.57499746406607], [93.38437285303516, 24.46526781092954]]]]}}, {"type": "Feature", "properties": {"name": "Meghalaya", "st_code": "meghalaya"}, "geometry": {"type": "Polygon", "coordinates": [[[91.38327588462064, 25.167715556976287], [91.2647236580527, 25.20692012316522], [90.85462077059172, 25.159808753711292], [90.77997677608597, 25.183858613642318], [90.73738579098564, 25.153549201126506], [90.65527739702932, 25.193083217451477], [90.44451788313074, 25.14366569704526], [90.33167372673088, 25.191765416907312], [90.1125716487405, 25.224380980375415], [89.97469980006518, 25.29949561139286], [89.83507162210738, 25.29620111003245], [89.815752, 25.38877659826009], [89.88600517129953, 25.50803754750709], [89.87722352488709, 25.549218814512273], [90.01992527908925, 25.607202038455565], [89.89478681771197, 25.744912195320886], [89.9373778028123, 25.745241645456925], [89.94835486082786, 25.825627478651036], [90.00367923322624, 25.839464384364778], [90.00807005643246, 25.88163400177808], [90.11696247194672, 25.957407533067613], [90.18677656092562, 25.944229527625954], [90.32464840960094, 25.97355058973364], [90.36240948917442, 26.008801754290076], [90.47613181021553, 26.0097901046982], [90.53496884117888, 25.949830179938658], [90.51345380746841, 25.896459257899945], [90.58765871965353, 25.958066433339695], [90.62410255226516, 25.93928777558533], [90.62190714066205, 25.897777058444113], [90.71762708655766, 25.955101382115323], [90.77822044680349, 25.90864891293348], [90.80895620924703, 25.95246578102699], [90.88447836839403, 25.95048908021074], [90.91697046012006, 25.914249565246184], [90.94726714024297, 25.94818292925845], [90.96878217395346, 25.885257953274536], [91.02542379331369, 25.885916853546618], [91.00742141816819, 25.824639128242914], [91.19578773371504, 25.861537543479553], [91.17822444089016, 25.777527758788988], [91.22257175527298, 25.722509586070068], [91.33541591167284, 25.840782184908942], [91.50885342831855, 25.866808745656215], [91.47460500731003, 25.874056648649127], [91.53695469683836, 25.931380972320337], [91.50314535815046, 25.91392011511014], [91.57998476425932, 26.03318106435714], [91.63091831345147, 26.021979759731735], [91.64057812450515, 25.96399653578844], [91.60940327974099, 25.937640524905127], [91.67043572230746, 25.90436606116494], [91.72093018917899, 25.962019834972192], [91.73102908255329, 26.058878174968374], [91.82543178148703, 26.119497], [91.87899982460291, 26.098082741157306], [91.86714460194612, 26.04207621803026], [91.91939539810015, 25.998588800072792], [91.98877040475843, 26.038781716669845], [92.13235032360183, 26.04438236898255], [92.16923323853408, 26.077656832722738], [92.2732957485215, 26.065796627825243], [92.15254811035044, 25.944558977761996], [92.15430443963294, 25.911284514021812], [92.2254357755737, 25.90930781320556], [92.15123086338858, 25.816732324977917], [92.15254811035044, 25.671444814983644], [92.38438357563888, 25.754466249266088], [92.44409877124347, 25.719873984981735], [92.50557029613056, 25.616426642264724], [92.55386935139897, 25.614779391584516], [92.58460511384251, 25.550536615056437], [92.65134562657707, 25.589411731109326], [92.64256398016462, 25.535052458662488], [92.56660273869701, 25.463561779141497], [92.59865574810243, 25.46619738022983], [92.60655922987362, 25.4134853584632], [92.65354103818018, 25.433581816761727], [92.78175307580182, 25.33342897540513], [92.79229105149673, 25.282693654454746], [92.76199437137382, 25.246783589626233], [92.8015117802298, 25.215485826702295], [92.66320084923386, 25.176610710649406], [92.62148802877476, 25.115003535209656], [92.5222554243142, 25.139382845276725], [92.53937963481845, 25.099189928679667], [92.48098168617572, 25.10874398262487], [92.46429655799209, 25.037582753239917], [92.42565731377735, 25.030005400110966], [92.08141677440967, 25.183858613642318], [91.7468360460957, 25.171668958608784], [91.64189537146703, 25.12422813901882], [91.60281704493167, 25.173645659425034], [91.47109234874506, 25.13608834391631], [91.37976322605567, 25.176940160785445], [91.35429645145959, 25.234264484456656], [91.38327588462064, 25.167715556976287]]]}}, {"type": "Feature", "properties": {"name": "Mizoram", "st_code": "mizoram"}, "geometry": {"type": "Polygon", "coordinates": [[[92.83900250662487, 22.070041290326614], [92.7057672076868, 22.15179921813476], [92.68212382281413, 22.016387650202518], [92.61010800256423, 21.97897021146774], [92.5622180852456, 22.128145462811233], [92.60522250722065, 22.124024599514453], [92.60847950411636, 22.16482114615259], [92.50926172831142, 22.74116508684046], [92.47795836925808, 22.750972741486798], [92.44991200710044, 22.89306010795983], [92.37108061927245, 22.936164338044165], [92.39182889579335, 23.057400136235476], [92.35781137266022, 23.103059301563817], [92.34641188352519, 23.236740106911412], [92.39942855521672, 23.2388005385598], [92.388089380839, 23.265915819052623], [92.45377215156945, 23.28635530100466], [92.46680013915234, 23.388635128030778], [92.55805636698996, 23.36934948780184], [92.59207389012309, 23.404541660356358], [92.67844462261712, 23.37882747338444], [92.70202769273246, 23.296904711044423], [92.73616584538023, 23.313635416029356], [92.8125846429151, 23.27283886939122], [92.8535986778983, 23.322618898016337], [92.81198149534183, 23.367948394280937], [92.88092126296799, 23.518689573677207], [92.94756906981569, 23.514074206784812], [93.05951325941689, 23.416409746651087], [93.0443742553275, 23.765611702420358], [93.14980445113726, 23.81044669508934], [93.19473894534678, 24.014099759216286], [93.24087973470289, 24.08291817627254], [93.2537267780138, 24.020116219629585], [93.34058002856645, 24.040720536113493], [93.33273911011379, 23.98311086722449], [93.39691401191102, 23.926242953728902], [93.40330737618781, 23.757534810358667], [93.44263259796583, 23.678331817794525], [93.42556352164193, 23.534184019673106], [93.39100316569287, 23.496766580938328], [93.40137730395331, 23.38352525754277], [93.35535714411188, 23.352701200082844], [93.39118410996484, 23.134707531683098], [93.29528364581296, 23.002180568058606], [93.14516021482298, 23.05847156069264], [93.11940581344382, 23.004982755100414], [93.16500376998397, 22.909131474817276], [93.1353892241358, 22.91185124459315], [93.09534022526987, 22.806934065057092], [93.09304826449139, 22.708115763200272], [93.14304919831649, 22.58308877077592], [93.10915230469803, 22.528858209790272], [93.18810432204069, 22.42418828205202], [93.20577654593785, 22.25803507392579], [93.1437126606471, 22.238254930101238], [93.1516138938571, 22.17537055619235], [93.04401236678353, 22.195068282750967], [93.06289088582727, 22.099464254265634], [93.01331215530347, 22.103008196700866], [93.00390305316026, 21.977569117946835], [92.95317834224721, 22.0276788156357], [92.908304162795, 21.944190125242905], [92.83900250662487, 22.070041290326614]]]}}, {"type": "Feature", "properties": {"name": "Nagaland", "st_code": "nagaland"}, "geometry": {"type": "Polygon", "coordinates": [[[94.17813795216962, 25.550513761386927], [94.10817078368675, 25.52189612286102], [94.01276100848283, 25.592742227992233], [93.95728199104943, 25.551211752570488], [93.76504896249043, 25.53864791126643], [93.75833494127237, 25.50409734768027], [93.80038591626966, 25.49641944466112], [93.80497972026096, 25.46326486344208], [93.68660092510054, 25.359962168275384], [93.60532593140832, 25.199075200465085], [93.47210561566061, 25.2716662835552], [93.45797083414892, 25.431157268998376], [93.39012388289281, 25.460472898707845], [93.32899095285474, 25.54318485395956], [93.4265209452854, 25.632178729863305], [93.49648811376828, 25.654514447737185], [93.64596342825442, 25.82238132738307], [93.71416374904834, 25.84471704525695], [93.68130038203365, 25.904395291451227], [93.76540233202822, 25.96895947593041], [93.79543874274056, 25.809119494895455], [93.97848416331696, 25.916959132755284], [93.95304155659592, 26.00316104392479], [94.00109981373568, 26.172423905937794], [94.10499045784661, 26.320049041260475], [94.17778458263183, 26.34622371064393], [94.18308512569871, 26.45545933087088], [94.28238196581835, 26.559460017221134], [94.3166588109842, 26.458251295605113], [94.40076076097876, 26.53433233461302], [94.40288097820552, 26.610762369212704], [94.46542738639475, 26.633098087086587], [94.46012684332787, 26.661715725612495], [94.52055303429034, 26.69940724952467], [94.59370052861335, 26.697313275973993], [94.59688085445347, 26.734655804294388], [94.62020324394777, 26.712320086420508], [94.73610845234364, 26.749662614740902], [94.8894708317455, 26.929046348915506], [94.92410104644914, 26.948590102055153], [95.01668386535073, 26.92101945030458], [95.19548885147363, 27.03514100881644], [95.23223928340403, 26.90287167953205], [95.18100070042414, 26.856106270233614], [95.242487, 26.782468200368164], [95.2099770025231, 26.728722879234137], [95.23400613109298, 26.68230646552748], [95.14919744202284, 26.615997303089397], [95.06191516618814, 26.44987540140241], [95.12905537836868, 26.384962221331442], [95.11456722731918, 26.23280014331563], [95.14248342080478, 26.211511412217085], [95.11598070547036, 26.10751072586683], [95.18559450441543, 26.07330915787245], [95.08912462059814, 25.950462709566107], [95.03081864686241, 25.93126795201824], [95.0089097355193, 25.867052763130832], [95.0499006019032, 25.800743600692748], [95.0403596243828, 25.74176334568203], [94.93646898027187, 25.668125275816582], [94.88311018006523, 25.586111311748425], [94.8983050701903, 25.565520571833442], [94.84565300905925, 25.56133262473209], [94.80784246851547, 25.493976475518668], [94.67532889184336, 25.445466088261334], [94.55412314038061, 25.50374835208849], [94.55094281454048, 25.579480395504618], [94.59334715907556, 25.6356686857811], [94.57179161727022, 25.69185697605758], [94.48874977588903, 25.604608078112733], [94.42514325908643, 25.586460307340204], [94.41666239017941, 25.53655393771575], [94.20852773241975, 25.496070449069343], [94.17813795216962, 25.550513761386927]]]}}, {"type": "Feature", "properties": {"name": "Odisha", "st_code": "odisha"}, "geometry": {"type": "Polygon", "coordinates": [[[82.33638893652554, 18.327509020161845], [82.38741041324444, 18.32913911205596], [82.30924985316442, 18.20492610972432], [82.37076510878295, 18.14885094856673], [82.33711264541516, 18.147546875051436], [82.34217860764257, 18.05886987601152], [82.26003764866958, 18.042568957070362], [82.26763659201069, 17.999208512686877], [82.17681112636214, 18.021377762446853], [82.16704105635213, 18.052675526813882], [82.03134563954653, 18.070280519270334], [81.97996230838281, 18.012575266218626], [81.80916701043016, 17.956826123439857], [81.71580856366789, 17.87564754711288], [81.69988696809604, 17.902707072555206], [81.66225410583529, 17.881515877931697], [81.61738415467823, 17.823158588122343], [81.49218251677226, 17.812726], [81.4762609212004, 17.838481451927034], [81.39194883555852, 17.815334147030587], [81.40027148778927, 17.893578557948157], [81.4447795845015, 17.8857541168564], [81.48277430120707, 17.976713244548073], [81.52547312569524, 18.258067105472502], [81.66225410583529, 18.321314670964203], [81.65899741583195, 18.346744104512414], [81.75018473592532, 18.353590490467703], [81.76936302150051, 18.418794166232342], [81.90903883719908, 18.53779087450281], [81.91084810942316, 18.570718730763957], [81.96367885836614, 18.590605851872173], [81.89384095051685, 18.65743961953093], [81.94884282612873, 18.643746847620356], [81.9701922383728, 18.69819191688383], [82.08490009737915, 18.71873107474969], [82.08888049627211, 18.76013540886024], [82.1590802585662, 18.788172989439037], [82.17608741747252, 18.90260544040598], [82.24592532532179, 18.919232377725965], [82.21733882418141, 19.09560832066932], [82.16667920190733, 19.133100434233988], [82.18621934192733, 19.166354308873956], [82.15835654967658, 19.265137877657388], [82.19418013971325, 19.326103314497328], [82.14713906188732, 19.365225519956113], [82.18947603193067, 19.42749503031134], [82.12615150408804, 19.42912512220546], [82.10009798406138, 19.516498047730078], [82.02917451287765, 19.50769555150185], [82.06535995735914, 19.790679504320394], [81.98611383394467, 19.801112092442736], [81.96802111170392, 19.859795400630915], [81.85222768936313, 19.921738892607323], [81.87611008272091, 20.05214624413661], [81.94630984501502, 20.105287239884788], [82.03243120288097, 20.01563218570841], [82.07042591958654, 20.057036519818954], [82.18441006970326, 19.98433442134138], [82.23760267309105, 20.00356950569195], [82.3454352976459, 19.83599605897682], [82.44603083330446, 19.910328249348513], [82.60343751679896, 19.866967804965025], [82.57593657899302, 19.833387911946236], [82.5943911556786, 19.775356640515703], [82.65228786684898, 19.832083838430943], [82.71127014135382, 19.8399082795227], [82.71778352136049, 19.988898678644905], [82.60271380790934, 19.990202752160197], [82.39935160992333, 20.056710501440133], [82.38668670435482, 20.14506148210122], [82.43807003551854, 20.293399844465778], [82.40043717325779, 20.340672509395144], [82.43807003551854, 20.434239784117405], [82.33204668318776, 20.562038988616102], [82.37655477989999, 20.632458958441916], [82.33964562652886, 20.874364595528732], [82.3646135832211, 20.887405330681663], [82.45978130220743, 20.826439893841723], [82.488005948903, 20.90859652530517], [82.56001498342117, 20.946740675627485], [82.62949103682564, 21.038351840076807], [82.61176016902971, 21.073561824989714], [82.6501167401801, 21.106489681250856], [82.63998481572527, 21.15441438293787], [82.88242729375129, 21.148220033740227], [82.9649301071691, 21.19321057001783], [83.00328667831948, 21.168107154848443], [82.99025991830614, 21.139743555890824], [83.07782869395136, 21.111705975312027], [83.19217469851289, 21.139091519133178], [83.22184676298771, 21.265912668495403], [83.27865791082365, 21.289385991770676], [83.26888784081365, 21.378389009189412], [83.40820180206741, 21.358501888081197], [83.3380020397733, 21.50129793800576], [83.38251013648555, 21.62029464627623], [83.44330168321446, 21.655504631189135], [83.45632844322779, 21.609862058153887], [83.48925719770595, 21.63040121601975], [83.41797187207742, 21.679956009600875], [83.49070461548521, 21.744507648607872], [83.46899334879632, 21.78721605623371], [83.49215203326447, 21.817209747085446], [83.54172609220412, 21.7983006811137], [83.54534463665227, 21.838074923330133], [83.59130015114377, 21.825034188177206], [83.57429299223746, 21.874915000137154], [83.60541247449156, 21.913711187217118], [83.53919311109041, 21.96587412782883], [83.53702198442153, 22.04444455712522], [83.606498037826, 22.0666138068852], [83.56271365000339, 22.102801846934575], [83.64955871675897, 22.223428647099162], [83.75739134131383, 22.240381602797967], [83.86413840253424, 22.343403410506102], [84.01032759823948, 22.371440991084896], [84.0472367516106, 22.46924650473186], [83.97993182487502, 22.502500379371828], [83.99730083822614, 22.53118999670827], [84.14095705281767, 22.473810762035384], [84.1561549394999, 22.407629031134274], [84.2914885018607, 22.342751373748456], [84.42935504533519, 22.35253192511315], [84.48001466760928, 22.41317134357427], [84.53537839766597, 22.427190133863668], [84.74995808344123, 22.419039674393087], [84.81038777572533, 22.453271604169522], [84.83680315019681, 22.431428372788368], [84.88022568357461, 22.449033365244823], [84.88927204469499, 22.4206697662872], [85.06947555821283, 22.49076371773419], [85.07671264710913, 22.356118127280208], [85.11687849048359, 22.294500653682622], [85.07092297599209, 22.274613532574406], [85.02858600594874, 22.122036931285145], [84.98443976368131, 22.08584889123577], [85.09842391379803, 22.106062030722807], [85.23846158394142, 22.00988660896996], [85.3231355240281, 22.12757924372514], [85.3665580574059, 22.123014986421616], [85.36619620296108, 22.15887700809217], [85.54531415314449, 22.089761111781648], [85.65604161325786, 22.093347313948705], [85.68318069661898, 22.057159273899327], [85.80982975230421, 22.115842582087502], [85.83841625344459, 22.079654542038128], [85.79571742895642, 22.0806325971746], [85.7660453644816, 21.994889763544094], [85.90933972462832, 21.974676624057054], [86.03128467253096, 22.189848754080373], [85.97374981580538, 22.247227988753256], [86.04431143254429, 22.308519443972017], [85.99799406360798, 22.341447300233163], [86.01789605807281, 22.425886060348375], [85.95710451134389, 22.464682247428335], [86.04612070476837, 22.566726], [86.11849159373136, 22.48652547880949], [86.28349722056697, 22.44772929172953], [86.43258125183073, 22.30656333369908], [86.49662948856297, 22.34731563105198], [86.53426235082374, 22.301021021259086], [86.64643722871637, 22.267767146619118], [86.65512173539193, 22.236795400630914], [86.7271307699101, 22.21723429790152], [86.72170295323788, 22.14681432807571], [86.7947975510905, 22.15724691619805], [86.83785823002347, 22.097585552873404], [86.96486914015352, 22.08584889123577], [87.02819366799613, 22.037924189548757], [87.00214014796946, 21.913385168838293], [87.03977301023022, 21.867416577424223], [87.10092641140395, 21.863830375257166], [87.09079448694912, 21.89969239692772], [87.16135610368804, 21.935554418598272], [87.17148802814286, 21.97924088136058], [87.24349706266104, 21.96391801755589], [87.26376091157067, 21.818839838979564], [87.37376466279441, 21.764068751337263], [87.4414314439748, 21.76798097188314], [87.46929423622555, 21.73211895021259], [87.48413026846296, 21.602689653819777], [87.40777898060702, 21.545636437525715], [87.38208731502516, 21.573674018104512], [87.33613180053365, 21.577260220271565], [87.39402851170405, 21.53292172075161], [87.22070023263768, 21.53618190453984], [87.06763580248096, 21.46282776930462], [86.94894754458166, 21.358501888081197], [86.85956949671237, 21.214401764641337], [86.85233240781608, 21.094427001234397], [86.97753404572204, 20.82317971005349], [86.96812583015685, 20.791881945686463], [86.86572102227423, 20.78373148621588], [86.81180470999679, 20.752759740227678], [86.80601503887976, 20.735154747771226], [86.86101691449163, 20.774928989987657], [87.02204214243429, 20.77036473268413], [87.05569460580207, 20.714941608284185], [86.75209872660233, 20.518026507474968], [86.70976175655898, 20.39609563379509], [86.78249449996679, 20.382402861884515], [86.79443569664568, 20.493901147442052], [86.80999543777273, 20.37490443917158], [86.78430377219087, 20.33219603154574], [86.53281493304448, 20.18157554052942], [86.40869885847295, 19.99476700946372], [86.37287526843626, 19.960535079687286], [86.36998043287775, 19.98140025593197], [86.37287526843626, 19.9579269326567], [86.41123183958665, 19.974553869976685], [86.38807315511849, 19.95499276724729], [85.67920029772601, 19.745036931285146], [85.35316944294775, 19.58887412782883], [84.87877826579535, 19.231231966259774], [84.76515597012346, 19.077025273076398], [84.70074587894639, 19.11875562556577], [84.70979224006678, 19.159181904539842], [84.67215937780601, 19.166354308873956], [84.66528414335453, 19.130818305582224], [84.59327510883635, 19.13342645261281], [84.623309027756, 19.085827769304622], [84.66890268780269, 19.07735129145522], [84.6160719388597, 19.066918703332878], [84.59218954550191, 19.023232240570568], [84.57084013325783, 19.074743144424634], [84.47386314204742, 18.99030438430942], [84.41922312088037, 19.022906222191743], [84.44998074868964, 18.978567722671787], [84.43478286200741, 18.92412265340831], [84.37688615083702, 18.905539605815388], [84.39027476529517, 18.877502025236595], [84.35806971970665, 18.89543303607187], [84.37218204305442, 18.86283119818955], [84.33056878190071, 18.883044337676587], [84.36277382748924, 18.840009911671924], [84.31898943966662, 18.787846971060212], [84.22418357512511, 18.799583632697846], [84.08921186720913, 18.758505316966122], [84.03638111826615, 18.8171886251543], [83.89127748589536, 18.815558533260184], [83.7932149313505, 19.018015946509397], [83.74653570796939, 18.99389058647648], [83.78597784245422, 18.9169502490742], [83.75630577797938, 18.910755899876563], [83.70962655459826, 19.00204104594706], [83.73025225795271, 19.021928167055275], [83.70021833903307, 19.025188350843507], [83.62495261451156, 19.163094125085724], [83.5826156444682, 19.058768243862296], [83.54715390887634, 19.081589530379922], [83.53521271219745, 19.01149557893293], [83.50119839438484, 19.020624093539983], [83.51169217328449, 19.07017888712111], [83.4660985132378, 19.093978228775203], [83.45994698767595, 18.955746436154165], [83.39698431427814, 19.009865487038816], [83.3086918297433, 18.999758917295296], [83.32714640642885, 18.93292514963654], [83.36514112313442, 18.964222914003567], [83.35537105312443, 18.92607876368125], [83.41290590985, 18.874567859827184], [83.40385954872963, 18.843270095460156], [83.28263830971662, 18.79860557756138], [83.26961154970328, 18.76535170292141], [83.22293232632215, 18.77545827266493], [83.21062927519844, 18.731445791523797], [83.13608725956657, 18.785890860787273], [83.01522787499837, 18.648637123302702], [82.9989444249817, 18.60853686270745], [83.05105146503506, 18.600060384858047], [83.04345252169394, 18.545289297215746], [83.09302658063359, 18.54757142586751], [83.01920827389134, 18.45726433493348], [83.06552564282765, 18.431182864627623], [83.05358444614876, 18.381628071046496], [82.9381528782528, 18.36141493155946], [82.89400663598536, 18.381628071046496], [82.8950921993198, 18.424010460293513], [82.80679971478496, 18.451396004114663], [82.77242354252755, 18.341201792072418], [82.64107037905971, 18.30273162337128], [82.63600441683231, 18.23752794760664], [82.57955512344118, 18.31577235852421], [82.6211683845949, 18.35978483966534], [82.53577073561857, 18.40640546783706], [82.56146240120043, 18.448461838705253], [82.5194872856019, 18.465740812782883], [82.53215219117043, 18.51105736743931], [82.48655853112373, 18.550179572898095], [82.3624424565522, 18.4223803683994], [82.3837918687963, 18.368261317514744], [82.33638893652554, 18.327509020161845]]]}}, {"type": "Feature", "properties": {"name": "Puducherry", "st_code": "puducherry"}, "geometry": {"type": "MultiPolygon", "coordinates": [[[[75.53289028839782, 11.706528309850633], [75.53699466515889, 11.705679773837263], [75.54207627448211, 11.698679351726966], [75.53015403722377, 11.702073495780443], [75.53289028839782, 11.706528309850633]]], [[[75.54168538145726, 11.738772678358668], [75.53797189772105, 11.76253168673301], [75.55556208383992, 11.72180195809128], [75.53113126978593, 11.708437515880714], [75.54168538145726, 11.738772678358668]]], [[[79.68124251476561, 11.79626099326444], [79.67967894266617, 11.810686105491719], [79.6841742124521, 11.811958909511771], [79.69042850084992, 11.808352631454952], [79.68124251476561, 11.79626099326444]]], [[[79.69199207294938, 11.814080249545196], [79.69687823576018, 11.818535063615384], [79.7025461846207, 11.813443847535169], [79.69199207294938, 11.814080249545196]]], [[[79.65270732395057, 11.841233401973014], [79.65505268209974, 11.840596999962987], [79.6712747426316, 11.814928785558564], [79.64645303555274, 11.821292805658835], [79.65270732395057, 11.841233401973014]]], [[[79.69590100319802, 11.860325462273824], [79.69941904042179, 11.872204966460995], [79.69902814739693, 11.861173998287194], [79.69590100319802, 11.860325462273824]]], [[[79.628471956409, 11.86987149242423], [79.60189123071825, 11.857779854233716], [79.59935042605665, 11.883023800631454], [79.66267509608458, 11.86732588438412], [79.628471956409, 11.86987149242423]]], [[[79.65485723558731, 11.953664423744451], [79.66208875654729, 11.969150205988441], [79.68202430081536, 11.972544350041918], [79.68456510547696, 11.953452289741108], [79.65485723558731, 11.953664423744451]]], [[[79.64273955181653, 11.942209187563964], [79.6706884030943, 11.931602487396848], [79.63179454712034, 11.902115860932264], [79.62769017035927, 12.031305468967746], [79.65133919836353, 12.022395840827368], [79.64273955181653, 11.942209187563964]]], [[[79.68085162174076, 11.983363184212378], [79.66130697049756, 12.012213408666936], [79.70469609625745, 12.031941870977771], [79.71955003120227, 11.992272812352756], [79.68085162174076, 11.983363184212378]]], [[[79.80593738969719, 10.879629964822215], [79.8096508734334, 10.880478500835585], [79.80789185482152, 10.878781428808846], [79.80593738969719, 10.879629964822215]]], [[[79.73655387778386, 10.95727101004551], [79.71915913817742, 10.968514112222653], [79.76391638952433, 10.960240886092302], [79.74671709643032, 11.000546346727345], [79.84502669218358, 10.995667264650471], [79.85069464104411, 10.827869268006685], [79.80789185482152, 10.855658822444532], [79.82763195257714, 10.884509046899089], [79.75629397553948, 10.891721603012728], [79.73655387778386, 10.95727101004551]]], [[[79.73968102198278, 10.9201475594606], [79.73889923593305, 10.920571827467285], [79.73889923593305, 10.920783961470628], [79.7392901289579, 10.92099609547397], [79.73968102198278, 10.9201475594606]]], [[[79.7215044963266, 10.936906145724645], [79.72169994283904, 10.935421207701248], [79.72013637073958, 10.936057609711275], [79.7215044963266, 10.936906145724645]]], [[[79.77192969653404, 11.782260149043845], [79.71310029629203, 11.791169777184223], [79.73772655685845, 11.842930473999752], [79.80691462225936, 11.83359657785269], [79.77192969653404, 11.782260149043845]]], [[[79.69609644971045, 11.919298715202993], [79.71114583116771, 11.890660624751778], [79.74065825454493, 11.905510004985741], [79.69570555668558, 11.964058989908226], [79.7123185102423, 11.986545194262513], [79.75551218948976, 12.00436445054327], [79.72345896145092, 11.976999164112108], [79.7502351336541, 11.91993511721302], [79.81258257111988, 11.977847700125476], [79.84053142239765, 11.955785763777875], [79.80769640830908, 11.836566453899483], [79.7680207662854, 11.840172731956303], [79.76391638952433, 11.877084048537869], [79.75003968714167, 11.848445958086653], [79.70997315209311, 11.889175686728382], [79.67401099380564, 11.880690326594689], [79.69609644971045, 11.919298715202993]], [[79.77368871514592, 11.885781542674904], [79.78052934308104, 11.862871070313933], [79.79675140361289, 11.894266902808598], [79.76919344535999, 11.900630922908867], [79.77368871514592, 11.885781542674904]]], [[[79.79166979428966, 12.022820108834052], [79.79401515243885, 12.025577850877502], [79.80554649667233, 12.022183706824025], [79.79323336638912, 12.0200623667906], [79.79166979428966, 12.022820108834052]]], [[[79.84971740848195, 12.051882467291952], [79.87375732951108, 12.04254857114489], [79.85714437595436, 12.006910058583378], [79.84053142239765, 12.013274078683647], [79.84971740848195, 12.051882467291952]]], [[[82.21755190659484, 16.73283138504389], [82.30550283718921, 16.74831716728788], [82.310389, 16.718830540823298], [82.26680442772768, 16.69464726444227], [82.18628046460572, 16.737074065110736], [82.22908325082831, 16.756802527421574], [82.21755190659484, 16.73283138504389]]]]}}, {"type": "Feature", "properties": {"name": "Punjab", "st_code": "punjab"}, "geometry": {"type": "Polygon", "coordinates": [[[75.70351612428186, 29.753820134277678], [75.64644542906963, 29.775398746688143], [75.57997103975993, 29.739524303555747], [75.46128993494358, 29.807766665303838], [75.34585148326428, 29.696097346079686], [75.36011915706734, 29.66265049684347], [75.33320513602975, 29.673170070393567], [75.29591462495358, 29.625157657780285], [75.3030484618551, 29.5596126225835], [75.23527701129058, 29.54208], [75.23527701129058, 29.60303958005956], [75.16847835666717, 29.66669648667043], [75.24143805225098, 29.75058334241611], [75.19085266331287, 29.84445030640163], [75.15096802972705, 29.775668479343274], [75.10070690610263, 29.807227199993577], [75.0987613142204, 29.91269266814972], [75.06990170130058, 29.877087957672455], [74.99726627103045, 29.867377582087748], [74.92657643264258, 29.950185507212904], [74.81146224627699, 29.99226380141331], [74.70672454995, 29.97688904007085], [74.65419356912963, 29.90567961911632], [74.53162128054882, 29.94910657659238], [73.89476420443047, 29.973921980864414], [73.90416789852793, 30.0499865896113], [73.97518200222953, 30.12011707994531], [73.97258787971988, 30.19806981727811], [73.95961726717164, 30.270088436198037], [73.879848, 30.359639677701463], [73.9738849409747, 30.44379626610227], [73.92654220517365, 30.438941078309917], [73.93464883801629, 30.49019028278477], [73.96415698156352, 30.45647370089342], [74.0118239826783, 30.53361724026083], [74.07213733102758, 30.5228279340556], [74.09580869892811, 30.6113002449385], [74.232648661312, 30.724587960093437], [74.28615243807346, 30.73510753364354], [74.25988694766329, 30.772600372706723], [74.30171717313135, 30.779343689084993], [74.32052456132628, 30.84650712021256], [74.38213497093041, 30.860263485624234], [74.36592170524511, 30.89290113689506], [74.42266813514364, 30.907736432927255], [74.41650709418323, 30.94037408419808], [74.54653748497928, 30.992432486638325], [74.56826326099758, 31.054740729973542], [74.59679860860369, 31.0377475727003], [74.7076973458911, 31.072003619901913], [74.68921422300987, 31.12810801216912], [74.6023111189367, 31.133232932616604], [74.60068979236817, 31.08791784655463], [74.5530227912534, 31.085490252658452], [74.54848307686152, 31.12217389375624], [74.51021976984423, 31.13188426934095], [74.55204999531229, 31.364933283373965], [74.59647434329, 31.41618248784882], [74.65451783444334, 31.425892863433525], [74.63668324218952, 31.48469458225204], [74.57539709789911, 31.50087854155989], [74.61593026211234, 31.569120903307983], [74.55529264844934, 31.607962405646816], [74.48816972851223, 31.720440922836364], [74.55950809752753, 31.757933761899544], [74.6078236292697, 31.889833030258508], [74.81892034849223, 31.95861485731686], [74.86918147211664, 32.04277144571767], [74.92463084076034, 32.06623818671405], [75.01218247546093, 32.03575839668427], [75.12275694743464, 32.08161294805651], [75.17399086700017, 32.06758684998971], [75.20252621460628, 32.120184717740216], [75.26186676701445, 32.10238236250158], [75.31634333971705, 32.208117563312854], [75.37925081057598, 32.18330215904082], [75.32704409506934, 32.214051681725735], [75.37179270836076, 32.22457125527583], [75.38152066777192, 32.269077143372414], [75.32088305410893, 32.29739907216115], [75.3413117688724, 32.346220682739826], [75.43080899545522, 32.31601062536517], [75.48917675192229, 32.34595095008469], [75.48204291502076, 32.32032634784727], [75.53489816115481, 32.278787518957124], [75.55986659031016, 32.35700998894506], [75.72264777779051, 32.4055618668686], [75.72848455343723, 32.452765081516496], [75.83614063758758, 32.510757602369615], [75.93212317044451, 32.393963362697974], [75.87407967929116, 32.39585149128389], [75.77063904421898, 32.28876762719696], [75.61791008146352, 32.23670922475672], [75.62407112242393, 32.190315208074225], [75.6558491231671, 32.197058524452494], [75.67303518479352, 32.158756487423915], [75.5945629788767, 32.070284176541016], [75.66168589881381, 32.0754090969885], [75.91039739442623, 31.950253145007807], [75.9865997431471, 31.818084143993715], [75.9366628848364, 31.815386817442405], [76.01772921326287, 31.63223834460859], [76.1685125841361, 31.40970890412568], [76.14905666531375, 31.356301838409777], [76.18051040074322, 31.30640129721058], [76.32253860814639, 31.321776058553038], [76.30762240371592, 31.342545472998108], [76.35431660888958, 31.344973066894283], [76.33096950630275, 31.401347191816622], [76.36793575206522, 31.404044518367932], [76.37474532365304, 31.435603239018235], [76.46391828492216, 31.301546109418226], [76.43959838639422, 31.27915829904237], [76.47948301998004, 31.308289425796495], [76.52390736795775, 31.258119151942168], [76.5877876347578, 31.274303111250013], [76.61210753328575, 31.247869311047197], [76.59330014509081, 31.21172513525967], [76.64161567683298, 31.222784174120033], [76.60010971667863, 31.17854801867858], [76.60205530856086, 31.123792289687028], [76.63869728900963, 31.10814779568944], [76.62475388052027, 30.998906070361464], [76.71003565802492, 30.969505210952207], [76.85692784513368, 30.794718450427446], [76.83779619162505, 30.754528284812956], [76.77164606762904, 30.794988183082577], [76.70517167831933, 30.742929780642335], [76.77651004733463, 30.670371696412147], [76.87638376395604, 30.68062153730712], [76.87119551893674, 30.642049767623412], [76.92599635695304, 30.61022131431798], [76.91626839754186, 30.55384718939564], [76.88903011119056, 30.548992001603285], [76.93118460197233, 30.500979588990003], [76.88643598868092, 30.42977016803547], [76.93799417356016, 30.393356259592814], [76.90556764218957, 30.36206727159764], [76.84687562040881, 30.438131880344525], [76.82320425250828, 30.411698080141708], [76.74797469972852, 30.42923070272521], [76.78688653737322, 30.519051676883766], [76.75186588349298, 30.552228793464856], [76.78785933331433, 30.5972741468717], [76.66301718753758, 30.583248048804897], [76.66561131004721, 30.61103051228337], [76.53460812331004, 30.710022396716376], [76.53104120485928, 30.76855438287976], [76.46943079525516, 30.74562710719364], [76.40684758970993, 30.847046585522822], [76.29919150555958, 30.867815999967895], [76.31118932216668, 30.8424611303856], [76.2619009944834, 30.786626470773523], [76.30502828120628, 30.7680149175695], [76.27584440297275, 30.734028603023017], [76.3231871387738, 30.693298972098265], [76.1737008291554, 30.679272874031465], [76.07577270441622, 30.54656440770711], [76.0634506224954, 30.488571886853986], [76.08809478633704, 30.458092096824206], [75.98919386565674, 30.368810587975908], [75.98789680440193, 30.339949193876915], [76.16689125756757, 30.320798175362626], [76.20385750333004, 30.283575068954576], [76.04918294869233, 30.186741045762616], [76.10463231733604, 30.10366338798233], [76.08744625570964, 30.054841777403656], [76.04367043835934, 30.052414183507477], [76.00670419259687, 29.983632356449125], [76.02648437673292, 29.95989588279761], [75.98984239628416, 29.94560005207568], [75.98335709001005, 29.906488817081712], [76.01999907045881, 29.868995978018532], [76.06507194906392, 29.84175297985032], [76.12279117490357, 29.857397473847907], [76.11046909298275, 29.81828623885394], [76.04853441806493, 29.746807085244278], [75.98432988595115, 29.72711660141973], [75.87018849552669, 29.749234679140454], [75.83549210696016, 29.812352120441062], [75.77939420768905, 29.822332228680903], [75.72070218590828, 29.813431051061585], [75.70351612428186, 29.753820134277678]]]}}, {"type": "Feature", "properties": {"name": "Rajasthan", "st_code": "rajasthan"}, "geometry": {"type": "Polygon", "coordinates": [[[74.78684799428765, 24.472047879569114], [74.85515558898771, 24.424167188505706], [74.78099305759908, 24.338467690732788], [74.75445067794419, 24.242012385547078], [74.8969208040329, 24.227093039780943], [74.87935599396717, 24.173660964246412], [74.90316606983404, 24.10912611976964], [74.98240287968612, 24.02585535270284], [74.9023854116089, 23.87319227974704], [74.90355639894662, 23.79408505103358], [74.94024733552837, 23.764593321030752], [74.8996531078209, 23.68409824619951], [74.93634404440265, 23.62858440148831], [74.8028514879031, 23.532476057832046], [74.66272333648983, 23.676812054081168], [74.64945214666238, 23.644544631842784], [74.51830156483827, 23.635523632077213], [74.5261081470897, 23.730591091145143], [74.56240875455887, 23.73857120632238], [74.5608474381086, 23.804840858446372], [74.51674024838798, 23.833985626919755], [74.53040176732799, 23.878396702688715], [74.48004931180624, 23.92523650916379], [74.3574859704587, 23.901296163632086], [74.14631792055737, 23.783329243620784], [74.12211751557791, 23.609154555839392], [74.06942308538072, 23.599786594544376], [74.01789964252124, 23.442266060176344], [73.93358855420574, 23.33852456287229], [73.8898716935977, 23.335401909107286], [73.82859002292393, 23.44747048311802], [73.78643447876618, 23.430122406645772], [73.75559847887301, 23.45440971370692], [73.72085918785412, 23.40999863793796], [73.6962684537621, 23.456144521354148], [73.62718020083689, 23.448511367706356], [73.65567422605463, 23.621298209369968], [73.57253412507684, 23.653565631608352], [73.52296232778022, 23.606725825133278], [73.49368764433734, 23.63240097831221], [73.50734916327735, 23.702834168789543], [73.35199817647378, 23.791309358798017], [73.35590146759951, 23.85931381856924], [73.42030577117384, 23.93009397057602], [73.40469260667098, 24.04112165999842], [73.36175640428809, 24.104615619886857], [73.32623645504405, 24.109473081299086], [73.31686855634233, 24.05361227505844], [73.24270602495369, 24.00226196870058], [73.19313422765707, 24.040774698468976], [73.21382167062337, 24.077552620590147], [73.0764258229981, 24.17921234871753], [73.13536551899645, 24.308282037671074], [73.16932415179019, 24.300301922493837], [73.21889594908681, 24.36414284391172], [73.15214967083703, 24.354427921087257], [73.0764258229981, 24.396410266150106], [73.10296820265299, 24.43284122674183], [73.08696470903755, 24.497723032748045], [72.96791432970315, 24.45088322627297], [72.94995919052485, 24.39883899685622], [72.97494025372944, 24.368653343794502], [72.91092627926767, 24.33707984461501], [72.85354789971962, 24.371429036030065], [72.72864258369665, 24.366918536147278], [72.68336440663832, 24.463720802862433], [72.57602390068108, 24.47864014862857], [72.53894263498677, 24.51958160910308], [72.49327412881587, 24.458863341450204], [72.50030005284216, 24.41688099638736], [72.45736385045926, 24.41479922721069], [72.44136035684382, 24.515071109220294], [72.38866592664662, 24.50778491710195], [72.35392663562774, 24.563645723342596], [72.2949869396294, 24.54664460839979], [72.2465861296705, 24.585504299697632], [72.33597149644945, 24.598688837816542], [72.34729104071403, 24.628527529348812], [72.165007345143, 24.621241337230465], [72.08967382641664, 24.658713182410526], [72.0584474974109, 24.712492219474502], [71.99365286472398, 24.694797181472808], [71.98818825714798, 24.657325336292747], [71.93978744718908, 24.633731952290486], [71.8718701816016, 24.681612643353898], [71.852353725973, 24.60909768369989], [71.80590456157697, 24.626792721701587], [71.7914623844118, 24.67710214347111], [71.65523752412425, 24.638936375232163], [71.60800770150307, 24.67710214347111], [71.47763777790409, 24.679530874177228], [71.37732319597315, 24.625751837113253], [71.34765818341769, 24.660794951587196], [71.2879378291942, 24.61603691428879], [71.11189939942433, 24.67571429735333], [70.93742228610475, 24.938711136672644], [70.8882408179207, 25.148275900457428], [70.66458223641708, 25.397047317069493], [70.65989828706621, 25.702026501451652], [70.38666790826596, 25.673922617566607], [70.26839818715672, 25.713823193452782], [70.09938568141312, 25.938307303003697], [70.08299185868512, 26.08333722231171], [70.17510952925205, 26.251266602563092], [70.17393854191434, 26.55138832553302], [70.05605914991766, 26.60065686271421], [69.82225201148717, 26.589207132242525], [69.50998872142974, 26.74360501284555], [69.484227, 26.805017203557316], [69.51311135433032, 27.010071467459312], [69.58688355660638, 27.183552232181814], [70.02561347913706, 27.5627811838652], [70.13217332686916, 27.805654254476703], [70.37183540198824, 28.011749402967034], [70.50688927493808, 28.036730633087075], [70.58924871769072, 28.010361556849254], [70.67707276801937, 27.92188636684078], [70.68409869204567, 27.82820675389063], [70.75904188165944, 27.72134260282157], [70.87145666608012, 27.705729333996544], [71.38278780354915, 27.87261782965959], [71.66616673927626, 27.877822252601263], [71.87499281450216, 27.954847712138054], [71.8800670929656, 27.913906251663544], [71.92768724469936, 28.121736207801103], [72.20599190196303, 28.39410100841543], [72.2992805598677, 28.669588462794763], [72.40349843292435, 28.783391844452723], [72.94527524117399, 29.027652761182004], [73.28251959443601, 29.572035400881216], [73.39688602441954, 29.94571296809348], [73.80634126350733, 30.067843426458126], [73.97262146546292, 30.197954], [73.97496344013835, 30.119887655874876], [73.90392354165029, 30.050148388456428], [73.89455564294856, 29.973816851978526], [74.52727913442742, 29.942937275857922], [74.51010465347426, 29.908241122913424], [74.5608474381086, 29.869728393145028], [74.48512359026967, 29.814561509963273], [74.47614602068052, 29.760088549840404], [74.61627417209378, 29.75210843466317], [74.57489928616118, 29.564402247233424], [74.62173877966978, 29.522072940641134], [74.58465751397547, 29.458578980752698], [74.54133098248, 29.463436442164927], [74.53664703312914, 29.42457675086709], [74.60300298226635, 29.364899367802547], [74.59909969114062, 29.327427522622486], [74.65452642512582, 29.332978907093608], [74.65803938713897, 29.37183859839145], [74.76225726019564, 29.354490521919196], [74.85047163963685, 29.403759059100388], [74.9382956899655, 29.362123675566988], [74.96132510760724, 29.280587716147412], [75.04992981616104, 29.28613910061853], [75.08193680339193, 29.22784956367177], [75.18810632201145, 29.268097101087392], [75.23845877753321, 29.230278294377886], [75.23962976487093, 29.259423062851265], [75.28412728370411, 29.249014216967915], [75.32276986584871, 29.289608715912983], [75.35087356195388, 29.225073871436212], [75.40551963771392, 29.260463947439604], [75.41449720730307, 29.184479372491147], [75.37156100492018, 29.140762219781074], [75.4059099668265, 29.12029148954382], [75.39107746054877, 29.06269587565595], [75.44182024518311, 29.057491452714274], [75.44572353630882, 29.008222915533086], [75.52183771326033, 29.0037124156503], [75.51168915633345, 28.94195326340909], [75.47421756152656, 28.925993033054617], [75.56165128274264, 28.61338069502467], [75.6217619660787, 28.601930964552984], [75.63347183945585, 28.544335350665115], [75.78843249714684, 28.453431429950527], [75.77672262376969, 28.40034631594544], [75.89616333221666, 28.38993747006209], [76.02614292670306, 28.275093203815793], [76.0159943697762, 28.236927435576842], [76.05580793925851, 28.220273282163483], [76.0948408505157, 28.141513014979466], [76.03160753427906, 28.167882091217287], [75.94573512951328, 28.107163823564413], [75.98437771165788, 28.047139478970426], [76.04097543298079, 28.074202478267136], [76.00818778752476, 28.058242247912666], [76.01638469888877, 28.030485325557066], [75.97461948384358, 28.024933941085948], [75.99569725592247, 28.006891941554805], [75.96564191425443, 27.98364551908199], [75.99960054704817, 27.977053250022536], [75.97266783828073, 27.932642174253576], [75.93246393968583, 27.93021344354746], [75.98750034455846, 27.904191328839083], [75.97149685094301, 27.85249406095178], [76.04800135700708, 27.83514598447953], [76.08898591382712, 27.860474176129014], [76.1764196350432, 27.799408946946695], [76.23731097660439, 27.847983561068993], [76.28649244478844, 27.800102870005585], [76.23613998926668, 27.754997871177736], [76.24433690063069, 27.629397797518642], [76.19281345777121, 27.614131490223063], [76.20491366026094, 27.533983376921267], [76.24043360950498, 27.503797723859552], [76.21272024251238, 27.45452918667836], [76.25019183731926, 27.44134464855945], [76.22403978677696, 27.447936917618904], [76.11591862259456, 27.23386165395134], [76.11982191372029, 27.19430803959461], [76.14168034402431, 27.21998319277354], [76.14792560982545, 27.18042957841681], [76.1764196350432, 27.183552232181814], [76.18383588818206, 27.117629541587263], [76.26424368537185, 27.184246155240704], [76.27985684987472, 27.064544427582177], [76.35128707747535, 27.05448254322827], [76.39695558364625, 27.123527887587827], [76.42466895063885, 27.12838534900006], [76.45472429230688, 27.075647196524418], [76.58392322856814, 27.176613001592912], [76.64559522835448, 27.164122386532895], [76.61710120313674, 27.127344464411724], [76.63583700054018, 27.092301349937777], [76.78377173420489, 27.11242511864559], [76.79274930379404, 27.139141156412855], [76.82826925303807, 27.075300234994973], [76.84154044286551, 27.20749257771352], [76.8942348730627, 27.231779884774667], [76.89345421483756, 27.161346694297333], [76.92624186029359, 27.136365464177295], [76.96722641711362, 27.182164386064034], [77.09525436603717, 27.162040617356222], [77.04841487252855, 27.238372153834124], [77.1198451001292, 27.257108076424153], [77.14560682155893, 27.32060203631259], [77.20884013779556, 27.353563381609867], [77.00821097393366, 27.396586611261046], [76.87940236678497, 27.509002146801226], [76.89735750596327, 27.537452992215716], [76.92585153118101, 27.53779995374516], [76.90438342998957, 27.521492761861246], [76.96644575888848, 27.462856263385042], [77.05934408768057, 27.44689603303057], [77.01796920174796, 27.504491646918442], [77.067150669932, 27.537452992215716], [77.03163072068797, 27.55167841492296], [77.04997618897885, 27.561393337747422], [76.95981016397477, 27.543698299745728], [76.9344387716576, 27.603375682810267], [76.98322991072907, 27.61968287469418], [77.00001406256966, 27.736955871646593], [77.08549613822288, 27.737996756234928], [77.02655644222453, 27.779285178238883], [77.04529223962798, 27.821267523301728], [77.13506793551949, 27.775815562944434], [77.20220454288184, 27.824737138596177], [77.2400664668013, 27.78657137035723], [77.26856049201903, 27.81502221577172], [77.31032570706422, 27.788306178004454], [77.30408044126307, 27.710933756938218], [77.3411617069574, 27.70330060329043], [77.35248125122197, 27.65125637387368], [77.31696130197794, 27.606845298104716], [77.35833618791055, 27.588803298573577], [77.33999071961968, 27.52669718480292], [77.43796332687519, 27.456263994325585], [77.43991497243805, 27.390341303731034], [77.57887213651361, 27.32268380548926], [77.62258899712165, 27.336215305137614], [77.59877892125476, 27.297355613839773], [77.68113836400741, 27.19430803959461], [77.61985669333365, 27.173490347827908], [77.59799826302962, 27.117976503116708], [77.50588059246269, 27.091954388408332], [77.57184621248732, 27.07183061970052], [77.56325897201074, 27.02950131310823], [77.63078590848565, 27.011112352047647], [77.67957704755713, 27.04719635110993], [77.71158403478802, 26.997233890869847], [77.73773608533033, 27.02984827463768], [77.76310747764748, 27.006948813694308], [77.42742444083575, 26.864000663562965], [77.3977594282803, 26.830345395206802], [77.43249871929919, 26.7678923199067], [77.47036064321865, 26.764769666141696], [77.45474747871577, 26.741870205198325], [77.50236763044954, 26.76858624296559], [77.50119664311183, 26.844570817914047], [77.52578737720384, 26.818895664735116], [77.61048879463192, 26.828610587559574], [77.72251324994002, 26.874409509446316], [77.76037517385949, 26.93235208486363], [77.89660003414704, 26.884124432270777], [77.90635826196133, 26.91777970062694], [78.01447942614371, 26.902860354860806], [78.02657962863344, 26.849428279326276], [78.05585431207632, 26.868511163445753], [78.04882838805003, 26.91014654697915], [78.11128104606152, 26.895921124271908], [78.11362302073695, 26.941720046158647], [78.27092565310338, 26.9205553928625], [78.23267340007135, 26.874409509446316], [78.19637279260216, 26.88100177850577], [78.22291517225705, 26.830692356736247], [78.17295304584786, 26.82479401073568], [78.18349193188729, 26.78385255026117], [78.11206170428666, 26.79495531920341], [78.08981294487006, 26.675253591544884], [78.00042757809113, 26.695030398723247], [77.90362595817334, 26.65894639966097], [77.89464838858417, 26.6152292469509], [77.82751178122183, 26.596146362831423], [77.82360849009612, 26.550347440944684], [77.74476200935662, 26.53820378741411], [77.72641654106575, 26.502119788351827], [77.67567375643141, 26.50316067294016], [77.53827790880614, 26.411215867637235], [77.43757299776263, 26.403235752460002], [77.44420859267635, 26.361600368926602], [77.37512033975113, 26.365416945750496], [77.2705121375819, 26.26722683291756], [77.0312403915754, 26.172506335379076], [76.90048013886386, 26.092705183606725], [76.754497050762, 25.920612265002003], [76.58236191211785, 25.870302843232476], [76.5206899123315, 25.792583460636795], [76.5222512287818, 25.728395577689472], [76.47306976059775, 25.709312693569995], [76.5554292033504, 25.453255084839583], [76.66979563333393, 25.348819664476636], [76.90204145531413, 25.32349147282715], [76.94575831592218, 25.28359089694098], [77.03163072068797, 25.294693665883216], [77.08315416354745, 25.33632904941662], [77.20923046690812, 25.3061433963549], [77.23421153011273, 25.379005317538354], [77.29119958054821, 25.422722470248424], [77.36926540306256, 25.4071092014234], [77.34233269429511, 25.321756665179926], [77.37004606128771, 25.325573242003824], [77.35521355500998, 25.263467128233167], [77.42664378261061, 25.187829514814155], [77.39307547892943, 25.159378669399665], [77.40673699786944, 25.1118449398657], [77.31110636528936, 25.079577517627314], [77.26973147935675, 25.115661516689595], [77.17449117588924, 25.1118449398657], [77.08549613822288, 25.054943249036718], [77.00040439168222, 25.074720056215085], [76.8762797338844, 25.041411749388367], [76.85676327825581, 25.002552058090526], [76.89033158193699, 24.919281291023722], [76.9496616070479, 24.869318830783644], [76.80406884805862, 24.807906640071877], [76.8555922909181, 24.74371875712455], [76.96371345510047, 24.756556333714016], [77.03475335358854, 24.708328681121163], [77.06519902436915, 24.64379383664439], [77.05466013832971, 24.52652083969198], [76.97776530315306, 24.46129207215632], [76.91687396159186, 24.483150648511355], [76.91765461981701, 24.543521954634784], [76.81655937966092, 24.53346007028088], [76.85325031624267, 24.46684345662744], [76.84154044286551, 24.32250746037832], [76.94731963237247, 24.201070925072568], [76.901260797089, 24.12820900388912], [76.80211720249577, 24.116412311887988], [76.75644869632487, 24.16915046436363], [76.69867998766424, 24.16845654130474], [76.67604089913507, 24.19100904071866], [76.69555735476366, 24.282606884492143], [76.58470388679328, 24.243747193194302], [76.57689730454184, 24.17782450259975], [76.5277158363578, 24.157006810833053], [76.47072778592232, 24.22605215519261], [76.41256874814913, 24.200377002013678], [76.3216220649199, 24.245482000841527], [76.28102783721243, 24.206622309543686], [76.2123299133998, 24.209744963308694], [76.18539720463235, 24.329446690967217], [76.11747993904486, 24.19447865601311], [76.12723816685916, 24.087961466473498], [75.963299939579, 24.018569160584494], [75.9812550787573, 23.929053085987686], [75.7821872313457, 23.84890497268589], [75.7060730543942, 23.899214394455413], [75.7365187251748, 23.856538126333678], [75.72168621889708, 23.811780089035274], [75.69006956077875, 23.8135148966825], [75.69006956077875, 23.746898283029058], [75.65454961153472, 23.79824858938692], [75.58350971304667, 23.79477897409247], [75.56438358653064, 23.856538126333678], [75.46211735903684, 23.914480701750996], [75.473827232414, 23.981791238463327], [75.52105705503517, 24.02446750658506], [75.59560991553639, 23.990118315170005], [75.67094343426274, 24.01822219905505], [75.71739259865878, 23.966871892697192], [75.78296788957084, 24.04320342917509], [75.83683330710575, 24.05708189035289], [75.83488166154288, 24.091778043297392], [75.7931164464977, 24.091778043297392], [75.75096090233995, 24.143475311184698], [75.77633229465712, 24.208357117190914], [75.83019771219203, 24.23333834731095], [75.81068125656344, 24.295791422611053], [75.73808004162508, 24.334651113908894], [75.72793148469822, 24.396410266150106], [75.78921315537198, 24.47170091803967], [75.83566231976803, 24.41479922721069], [75.90045695245495, 24.442209188036845], [75.91177649671953, 24.49182468674748], [75.88796642085265, 24.50778491710195], [75.92075406630867, 24.54317499310534], [75.87157259812463, 24.60632199146433], [75.82590409195373, 24.613608183582677], [75.84893350959547, 24.647610413468286], [75.83371067420518, 24.731575103593975], [75.7849195351337, 24.761760756655693], [75.62683624454213, 24.682306566412787], [75.58311938393409, 24.71318614253339], [75.45548176412312, 24.680571758765563], [75.21933265101718, 24.702430335120596], [75.1845933599983, 24.748576218536783], [75.25251062558578, 24.81311106301355], [75.22440692948062, 24.84399063913416], [75.27827234701553, 24.84017406231026], [75.31105999247156, 24.80096740948298], [75.42035214399165, 24.863073523253632], [75.2634398407378, 24.874870215254763], [75.29427584063097, 24.908872445140375], [75.2591462204995, 24.960916674557126], [75.28529827104182, 24.965774135969355], [75.31379229625956, 24.885279061138114], [75.33604105567615, 24.95293655937989], [75.31769558738527, 25.0077564810322], [75.35009290372874, 25.03343163421113], [75.17444480307144, 25.046269210800595], [75.16663822082, 25.00289901961997], [75.11355346151024, 24.96681502055769], [75.1166760944108, 24.877992869019767], [75.03900060100902, 24.84537848525194], [74.9480539177798, 24.864461369371412], [74.843055386498, 24.96889678973436], [74.84656834851114, 24.780843640775167], [75.00699361377814, 24.771822641009596], [75.01636151247986, 24.73192206512342], [74.94336996842894, 24.637895490643828], [74.88872389266889, 24.633731952290486], [74.79972885500253, 24.779108833127943], [74.77162515889735, 24.661488874646086], [74.81573234861797, 24.65767229782219], [74.78645766517508, 24.585851261227077], [74.74352146279219, 24.571278876990384], [74.7446924501299, 24.51333630157307], [74.69746262750871, 24.483150648511355], [74.78684799428765, 24.472047879569114]]]}}, {"type": "Feature", "properties": {"name": "Sikkim", "st_code": "sikkim"}, "geometry": {"type": "Polygon", "coordinates": [[[88.83781239804172, 27.379200656020558], [88.91525036483611, 27.330655592920596], [88.90330719582802, 27.272401517200638], [88.80313868156662, 27.247949189120657], [88.79119551255855, 27.185739589740702], [88.7387996743295, 27.13647534052074], [88.68833015368241, 27.175311391000708], [88.5319131660281, 27.17639017018071], [88.42558043550447, 27.071388996660787], [88.3019108467433, 27.128923886260743], [88.15358439293315, 27.109865454080758], [88.09618012899105, 27.13359859604074], [88.07884327075351, 27.201202091320692], [88.014119, 27.212349476180684], [88.06844115581097, 27.33497070964059], [88.04224323669646, 27.370930015640564], [88.07537589910599, 27.432780021960518], [88.04416955427841, 27.496427993580472], [88.197889697318, 27.789496337480255], [88.17323283226905, 27.820421340640234], [88.19596337973606, 27.854223088280207], [88.13470648063006, 27.881911753900187], [88.1289275278842, 27.949515249180138], [88.20443917709663, 27.941604201860144], [88.23757183950617, 27.97109083278012], [88.25105606257982, 27.942323387980142], [88.35238036739038, 27.98978967190011], [88.4090141042997, 27.982238217640113], [88.49531313197106, 28.05379723658006], [88.54501212558536, 28.033660025220076], [88.55233213239677, 28.08148590220004], [88.61936798424861, 28.098027182960028], [88.61281850446998, 28.128233000000005], [88.67214908599405, 28.072496075700045], [88.75613653256706, 28.076092006300044], [88.83627134397616, 28.014961186100088], [88.83704187100895, 27.929018444760153], [88.88789665517243, 27.856380646640208], [88.85553451979567, 27.816106223920237], [88.84821451298426, 27.667594290140347], [88.76384180289486, 27.56475067498042], [88.7927365666241, 27.529150962040447], [88.79389235717328, 27.415879148140533], [88.83781239804172, 27.379200656020558]]]}}, {"type": "Feature", "properties": {"name": "Tamil Nadu", "st_code": "tamil-nadu"}, "geometry": {"type": "Polygon", "coordinates": [[[77.3311825063011, 8.127523403833537], [77.09798502289664, 8.2923438655978], [77.1586163685818, 8.327783077512983], [77.21283478347334, 8.470664979520228], [77.2839600159117, 8.546606147909905], [77.17902114837969, 8.7305525335649], [77.26413822982232, 8.84193291386976], [77.25597631790316, 8.879059707304714], [77.14928846924562, 9.009566011500308], [77.26763619207338, 9.153572967854066], [77.28337702220318, 9.292517179648513], [77.33934441822026, 9.42021084797782], [77.39239684569478, 9.459587750105802], [77.40230773873947, 9.525403429376855], [77.30378180200108, 9.599094489073506], [77.26938517319891, 9.572655711930432], [77.16794426791797, 9.614845249924699], [77.24664841856698, 9.798229108406437], [77.21808172684993, 9.905109271325243], [77.27288313544999, 9.976550222328864], [77.20117490930312, 10.107056526524458], [77.26763619207338, 10.122244760202394], [77.28804097187128, 10.232500086160739], [77.22799261989462, 10.315191580629499], [77.23498854439676, 10.35288090123771], [77.17610617983713, 10.358506172970278], [77.090406104686, 10.314629053456242], [76.98430124973696, 10.222374597042116], [76.91026104875604, 10.235312722027023], [76.82980791698151, 10.303378509991106], [76.83855282260917, 10.595892640084676], [76.81406708685171, 10.635269542212658], [76.88227735074751, 10.639207232425456], [76.8659535269092, 10.684209406286005], [76.90093314941987, 10.807965384402516], [76.83097390439853, 10.87040590063403], [76.65899076038774, 10.930596308172513], [76.7464398166644, 11.056602394982052], [76.74818879778994, 11.134793672064756], [76.69513637031542, 11.1668577209404], [76.73536293620269, 11.215797585013746], [76.70563025706863, 11.240548780637049], [76.62867508754516, 11.194421552429985], [76.44911302532371, 11.205672095895121], [76.45319398128329, 11.239423726290534], [76.5423920186855, 11.296801497962734], [76.54763896206211, 11.359242014194248], [76.26488701343419, 11.481310410790988], [76.23340535317459, 11.567939595472545], [76.27887886243846, 11.601128698694701], [76.3021986107789, 11.571314758512086], [76.37798779288536, 11.602253753041214], [76.51149335213441, 11.70519622574722], [76.56979272298553, 11.618004513892407], [76.84671473452833, 11.594378372615619], [76.8344718666496, 11.639943073649425], [76.90851206763051, 11.795200573468321], [76.96972640702418, 11.7771997039241], [77.012867941454, 11.814889024532311], [77.08282718647534, 11.740072910489147], [77.24956338710953, 11.81320144301254], [77.42795946191396, 11.767074214805477], [77.49267176355869, 11.941457638515107], [77.6757317880312, 11.952145654806987], [77.77542371218661, 12.11865369809102], [77.73111619033976, 12.179969159976018], [77.5189064804417, 12.194594866480697], [77.4722669837608, 12.209783100158631], [77.47110099634378, 12.243534730554044], [77.612768467512, 12.36110290976473], [77.62734331022477, 12.458420110738167], [77.57953782612685, 12.573175654082569], [77.59877661850773, 12.667117692016467], [77.74044408967593, 12.673868018095549], [77.79407951085896, 12.757684566910822], [77.79932645423557, 12.85162660484472], [77.83605505787176, 12.870190001562197], [77.92933405123355, 12.891003506972702], [77.91709118335481, 12.838125952686553], [77.94041093169527, 12.823500246181876], [78.07624846577836, 12.839813534206325], [78.13454783662948, 12.781873235360868], [78.23074179853381, 12.760497202777106], [78.24006969787, 12.702556903931649], [78.37940519420417, 12.624928154022202], [78.47151820014892, 12.63224100727454], [78.50416584782555, 12.725057990861924], [78.55488630046602, 12.699181740892108], [78.55721827530007, 12.757122039737567], [78.59278089151925, 12.782435762534124], [78.63359045111503, 12.931505463447195], [78.62076458952778, 12.991133343812422], [78.70529867726191, 13.01532201226247], [78.71462657659808, 13.06876209372187], [78.89127367027696, 13.097450979557971], [78.89185666398548, 13.032760354633432], [78.92333832424508, 13.080012637187007], [78.9822206888047, 13.086200436092835], [79.08074662554309, 13.02601002855435], [79.16294873844316, 13.02038475682178], [79.18860046161765, 13.087888017612604], [79.23465696459003, 13.105326359983568], [79.22882702750492, 13.1570788599232], [79.30986315298797, 13.11207668606265], [79.36524755529653, 13.130640082780126], [79.35591965596035, 13.164391713175538], [79.39206526588805, 13.192518071838382], [79.43170883806681, 13.189142908798841], [79.45327960528172, 13.238645300045444], [79.41829998277105, 13.2431455174315], [79.39847819668167, 13.330337229286314], [79.49525515229452, 13.344962935790992], [79.53723069930733, 13.338775136885168], [79.54014566784988, 13.272396930440857], [79.6713192522649, 13.280272310866454], [79.75993429595859, 13.207706305516318], [79.79491391846926, 13.242020463084987], [79.73486556649262, 13.275772093480398], [79.76809620787775, 13.314023941261866], [79.79141595621819, 13.293772963024619], [79.93133444626088, 13.351713261870076], [79.95815215685238, 13.379277093359661], [79.93949635818002, 13.424841794393469], [79.97330999327367, 13.42990453895278], [80.02869439558224, 13.539034810564612], [80.07708287338866, 13.52665921275296], [80.07824886080569, 13.488969892144752], [80.24207009289732, 13.472656604120303], [80.26422385382074, 13.562660951841401], [80.32602118692293, 13.445092772630716], [80.34525997930379, 13.279709783693196], [80.25955990415265, 12.937130735179764], [80.25489595448457, 12.782998289707383], [80.15637001774618, 12.460107692257939], [79.88469494957998, 12.06465108945836], [79.8497153270693, 12.051712964473452], [79.84038742773313, 11.956083345019785], [79.78442003171605, 11.960021035232582], [79.74944040920539, 11.922331714624374], [79.72029072377983, 11.99264761128148], [79.69697097543938, 11.942020165688362], [79.74069550357773, 11.905455899426666], [79.68472810756064, 11.881267230976622], [79.76984518900328, 11.87451690489754], [79.79841188072032, 11.82782714951722], [79.73661454761815, 11.842452856021897], [79.71970773007132, 11.785075084349696], [79.79549691217777, 11.77382454088456], [79.75701932741603, 11.557251579180665], [79.84330239627569, 11.35136663376865], [79.85554526415442, 11.00147473200288], [79.72087371748835, 10.969410683127236], [79.7243716797394, 10.929471253826], [79.82406360389481, 10.88446907996545], [79.85088131448633, 10.827653835466506], [79.88236297474593, 10.323066961055096], [79.86020921382251, 10.2825650045806], [79.76867920158625, 10.27187698828872], [79.37982239800931, 10.315754107802757], [79.3005352536518, 10.265126662209639], [79.22707804637939, 10.136870466707071], [79.24456785763472, 10.027177667921983], [78.98047170767917, 9.689661363967861], [78.90293354444718, 9.4635254403186], [79.06675477653882, 9.29814245138108], [79.21250320366661, 9.283516744876403], [79.3116121341135, 9.327956391563696], [79.34659175662418, 9.220513701471633], [79.19034944274318, 9.281829163356631], [78.97988871397065, 9.274516310104293], [78.64699930641079, 9.184511962383194], [78.57937203622349, 9.131071880923791], [78.41496781042335, 9.114196065726084], [78.22607784886573, 8.971876690892097], [78.17185943397419, 8.883559924690768], [78.16078255351248, 8.805368647608065], [78.19517918231463, 8.751928566148662], [78.13862879258906, 8.679925087971782], [78.14329274225715, 8.501603974049354], [78.06342260419112, 8.412162153501512], [78.06517158531665, 8.372785251373532], [77.84130200124837, 8.251841909123305], [77.79349651715044, 8.162400088575463], [77.58944871917154, 8.139899001645189], [77.55621807778641, 8.076895958240419], [77.3311825063011, 8.127523403833537]], [[79.69347301318832, 11.989834975415196], [79.6928900194798, 12.035399676449003], [79.65674440955212, 11.992085084108224], [79.69347301318832, 11.989834975415196]], [[79.64741651021593, 11.9532707091535], [79.63867160458827, 11.986459812375656], [79.62526274929252, 11.90320579073364], [79.66957027113936, 11.937519948302308], [79.64741651021593, 11.9532707091535]]]}}, {"type": "Feature", "properties": {"name": "Telangana", "st_code": "telangana"}, "geometry": {"type": "Polygon", "coordinates": [[[78.18985849133756, 15.892409479870075], [78.13392311549926, 15.836283], [78.08369543107302, 15.840814951790751], [78.03194569560358, 15.907399781947175], [78.00873441719449, 15.86173165236345], [77.88811187201937, 15.906005335242329], [77.80363803912071, 15.874281672707069], [77.51330680262667, 15.926922035815027], [77.51330680262667, 16.108200107445082], [77.48629039660953, 16.16293214061031], [77.51558987919151, 16.227773912385675], [77.49009552421758, 16.255314234806395], [77.59778063552534, 16.29296429583725], [77.58864832926602, 16.334100473630226], [77.64230062853949, 16.36268663107958], [77.57342781883382, 16.340724095478247], [77.48971501145678, 16.384997778357125], [77.41932015070789, 16.366172747841695], [77.28804324823025, 16.408703372339517], [77.235913, 16.472499309086245], [77.36909246628167, 16.48853544619198], [77.41932015070789, 16.52235077878451], [77.39306477021236, 16.570110578425506], [77.46231809267883, 16.585449492178817], [77.4760165520678, 16.650291263954184], [77.43454066114009, 16.64122736037268], [77.41893963794709, 16.66841907111719], [77.46992834789494, 16.68759271330883], [77.47411398826378, 16.716527482434397], [77.42616938040238, 16.72140804590136], [77.43948732703055, 16.78903871108642], [77.47639706482862, 16.788341487733994], [77.46612322028689, 16.953932033934525], [77.5232001344076, 16.948354247115137], [77.555543719076, 16.9023375058552], [77.59663909724291, 16.914190302846396], [77.6350708860842, 17.010058513804598], [77.7145980530924, 17.04038772963501], [77.84397239176602, 16.991930706641593], [77.84777751937406, 16.951491752201044], [77.88430674441132, 16.958812597401486], [77.86946674673993, 16.92743754654244], [77.9147477652757, 16.92116253637063], [77.99960211093517, 16.979729297974185], [77.92273853325261, 17.06339610026498], [77.99008929191506, 17.10348644302932], [78.06961645892325, 17.230729704846567], [78.00530980234724, 17.327992362509615], [78.07151902272727, 17.413402223181468], [78.06314774198957, 17.448960614155055], [77.99123083019747, 17.506830152406188], [77.96459493694113, 17.484519005128643], [77.96535596246274, 17.530884358064792], [77.87289136158718, 17.582478886144116], [77.86756418293591, 17.61943172382255], [77.746561125, 17.6239636756133], [77.77433855653875, 17.600955304983334], [77.76140112267139, 17.5580760688093], [77.6833960067064, 17.508224599111035], [77.59701961000373, 17.534370474826908], [77.59397550791728, 17.56435107898111], [77.52852731305886, 17.575506652619882], [77.50683808569299, 17.542388543379776], [77.4432924546386, 17.583873332848963], [77.45242476089791, 17.694731845884263], [77.56848115294336, 17.748766655697068], [77.50645757293219, 17.786068105051715], [77.65599908792846, 17.968392011710403], [77.5475529510991, 18.056242154115736], [77.59701961000373, 18.08657136994615], [77.59701961000373, 18.155945093512265], [77.5635344870529, 18.19533821292418], [77.60539089074143, 18.28144529694846], [77.55135807870715, 18.291903647234808], [77.57038371674739, 18.31804952295068], [77.52586372373324, 18.342103728609285], [77.55668525735842, 18.419146909052056], [77.52738577477645, 18.442155279682027], [77.58522371441877, 18.446687231472776], [77.54869448938152, 18.46864976707411], [77.6031078141766, 18.47701644730319], [77.59625858448211, 18.548830452602786], [77.6434421668219, 18.5551054627746], [77.65447703688524, 18.53070264543978], [77.7385703570231, 18.556848521155654], [77.76140112267139, 18.525473470296607], [77.72981856352459, 18.667009810838536], [77.76102060991057, 18.707100153602873], [77.7872759904061, 18.682697336268056], [77.84016726415797, 18.804711422942134], [77.94328622233607, 18.824930900162407], [77.9703026283532, 18.87164486477477], [77.93491494159836, 18.845150377382684], [77.88544828269374, 18.90406575066245], [77.8432113662444, 18.908597702453203], [77.8584318766766, 18.949036656893753], [77.77167496721312, 18.979017261047954], [77.76482573751862, 19.062684063338747], [77.80021342427347, 19.051179878023763], [77.8101067560544, 19.104866076160356], [77.8504411086997, 19.08848132737841], [77.84777751937406, 19.189578713479786], [77.87136931054397, 19.255117708607575], [77.90751802282041, 19.268364952303617], [77.86337854256706, 19.304271954953414], [77.94404724785767, 19.342619239336695], [78.05553748677347, 19.23698990144457], [78.17539900642697, 19.23768712479699], [78.17616003194858, 19.412341574579024], [78.30933949823026, 19.48101807479272], [78.27433232423621, 19.553877915120953], [78.30553437062221, 19.607215501581333], [78.26253642865126, 19.665085039832466], [78.34320513394188, 19.71319345114967], [78.36451384854695, 19.78082411633473], [78.3363559042474, 19.837996431233442], [78.28536719429955, 19.856472850072656], [78.30705642166542, 19.91434238832379], [78.49008305961252, 19.792676913325927], [78.5521066396237, 19.824051964184974], [78.71915174161698, 19.766531037610054], [78.84091582507452, 19.7619990858193], [78.85195069513786, 19.658461417984444], [78.95545016607676, 19.656021136250963], [78.97295375307377, 19.582464072570307], [78.93604401527571, 19.550043186682622], [79.09623988757451, 19.532612602872042], [79.19098756501491, 19.459055539191386], [79.22371166244412, 19.469165277801523], [79.20392499888227, 19.49426531848876], [79.24007371115871, 19.535401496281736], [79.2465424280924, 19.616628016839048], [79.47142546972802, 19.50019171698436], [79.53763469010805, 19.554226526797162], [79.59471160422876, 19.50681533883238], [79.629338265462, 19.574097392341226], [79.78078234426229, 19.59815159799983], [79.94478334416915, 19.469862501153948], [79.9797905181632, 19.388635980596632], [79.9246161678465, 19.225834327805796], [79.94516385692995, 19.16761617787845], [79.85840694746648, 19.095802172578853], [79.87172489409464, 19.040721527737414], [79.93793411447467, 19.041070139413627], [79.96114539288376, 18.864672631250535], [79.91396181054397, 18.826325346867254], [80.11487254824888, 18.681651501239422], [80.27925406091654, 18.721044620651337], [80.34318020473175, 18.59798469894863], [80.2678386780924, 18.58996663039576], [80.38808071050671, 18.59589302889136], [80.45467044364754, 18.63040558483631], [80.5147914598547, 18.61925001119754], [80.73472783559986, 18.412871898880248], [80.74880680774963, 18.308288396016756], [80.7940878262854, 18.260179984699548], [80.73701091216469, 18.22218131199248], [80.73701091216469, 18.177210405761176], [80.79903449217586, 18.17163261894179], [80.82376782162817, 18.239611895803062], [80.8660047380775, 18.233336885631253], [80.8667657635991, 18.140257568082742], [80.97901702803652, 18.178953464142236], [80.94933703269375, 18.086222758269937], [81.00831651061849, 17.798269513719124], [81.10420572634129, 17.772123638003247], [81.0581636822839, 17.733079130267544], [80.97330933662445, 17.780141706556115], [80.88541088887854, 17.735868023677238], [80.91090524385247, 17.637908142661768], [80.86143858494785, 17.63442202589965], [80.85535038077496, 17.602001140011968], [80.96950420901639, 17.59816641157364], [81.01973189344262, 17.52007739610223], [81.09773700940761, 17.504389870672707], [81.12741700475038, 17.52635240627404], [81.14834520659464, 17.463602304555945], [81.31006312993667, 17.409916106419352], [81.30511646404621, 17.346120169672623], [81.27391441766022, 17.317185400547057], [81.19058212304397, 17.324854857423713], [81.17383956156856, 17.230381093170358], [81.05473906743667, 17.22480330635097], [81.03114727626678, 17.190290750406017], [80.8652437125559, 17.23595887998974], [80.91889601182936, 17.21992274288401], [80.92384267771983, 17.157869864518336], [80.87932268470567, 17.16100736960424], [80.87703960814083, 17.07036833378921], [80.84545704899405, 17.0400391179588], [80.73891347596872, 17.079780849046927], [80.65367861754844, 17.068625275408156], [80.67042117902385, 17.10139477297205], [80.57985914195231, 17.152989301051374], [80.5140304343331, 17.121962861868536], [80.46494428818927, 17.029929379348662], [80.4189022441319, 17.092330869390548], [80.3873196849851, 17.07141416881785], [80.40710634854695, 17.015984912300198], [80.3633473810544, 16.97624318121207], [80.49348274524964, 16.92743754654244], [80.53457812341655, 16.96160149081118], [80.601928882079, 16.91872225463715], [80.5627360677161, 16.832963782289085], [80.61296375214233, 16.79357066287717], [80.5703463229322, 16.768122010513718], [80.46456377542847, 16.795662332934437], [80.46418326266766, 16.820065150269254], [80.38389507013785, 16.865384668176766], [80.40786737406856, 16.848302696042396], [80.38047045529062, 16.817624868535773], [80.32187149012668, 16.879677746901447], [80.29371354582713, 16.996462658432346], [80.2115227894933, 17.01040712548081], [80.19668279182191, 17.04387384639713], [80.1403669032228, 16.990536259936746], [80.05589307032415, 16.971362617745108], [80.01746128148287, 16.91488752619882], [79.99881615620343, 16.865384668176766], [80.07339665732117, 16.81727625685956], [80.05513204480253, 16.74511363988375], [79.94973001005961, 16.635998185229507], [79.90901514465351, 16.63460373852466], [79.87819361102832, 16.696656616890333], [79.81731156929956, 16.69177605342337], [79.78420695910954, 16.73047194948286], [79.45049726788376, 16.621007883152405], [79.41853419597615, 16.580220317035643], [79.25681627263413, 16.565927238310966], [79.21686243274962, 16.499342408154543], [79.21952602207526, 16.231957252500212], [79.1586439803465, 16.209297493546458], [79.00948297811102, 16.240323932729293], [78.90484196888971, 16.182803006154373], [78.92044299208271, 16.10192509727327], [78.88924094569673, 16.0848431251389], [78.87287889698212, 16.143409886742457], [78.83482762090163, 16.145152945123513], [78.83711069746647, 16.070550046414223], [78.74084096898287, 16.008845779724762], [78.62097944932935, 16.087980630224806], [78.55172612686289, 16.04266111231729], [78.40789230327869, 16.074733386528763], [78.31618872792474, 16.013029119839302], [78.26367796693368, 16.026973586887767], [78.25150155858793, 15.935288716044106], [78.18985849133756, 15.892409479870075]]]}}, {"type": "Feature", "properties": {"name": "Tripura", "st_code": "tripura"}, "geometry": {"type": "Polygon", "coordinates": [[[91.75700825370805, 24.143639060544906], [91.74688913817332, 24.245012024722502], [91.81588310772835, 24.210152546922302], [91.84102757663285, 24.227381943995965], [91.83704125839189, 24.1969299863774], [91.92320706036952, 24.10918026639758], [91.92228714077545, 24.33797063218971], [91.9600038441322, 24.358806182139254], [91.993734229248, 24.32875490817356], [91.97165615899038, 24.383247884964682], [92.11056401769453, 24.383247884964682], [92.16790567239137, 24.42411761755802], [92.15564007780381, 24.52549058173562], [92.23046020478795, 24.501449562563067], [92.25989763179808, 24.358405498486377], [92.1924368615665, 24.243409290111], [92.29117489799637, 24.25142296316852], [92.33195800000001, 24.179700589303735], [92.32521192297686, 23.914047327447022], [92.31447952771273, 23.862359136226036], [92.2850421007026, 23.867167340060547], [92.2819757020557, 23.815479148839557], [92.2568312331512, 23.812674363269426], [92.26541714936249, 23.724924643289608], [92.22371412776478, 23.65159953481332], [92.20592901561282, 23.704890460645814], [92.1194565737705, 23.732136949041372], [92.05935516029146, 23.64318517810293], [92.00661310356494, 23.6652227790111], [91.95847064480876, 23.73854788748739], [91.93700585428053, 23.689263798183653], [91.97349599817852, 23.48130898234107], [91.94007225292742, 23.468086421796166], [91.94221873198023, 23.427216689202826], [91.90664850767631, 23.44043924974773], [91.86371892661984, 23.40838455751766], [91.86586540567266, 23.445648137235118], [91.80392415300548, 23.515367092835522], [91.7977913557117, 23.48932265539859], [91.84317405568568, 23.424411903632695], [91.83765453812127, 23.371120977800203], [91.7643676104606, 23.30981637891019], [91.75915473276088, 23.2665425443996], [91.83520141920377, 23.093447206357215], [91.77448672599533, 23.06940618718466], [91.78031288342443, 23.0289371382442], [91.71959819021599, 22.98726603834511], [91.64569798282594, 22.98486193642785], [91.61932695446268, 22.939184], [91.54236034842573, 22.99968723158426], [91.49084485115797, 23.157957274470235], [91.50740340385117, 23.18360102825429], [91.4086653674213, 23.285374676084764], [91.37984122014053, 23.184803079212916], [91.41571808430915, 23.06299524873865], [91.34672411475411, 23.102262246720485], [91.3136070093677, 23.3014020221998], [91.2884625404632, 23.314624582744703], [91.32341948503775, 23.363107304742684], [91.29275549856884, 23.35509363168517], [91.2547321553474, 23.48691855348133], [91.20199009862088, 23.514165041876893], [91.2130291337497, 23.54742178506559], [91.16090035675255, 23.594702456104944], [91.1569140385116, 23.670431666498487], [91.21456233307313, 23.656808422300706], [91.20689633645591, 23.68966448183653], [91.15354100000002, 23.691267216448033], [91.1569140385116, 23.74215404036327], [91.22621464793133, 23.7317362653885], [91.24767943845956, 23.82990376034309], [91.22100177023161, 23.892811093844603], [91.2685309492584, 23.92326305146317], [91.28018326411659, 23.982163548435924], [91.37922794041116, 23.974550559031282], [91.37585490189957, 24.105574113521698], [91.48072573562322, 24.093152920282545], [91.46999334035911, 24.06149891170535], [91.48624525318763, 24.0971597568113], [91.58099697137655, 24.074320788597376], [91.63067262945617, 24.10317001160444], [91.66317645511322, 24.2317894641776], [91.68249476658862, 24.162471192230072], [91.75700825370805, 24.143639060544906]]]}}, {"type": "Feature", "properties": {"name": "Uttar Pradesh", "st_code": "uttar-pradesh"}, "geometry": {"type": "MultiPolygon", "coordinates": [[[[78.6277570329113, 25.086326803879754], [78.65262274321695, 25.05068148931633], [78.63179771083597, 24.9576820595907], [78.67655598938615, 24.898719885124883], [78.77011322441118, 24.859054422302425], [78.78969497127687, 24.811080653077966], [78.75208558443957, 24.600156874420705], [78.83445324982706, 24.60444503256367], [78.8832522063019, 24.641430396546774], [78.97152547788698, 24.49429297026617], [78.92055077176039, 24.498849138293075], [78.91433434418397, 24.459719695238487], [78.99266133164679, 24.420322242299964], [78.88449549181719, 24.219850849116188], [78.81518232434017, 24.206986374687283], [78.80679014711201, 24.179649366525858], [78.76203186856183, 24.259516311938647], [78.74866654927254, 24.23298333342903], [78.66878545491564, 24.239951590411355], [78.58610696814932, 24.353587781200016], [78.51865872894524, 24.387893046343766], [78.38873539259819, 24.26353646019768], [78.32905768786462, 24.3270548026904], [78.36977528849012, 24.37502857191486], [78.26720423347929, 24.450339349300744], [78.2252433473385, 24.5224340080794], [78.26440684106991, 24.552183105196246], [78.2762180534651, 24.66340720702949], [78.17240371293899, 24.875939044990364], [78.34522039956329, 25.012088066029612], [78.33744986509276, 25.08525476434401], [78.44654816905883, 25.122240128327114], [78.42727724357195, 25.153865294631508], [78.45835938145402, 25.16458568998893], [78.39526264155342, 25.18790254989132], [78.41080371049445, 25.212559459213388], [78.35982900436787, 25.24230855633023], [78.3545450409279, 25.292158394742238], [78.31165169065065, 25.303414809867533], [78.34366629266918, 25.328339729073537], [78.30077294239193, 25.360232905261864], [78.35516668368555, 25.45162427568388], [78.43131792149661, 25.473601086166592], [78.42012835185908, 25.53122321121273], [78.44934556146822, 25.57330076299061], [78.46457580903044, 25.545427735061313], [78.49348219726076, 25.57866096066932], [78.65821752803572, 25.559900268793832], [78.71727359001166, 25.60519393917894], [78.81052000365787, 25.62047050256326], [78.81673643123428, 25.676216558421853], [78.75301804857604, 25.750991316039865], [78.82885846500828, 25.79548095677316], [78.81829053812838, 25.82925020214904], [78.85061596152573, 25.81129353992536], [78.88449549181719, 25.913941325472667], [78.93826759035316, 25.9428863929377], [78.94821387447543, 26.027845526145267], [79.01193225713368, 26.083055562235984], [78.94883551723308, 26.128617242505026], [79.00478336542079, 26.148181964032318], [78.99359379578326, 26.196959762908584], [79.02654086193824, 26.19133155534594], [78.99172886751033, 26.239037314686463], [79.06352860601791, 26.225904830373622], [79.0455009660463, 26.26021009551737], [79.11730070455388, 26.29907152868802], [79.13750409417723, 26.338468981626544], [79.0843536383989, 26.358033703153836], [79.08901595908121, 26.396627126440553], [79.13532834452549, 26.44004472763811], [79.05264985775918, 26.453713231718822], [79.06819092670023, 26.496594813148505], [78.98986393923741, 26.578873847516714], [79.01659457781598, 26.60058264811549], [79.00726993645137, 26.67133725747447], [78.94541648206605, 26.65472064467047], [78.95567358756713, 26.691706008653572], [78.87175181528553, 26.698138245868023], [78.81580396709782, 26.76246061801255], [78.72255755345161, 26.79649787327236], [78.57740396954235, 26.748524104047902], [78.46053513110577, 26.78765354710249], [78.43349367114837, 26.825710950621335], [78.39526264155342, 26.8171346343354], [78.35858571885258, 26.86912855181889], [78.28336694517797, 26.854388008202438], [78.26502848382755, 26.814186525612108], [78.21902691976209, 26.833483237255464], [78.196647780487, 26.880920986712056], [78.2327030604302, 26.874220739613666], [78.27093409002514, 26.92031843965058], [78.22462170458085, 26.946047388508386], [78.11365847234187, 26.941491220481485], [78.11117190131131, 26.895929540212443], [78.04869680416834, 26.910134064061026], [78.05584569588122, 26.868324522167086], [78.02631766489326, 26.849563830291597], [78.01450645249807, 26.90289779719477], [77.90634061266847, 26.91790635069516], [77.89639432854621, 26.883869095435344], [77.76025456462274, 26.93211087454374], [77.72264517778544, 26.874220739613666], [77.61043866003116, 26.828659059344627], [77.52558442361313, 26.818742693639013], [77.50102953468628, 26.84447164249682], [77.50258364158039, 26.76862484534307], [77.45440632786318, 26.741823856949516], [77.47025821818303, 26.764604697084035], [77.43264883134573, 26.767820815691262], [77.39783683691782, 26.83026711864824], [77.49015078642756, 26.900485708239348], [77.74347021016642, 26.98303275249149], [77.76305195703213, 27.006885632161755], [77.73756460396883, 27.029666472296274], [77.71176642952672, 26.997237276340073], [77.67975182750818, 27.04708711475208], [77.63064204965451, 27.010905780420785], [77.56319381045043, 27.02939846241234], [77.57158598767859, 27.07174402407415], [77.52403031671902, 27.067187856047248], [77.5178138891426, 27.1022971508428], [77.59769498349952, 27.118109733995], [77.62007412277461, 27.17358777996965], [77.68099511302347, 27.19449255091662], [77.59862744763599, 27.29714033646393], [77.62256069380518, 27.336269779518517], [77.57873487939146, 27.322601275437805], [77.44010854443744, 27.390407776073495], [77.43793279478568, 27.456338207521636], [77.34002406045717, 27.526556797112743], [77.35836252180759, 27.58900310006972], [77.31702327842444, 27.606691752409468], [77.35245691560999, 27.651181393142764], [77.34126734597245, 27.703443320510193], [77.30396878051397, 27.710947597260386], [77.31018520809039, 27.788402453717755], [77.28283292675417, 27.79939085895911], [77.34872705906415, 27.855672934585574], [77.42083761895054, 27.854332885165896], [77.4202159761929, 27.89051421949719], [77.45813618440903, 27.87496964622893], [77.4923265360793, 27.93848798872165], [77.52993592291661, 27.926427543944552], [77.54454452772119, 27.958320720132882], [77.51688142500615, 27.971185194561784], [77.54236877806945, 27.989141856785466], [77.47460971748653, 28.086161434770126], [77.51221910432383, 28.124754858056843], [77.50196199882275, 28.161204202272074], [77.54703109875175, 28.1847890720584], [77.49729967814044, 28.20596185288931], [77.5283818160225, 28.19926160579092], [77.55045013391877, 28.24241119710454], [77.49263735745812, 28.25205955292622], [77.50693514088388, 28.305661529713326], [77.4711906823195, 28.334874607062297], [77.50475939123214, 28.369983901857854], [77.47771793127474, 28.419029710618055], [77.38043083970386, 28.47021959844974], [77.29713071017991, 28.565899127014724], [77.34219981010891, 28.609584738096217], [77.3164016356668, 28.641209904400608], [77.33101024047137, 28.71303655329533], [77.28936017570939, 28.70767635561662], [77.20264101101843, 28.793171508592053], [77.22253357926294, 28.831496921994834], [77.18927569172914, 28.867946266210065], [77.22812836408171, 28.881346760406842], [77.23247986338521, 28.919672173809623], [77.19673540482083, 28.939772915104786], [77.18896487035032, 29.02768015703564], [77.13394948629904, 29.095218647787394], [77.16130176763527, 29.332407395070337], [77.12555730907089, 29.3608164427675], [77.1572610897106, 29.387349421277122], [77.09665092084056, 29.521890383012757], [77.12680059458617, 29.55941176676373], [77.08732627947595, 29.5886248441127], [77.15384205454357, 29.69609680757085], [77.11996252425212, 29.7553269919206], [77.20201936826078, 29.868963182709265], [77.18585665656211, 29.907556605995982], [77.27599485642011, 29.996535887462578], [77.27785978469304, 30.04182955784768], [77.42270254722347, 30.103471831152852], [77.40249915760013, 30.111780137554852], [77.42798651066343, 30.162702015502603], [77.58339720007378, 30.30742735282779], [77.59178937730194, 30.406323], [77.6573726882331, 30.400694792437356], [77.72171271364898, 30.33020819296231], [77.96166681809855, 30.242300951031456], [77.86033904860301, 30.113120186974534], [77.80128298662707, 30.095431534634788], [77.73321310466534, 29.956066394988312], [77.74782170946992, 29.911308744371077], [77.7161179288302, 29.86681910363778], [77.7745523480485, 29.790972306484026], [77.79910723697533, 29.686180441865233], [77.95296381949157, 29.707353222696142], [77.98373513599482, 29.644906919739164], [77.93338207262588, 29.6006852888898], [78.02041205869567, 29.58165658713038], [78.05739980277532, 29.63070239589058], [78.19602613772936, 29.692612679079687], [78.20379667219987, 29.737370329696923], [78.2597445203876, 29.73844236923266], [78.33527411544102, 29.79740454369848], [78.51119901585353, 29.724773865151953], [78.53264569099217, 29.638742692408645], [78.61656746327375, 29.55887574699586], [78.79964125539914, 29.46453626785055], [78.9432407324143, 29.434787170733706], [78.8499943187681, 29.345003859615307], [78.8260610725989, 29.363764551490792], [78.79591139885329, 29.311770634007303], [78.76669418924415, 29.337499582865114], [78.72504412448218, 29.303194317721363], [78.80772261124848, 29.236459856621416], [78.87454920769493, 29.2302956292909], [78.90625298833464, 29.124967744904236], [78.98053929787278, 29.141316347824304], [79.02685168331706, 29.112371280359266], [79.03648714606051, 29.1691893757536], [79.15335598449708, 29.115319389082558], [79.17107280308987, 29.011867573883443], [79.21179040371538, 29.02768015703564], [79.30721256701334, 28.96657390349834], [79.37248505656568, 28.98747867444531], [79.42750044061694, 28.912703916827297], [79.42563551234402, 28.866606216790387], [79.5216793183996, 28.864730147602838], [79.55649131282753, 28.899303422630524], [79.58446523692139, 28.84623746561129], [79.65595415405015, 28.869822335397615], [79.70661803879793, 28.841145277816512], [79.81975702068866, 28.887242977853422], [79.84959587305543, 28.85936994992413], [79.80887827242994, 28.800139765574375], [79.8881377240292, 28.836589109789607], [79.91549000536543, 28.804427923717345], [79.87321829784581, 28.797459666735023], [79.93973407291344, 28.78781131091334], [79.9540318563392, 28.722952919000946], [80.03018309415026, 28.748681867858757], [80.06499508857819, 28.836857119673542], [80.1193888298718, 28.8274767737358], [80.32017944058997, 28.696687950375264], [80.31489547715002, 28.62914945962351], [80.32546340402992, 28.666402833490547], [80.37705975291415, 28.628881449739573], [80.45911659692283, 28.624325281712668], [80.51817265889875, 28.55223062293401], [80.50356405409418, 28.664526764302998], [80.59028321878515, 28.679803327687324], [80.58966157602751, 28.647106121847187], [80.66736692073269, 28.642549953820286], [80.69036770276541, 28.587875937497436], [80.76869469022823, 28.565899127014724], [80.78858725847276, 28.524357595004716], [80.8659817817991, 28.489248300209162], [80.89644227692354, 28.50693695254891], [80.91509155965278, 28.45762313390477], [81.01735179328479, 28.450654876922446], [81.03475779049874, 28.399196979206824], [81.21348008332063, 28.358459476848623], [81.23275100880753, 28.289044916909322], [81.32071345901377, 28.19711752671944], [81.3179160666044, 28.13333117434278], [81.38412102029321, 28.14726768830743], [81.3751072003074, 28.178624844727885], [81.42577108505517, 28.171120567977688], [81.48389468289464, 28.118590630726327], [81.47798907669704, 28.082677306278967], [81.69867225565974, 27.987801807365788], [81.88454344019452, 27.85701298400525], [81.92526104082003, 27.85996109272854], [81.96162714214205, 27.92347943522126], [82.07010380335046, 27.923211425337325], [82.12170015223471, 27.865589300291187], [82.2071760314104, 27.843612489808475], [82.44930588551172, 27.67959044083993], [82.70853091544816, 27.723008042037485], [82.75391083675599, 27.5865910111143], [82.73122087610209, 27.486355314522413], [82.92921409441087, 27.501095858138868], [83.0348933632099, 27.44883393077144], [83.18843912434733, 27.453926118566216], [83.29194264349461, 27.334661720214903], [83.38767562817138, 27.375399222573105], [83.3954461626419, 27.47938705754009], [83.61488605608932, 27.46920268195054], [83.86416480190351, 27.347258184759873], [83.83681252056729, 27.32233326555387], [83.93036975559231, 27.313756949267933], [83.90519322390784, 27.25747487364147], [83.99408813825056, 27.175195839273265], [83.946532467291, 27.090772725833574], [84.03045423957258, 27.097740982815896], [83.99999374444815, 27.068527905466926], [84.04941434368064, 27.043334976376986], [84.03200834646668, 26.94122321059755], [84.06029309193936, 26.888157253578314], [84.1463906138727, 26.885477154738957], [84.16628318211723, 26.8337512471394], [84.24678591923178, 26.859748205881147], [84.24896166888352, 26.729763412172417], [84.30615280258652, 26.749596143583645], [84.33039687013455, 26.68393372201944], [84.41058878587029, 26.670265217938727], [84.41960260585608, 26.626043587089367], [84.2815979136597, 26.59951060857975], [84.0864020877603, 26.639176071402208], [84.0550091284994, 26.54778470098019], [83.97668214103659, 26.533580177131608], [83.97481721276367, 26.508119238157732], [83.90799061631722, 26.51910764339909], [83.90799061631722, 26.447012984620432], [84.0173997416621, 26.447549004388303], [84.07521251812275, 26.387514790386746], [84.17685110899713, 26.370630167698806], [84.16628318211723, 26.241181393757948], [84.12183572494587, 26.258602036213755], [84.0864020877603, 26.218668563507364], [84.02268370510205, 26.237697265266785], [84.00931838581278, 26.17873509080097], [84.05594159263588, 26.10020819480786], [84.17249960969363, 26.02462940753804], [84.17001303866307, 25.987644043554937], [84.20700078274272, 25.99997249821597], [84.29682816122191, 25.945298481893122], [84.35401929492492, 25.9586989760899], [84.42768396170543, 25.891160485338148], [84.5339848732621, 25.876151931837757], [84.53056583809507, 25.831662291104458], [84.62474471587774, 25.791996828282002], [84.60298721936029, 25.76197972128122], [84.634691, 25.72794246602141], [84.56040469046185, 25.737054802075217], [84.55729647667366, 25.679700686913016], [84.53989047945969, 25.726870426485668], [84.49917287883419, 25.674876509002175], [84.45348213614754, 25.714005952056763], [84.40654810794561, 25.69792535902063], [84.39100703900458, 25.74455907882541], [84.33661329771095, 25.743219029405736], [84.32386962117931, 25.67032034097527], [84.27631395021974, 25.659331935733913], [84.20575749722745, 25.6697843212074], [84.15478279110086, 25.72928251544109], [84.08919948016968, 25.71346993228889], [84.08142894569917, 25.636551095599394], [83.87628683567752, 25.518090726899892], [83.85670508881181, 25.468508898371816], [83.81629830956513, 25.461272631505558], [83.84644798331072, 25.434471643112005], [83.76905345998438, 25.386497873887546], [83.74076871451169, 25.410350753557807], [83.70129439940146, 25.394806180289546], [83.64876558638076, 25.339328134314894], [83.53997810379353, 25.315743264528567], [83.35721513304696, 25.199694984784482], [83.36747223854803, 25.125188237050406], [83.3202273889673, 25.017180253824385], [83.35068788409173, 25.008871947422385], [83.35752595442578, 24.870578847311652], [83.39482451988427, 24.834397512980356], [83.39358123436898, 24.782403595496863], [83.48931421904575, 24.73657390534389], [83.48496271974226, 24.70173262043227], [83.52039635692782, 24.677611730878073], [83.50050378868329, 24.65134676225239], [83.54805945964286, 24.622937714555224], [83.50330118109268, 24.525382116802692], [83.40010848332422, 24.497777098757332], [83.40508162538535, 24.404777669031702], [83.45729961702722, 24.364576186441376], [83.3805267364585, 24.313654308493625], [83.40912230331001, 24.266216559037034], [83.35410691925875, 24.124975350203012], [83.22356194015406, 23.98668225009228], [83.20802087121302, 23.92128783841201], [83.09146285415527, 23.871438], [82.94786337714011, 23.871438], [82.88476663723951, 23.908959383750975], [82.8126560773531, 23.959881261698726], [82.80395307874612, 24.003566872780215], [82.7511134443466, 24.01187517918222], [82.77411422637934, 24.07592954144281], [82.71381487888813, 24.074589492023133], [82.66439427965564, 24.12765544904237], [82.68304356238488, 24.154724447319854], [82.72811266231388, 24.135695745560433], [82.77287094086405, 24.30775809104704], [82.76945190569703, 24.37074041377189], [82.7135040575093, 24.38038876959357], [82.74365373125491, 24.496437049337654], [82.71909884232808, 24.55245111508018], [82.80270979323085, 24.596940755813478], [82.76541122777236, 24.595868716277735], [82.77380340500052, 24.64169840643071], [82.70666598717524, 24.636338208752], [82.67092152861086, 24.69690844252143], [82.540687370885, 24.64786263376123], [82.52359219504986, 24.678147750645945], [82.54566051294613, 24.80411239609564], [82.58078332875287, 24.82984134495345], [82.6578670307004, 24.781063546077185], [82.70200366649294, 24.82635721646229], [82.80675047115551, 24.851818155436167], [82.95439062609535, 24.836809601935776], [83.07436767832013, 24.976174741582252], [83.06193482316729, 25.062473924209492], [83.1324912761596, 25.060329845138007], [83.13311291891723, 25.130548434729114], [83.17196559126982, 25.13751669171144], [83.18097941125562, 25.178522203953577], [83.07281357142602, 25.212559459213388], [83.00909518876779, 25.295910533117336], [83.16015437887464, 25.340936193618507], [83.1881283029685, 25.41624697100439], [83.12534238444672, 25.450284226264202], [83.16512752093577, 25.48994968908666], [83.17320887678511, 25.526399033301892], [83.16481669955695, 25.506298292006726], [83.10234160241399, 25.526131023417957], [83.11663938583975, 25.500402074560146], [83.08400314106356, 25.49638192630111], [83.06784042936489, 25.554540071115124], [83.02090640116296, 25.576784891481772], [82.9553230902318, 25.525595003650086], [82.93294395095671, 25.56740454554403], [82.86704981864672, 25.580001010089], [82.77908736844047, 25.529347142025184], [82.71630144991869, 25.532027240864537], [82.71008502234227, 25.483517451872206], [82.73836976781496, 25.46663282918427], [82.68397602652134, 25.421339158799164], [82.70386859476586, 25.32324754127876], [82.63642035556177, 25.220867765615388], [82.58326989978343, 25.24954482319649], [82.4521032779211, 25.21899169642784], [82.38683078836875, 25.259461188902105], [82.34922140153145, 25.206663241766805], [82.30321983746599, 25.268841534839847], [82.26685373614397, 25.26857352495591], [82.23048763482194, 25.22193980515113], [82.28208398370619, 25.200231004552354], [82.27120523544745, 25.159493502194152], [82.30228737332952, 25.15198922544396], [82.32559897674108, 25.0715862602633], [82.25131266720294, 24.95178584214412], [82.10864565432423, 24.875135015338557], [82.09403704951966, 24.817512890292416], [81.94266703803399, 24.845921937989583], [81.90288190154493, 24.891751628142558], [81.90692257946961, 25.00619184858303], [81.79285113344241, 25.004583789279415], [81.73161932181473, 25.048537410244844], [81.68965843567395, 25.038889054423166], [81.66665765364121, 25.07507038875446], [81.61164226958995, 25.056309696878973], [81.6408594791991, 25.098923268424723], [81.62438594612159, 25.12009604925563], [81.60822323442292, 25.095975159701432], [81.59765530754302, 25.13135246438092], [81.62625087439451, 25.16083355161383], [81.57247877585854, 25.19219070803429], [81.51466599939789, 25.18361439174835], [81.53642349591534, 25.160565541729895], [81.47985400496998, 25.132156494032728], [81.51808503456492, 25.10106734749621], [81.48980028909223, 25.073194319566912], [81.41240576576588, 25.103747446335564], [81.44752858157263, 25.107231574826724], [81.438203940208, 25.130548434729114], [81.39966208923424, 25.119292019603822], [81.33470042106072, 25.16914185801583], [81.32133510177142, 25.11285978238937], [81.3135645673009, 25.163781660337122], [81.2775092873577, 25.165925739408607], [81.26383314668959, 25.05309357827175], [81.20881776263833, 24.992523344502317], [81.21845322538177, 24.931953110732888], [81.16810016201282, 24.95526997063528], [81.13950459516131, 24.88746346999959], [81.08977317455, 24.94615763458147], [81.01579768639068, 24.951249822376248], [81.02294657810356, 24.92766495258992], [80.95736326717238, 24.917748586884304], [80.94586287615603, 24.966258375876638], [80.81220968326312, 24.922572764795145], [80.7923171150186, 24.96491832645696], [80.852305641131, 24.988771206127222], [80.83179143012883, 25.032992836976582], [80.87810381557311, 25.065422032932783], [80.86846835282967, 25.115807891112663], [80.91291581000102, 25.159225492310217], [80.88463106452835, 25.187098520239513], [80.83831867908407, 25.180666283025058], [80.82992650185591, 25.099995307960466], [80.80816900533846, 25.13698067194357], [80.70435466481234, 25.128404355657633], [80.78765479433629, 25.061669894557685], [80.6794889545067, 25.048537410244844], [80.68477291794665, 25.07694645794201], [80.60737839462028, 25.098119238772917], [80.63814971112353, 25.11661192076447], [80.60644593048383, 25.150381166140345], [80.5924589684369, 25.090078942254852], [80.61328400081788, 25.06569004281672], [80.47963080792499, 25.096243169585367], [80.54956561815965, 25.002439710207934], [80.45631920451343, 24.98153493926096], [80.43300760110188, 25.02361249103884], [80.50200994720008, 25.037280995119552], [80.44885949142174, 25.078554517245625], [80.37364071774712, 25.056041686995037], [80.39633067840104, 25.012088066029612], [80.36307279086722, 25.02361249103884], [80.33105818884869, 24.992255334618385], [80.26329912826579, 25.024952540458518], [80.29096223098082, 25.059257805602265], [80.35530225639671, 25.0557736771111], [80.35778882742727, 25.142608879506213], [80.43114267282895, 25.17396603592667], [80.40379039149273, 25.243648605749907], [80.31085479922535, 25.286530187179594], [80.31551711990765, 25.388909962842966], [80.26423159240224, 25.42401925763852], [80.25366366552234, 25.400970407620065], [80.20237813801693, 25.414102891932906], [80.13120004226698, 25.334235946520117], [80.03360212931729, 25.34200823315425], [80.00469574108696, 25.267233475536237], [79.94843707152042, 25.26857352495591], [79.91766575501717, 25.22676398306197], [79.90740864951609, 25.25088487261617], [79.85146080132836, 25.235608309231843], [79.88161047507397, 25.14207285973834], [79.85177162270719, 25.12867236554157], [79.86016379993535, 25.096243169585367], [79.74857892493871, 25.139660770782925], [79.60031712724124, 25.128136345773697], [79.56923498935917, 25.171821956855187], [79.49152964465401, 25.079626556781363], [79.46510982745424, 25.087934863183367], [79.47723186122825, 25.127600326005826], [79.40543212272067, 25.10615953529098], [79.39020187515845, 25.170213897551573], [79.4946378584422, 25.266965465652298], [79.4088511578877, 25.25597706041094], [79.36875520001983, 25.292426404626177], [79.36471452209516, 25.261069248205718], [79.33611895524366, 25.288138246483207], [79.35228166694233, 25.329947788377147], [79.29975285392163, 25.33772007501128], [79.26276510984198, 25.273397702866752], [79.35072756004823, 25.26401735692901], [79.35197084556351, 25.212291449329452], [79.27923864291947, 25.24472064528565], [79.32275363595437, 25.149309126604603], [79.28296849946531, 25.117415950416273], [79.26058936019022, 25.1530612649797], [79.24504829124919, 25.113663812041178], [79.19220865684967, 25.14636101788131], [79.18599222927327, 25.115003861460856], [79.130976845222, 25.10937565389821], [79.09057006597531, 25.191118668498547], [79.03089236124174, 25.138320721363247], [79.06352860601791, 25.22193980515113], [78.99452625991971, 25.273129692982817], [78.9761877985693, 25.240164477258748], [79.00602665093608, 25.195138816757577], [78.94168662552019, 25.212827469097324], [78.88045481389253, 25.157617433006603], [78.88076563527135, 25.254100991223396], [78.97991765511514, 25.2790259104294], [78.96064672962827, 25.344956341877538], [78.92801048485208, 25.324051570930568], [78.88200892078663, 25.34361629245786], [78.84968349738928, 25.228908062133456], [78.8095875395214, 25.27044959414346], [78.82854764362946, 25.302610780215726], [78.78783004300395, 25.295910533117336], [78.8801439925137, 25.385961854119675], [78.95318701653656, 25.400166377968258], [78.89630670421238, 25.37416941922651], [78.938578411732, 25.347100420949022], [78.98924229647976, 25.37416941922651], [78.96717397858349, 25.434471643112005], [78.9087395593652, 25.442511939630073], [78.9432407324143, 25.48083735303285], [78.91992912900275, 25.5151426181766], [78.9401325186261, 25.5558801205348], [78.88263056354427, 25.554004051347253], [78.88449549181719, 25.51567863794447], [78.8350748925847, 25.505762272238854], [78.86615703046677, 25.465560789648528], [78.8440887125705, 25.42777139601362], [78.82077710915895, 25.438759801254974], [78.84098049878229, 25.461540641389494], [78.73809862239264, 25.494773866997498], [78.76234268994065, 25.42696736636181], [78.82139875191659, 25.422411198334906], [78.74835572789372, 25.409814733789936], [78.77477554509349, 25.352996638395606], [78.72659823137627, 25.343348282573924], [78.66008245630864, 25.38381777504819], [78.66567724112743, 25.415442941352584], [78.71136798381407, 25.428039405897554], [78.65821752803572, 25.44090388032646], [78.635216746003, 25.40070239773613], [78.56652522128363, 25.390786032030515], [78.58486368263404, 25.346832411065087], [78.52953747720396, 25.35326464827954], [78.55315990199433, 25.319763412787598], [78.53295651237099, 25.301002720912113], [78.49814451794308, 25.320031422671534], [78.43504777804247, 25.28438610810811], [78.4505888469835, 25.26214128774146], [78.5317132268557, 25.283850088340238], [78.57802561229998, 25.25329696157159], [78.5556464730249, 25.209075330722225], [78.56839014955655, 25.224619903990487], [78.602269679848, 25.09490312016569], [78.6277570329113, 25.086326803879754]]], [[[79.42594633372283, 25.058721785834393], [79.35601152348818, 25.04049711372678], [79.35103838142705, 25.068906161423943], [79.37994476965737, 25.064886013164912], [79.35072756004823, 25.117951970184144], [79.36409287933752, 25.143144899274084], [79.42594633372283, 25.058721785834393]]], [[[79.36595780761044, 25.171821956855187], [79.35445741659407, 25.17584210511422], [79.3594305586552, 25.18843856965919], [79.37248505656568, 25.180130263257187], [79.36595780761044, 25.171821956855187]]]]}}, {"type": "Feature", "properties": {"name": "Uttarakhand", "st_code": "uttarakhand"}, "geometry": {"type": "Polygon", "coordinates": [[[80.05907018100632, 28.915847552628538], [80.06171723535178, 28.78321378486424], [79.95432245905032, 28.722897], [79.9399527354607, 28.787634910456383], [79.87302007558266, 28.797424545696128], [79.91537294511, 28.804372028769496], [79.88814610041385, 28.83658308665511], [79.8087344700501, 28.799950903177354], [79.84957473709431, 28.859320303986134], [79.81970083805271, 28.887110236279607], [79.70663380243955, 28.841004212247256], [79.65596161925507, 28.869741528596187], [79.5844911519277, 28.84637272189486], [79.55650800598998, 28.89942622900058], [79.52171814887825, 28.864688813633737], [79.42566789120018, 28.866583581744656], [79.42755864430407, 28.912689605777008], [79.37234865367023, 28.98753294615829], [79.3073067468961, 28.96637470225303], [79.21163463983882, 29.027638871172734], [79.17117252341538, 29.011849136915078], [79.15339944423873, 29.115113998960137], [79.03655090241777, 29.169114890121318], [79.0267189862775, 29.112587641478914], [78.98058461054237, 29.141324957827845], [78.90646708886953, 29.124903634199885], [78.87432428610325, 29.230379059041017], [78.807769776846, 29.236694952744077], [78.72495479089524, 29.30332763131138], [78.76655135918101, 29.337433457307913], [78.79604710760184, 29.311854087810513], [78.82592100664344, 29.36364441617562], [78.84974449575256, 29.34501252975159], [78.94314769908517, 29.434698220335065], [78.70037500054455, 29.505752024494512], [78.53285427553911, 29.638701586943963], [78.51129969015466, 29.724913535990755], [78.33545965149206, 29.797546313575968], [78.2598295273361, 29.738492707452338], [78.20386323546069, 29.737229528711726], [78.19592207242431, 29.69270247810514], [78.05751894521892, 29.630806719815137], [78.02046018438249, 29.581542748931252], [77.93310739098236, 29.600490430040438], [77.98377957416685, 29.64470168596187], [77.95314937388369, 29.707544828307338], [77.79886392060554, 29.68638658440208], [77.77466228087563, 29.791230419872907], [77.71604893465476, 29.867021144309646], [77.74781358680026, 29.91123240023108], [77.73344386321064, 29.95607524552282], [77.80113282433021, 30.095656496360483], [77.86050247179264, 30.113340998729058], [77.96184683816162, 30.24250102495667], [77.72172119396646, 30.33029194742923], [77.65705743781312, 30.40071416221837], [77.573108, 30.412398565569035], [77.823821861577, 30.521979321317158], [77.81777145164453, 30.56113786227614], [77.77390597963407, 30.55797991542461], [77.74327577935091, 30.5930331254766], [77.7958387156393, 30.614507164067014], [77.79130090818994, 30.65935000935875], [77.74743543617949, 30.6798766638937], [77.70356996416903, 30.764193844829578], [77.76142700914833, 30.826089603119584], [77.75802365356132, 30.87693254742923], [77.80567063177958, 30.85324794604275], [77.81323364419517, 30.922091187406124], [77.76293961163145, 30.918301651184287], [77.74932618928338, 30.952723271865974], [77.77201522653017, 30.97388151577123], [77.83743528392507, 30.953354861236278], [77.8143680960575, 30.96188131773541], [77.81134289109127, 31.059146080762563], [77.8986956844914, 31.150410744771808], [77.96714094685254, 31.17346375678798], [78.03029210052277, 31.151042334142115], [78.16037591407101, 31.225569879838243], [78.37024950860379, 31.28651825407279], [78.48369469483772, 31.199043126285382], [78.60924070093662, 31.22935941606008], [78.6580221310172, 31.18514816013865], [78.81003868057068, 31.198411536915078], [78.88529065410586, 31.098936211091853], [79.00894590710085, 31.109989025072213], [78.88113099727728, 31.28430769127672], [78.94314769908517, 31.365782720046216], [79.01499631703334, 31.347150833622184], [79.01575261827489, 31.423257352744077], [79.0717189101503, 31.4561], [79.1390297206491, 31.43367857735413], [79.1670128665868, 31.36104579976892], [79.23318922522327, 31.333887456845755], [79.21730689915051, 31.312413418255343], [79.245668195709, 31.28272871785095], [79.22184470659987, 31.25999150051993], [79.29634037889349, 31.217675012709417], [79.31827311489872, 31.135884189254767], [79.40335700457418, 31.113778561294048], [79.42642419244174, 31.02409287071057], [79.50697027466784, 31.031987737839398], [79.601129779242, 30.93314400138648], [79.75314632879547, 31.006408368341997], [79.8647007619255, 30.972618337030617], [79.93238972304509, 30.88009049428076], [80.00953244968417, 30.86872188561525], [80.11843982846875, 30.779983579087233], [80.17289351786104, 30.80840510075101], [80.24927994325856, 30.744298779664934], [80.19331365138315, 30.667560671172733], [80.21978419483773, 30.642612891045637], [80.21259933304292, 30.584190874292315], [80.31545630189501, 30.56492739849798], [80.34684280341973, 30.520716142576546], [80.41793512012633, 30.52450567879838], [80.54083407187977, 30.448399159676487], [80.60738858113702, 30.471767966377815], [80.80364875332172, 30.323660259041016], [81.0320517282727, 30.246922150548816], [81.045287, 30.20965837770075], [80.99461481681551, 30.18628957099942], [80.92843845817904, 30.17492096233391], [80.90726202341538, 30.222605959792027], [80.86226209954259, 30.169552452686307], [80.87700997375299, 30.128499143616406], [80.76167403441517, 30.049866267013286], [80.74390095523852, 30.004391832351242], [80.67545569287736, 29.95733842426343], [80.6020944724461, 29.95702262957828], [80.55369119298628, 29.849336641941075], [80.4935652442823, 29.79470416140959], [80.40734690274451, 29.794388366724437], [80.3661284850795, 29.74070327024841], [80.41604436702244, 29.652280758405546], [80.40848135460683, 29.596069304448296], [80.28558240285341, 29.475435734719813], [80.30033027706382, 29.45048795459272], [80.2428513827053, 29.443540471519352], [80.31848150686125, 29.302064452570768], [80.29201096340667, 29.19690482241479], [80.24398583456764, 29.212694556672442], [80.27121267926378, 29.140377573772387], [80.16570865606622, 29.125851018255343], [80.13583475702461, 29.007428011322933], [80.05907018100632, 28.915847552628538]]]}}, {"type": "Feature", "properties": {"name": "West Bengal", "st_code": "west-bengal"}, "geometry": {"type": "MultiPolygon", "coordinates": [[[[88.04492580515574, 21.508397493104045], [88.04954184890624, 21.516342626002654], [88.05086071854925, 21.50905958751226], [88.04492580515574, 21.508397493104045]]], [[[88.07328150248028, 21.531239750187545], [88.07493008953404, 21.51700472041087], [88.06108195828251, 21.508066445899935], [88.07328150248028, 21.531239750187545]]], [[[87.9918413020249, 21.513032153961564], [88.01657010783119, 21.595462907784636], [88.0478932618525, 21.58122787800796], [88.0544876100675, 21.550440488025853], [88.02547247792145, 21.562027140169658], [87.9918413020249, 21.513032153961564]]], [[[88.1893420310645, 21.578248453170982], [88.197914683744, 21.542164307923134], [88.16362407302594, 21.59744919100929], [88.1893420310645, 21.578248453170982]]], [[[88.07756782882004, 21.57394483951757], [88.07591924176629, 21.588179869294244], [88.08350274221355, 21.572289603497026], [88.07756782882004, 21.57394483951757]]], [[[88.08218387257055, 21.587186727681917], [88.08350274221355, 21.59248348294766], [88.09042680783932, 21.584869397253158], [88.08218387257055, 21.587186727681917]]], [[[88.07427065471254, 21.613339456806507], [88.07756782882004, 21.621615636909226], [88.0792164158738, 21.607711654336658], [88.07427065471254, 21.613339456806507]]], [[[87.9443619948768, 21.598442332621616], [87.97403656184436, 21.68219727526112], [87.98590638863138, 21.686831936118644], [87.99019271497114, 21.62293982572566], [87.9443619948768, 21.598442332621616]]], [[[87.90215816630074, 21.686831936118644], [87.90809307969424, 21.704046390732298], [87.90710392746199, 21.686831936118644], [87.90215816630074, 21.686831936118644]]], [[[87.97898232300562, 21.702391154711755], [87.98689554086363, 21.699080682670665], [87.98063091005938, 21.691797644180273], [87.97898232300562, 21.702391154711755]]], [[[87.92326008058876, 21.709674193202144], [87.94073510335855, 21.723578175774712], [87.92820584175003, 21.689149266547403], [87.92326008058876, 21.709674193202144]]], [[[87.94732945157357, 21.704377437936405], [87.95227521273482, 21.711660476426797], [87.95623182166382, 21.705039532344625], [87.94732945157357, 21.704377437936405]]], [[[88.20022270561927, 21.723578175774712], [88.20088214044077, 21.710336287610364], [88.18340711767098, 21.694446021813143], [88.20022270561927, 21.723578175774712]]], [[[87.97832288818411, 21.72424027018293], [87.98656582345288, 21.730199119856884], [87.98491723639913, 21.72192293975417], [87.97832288818411, 21.72424027018293]]], [[[87.94765916898432, 21.729868072652778], [87.95985871318209, 21.73979948877604], [87.95425351719932, 21.73119226146921], [87.94765916898432, 21.729868072652778]]], [[[88.07394093730178, 21.777207822840325], [88.12109052703912, 21.774228398003345], [88.12801459266488, 21.681204133648794], [88.13625752793365, 21.75999336822667], [88.11152872212736, 21.790449711004673], [88.08416217703505, 21.792435994229326], [88.13296035382615, 21.87354255923596], [88.17087785606246, 21.737813205551387], [88.12076080962836, 21.623932967337986], [88.03338569577946, 21.662996537422817], [88.07394093730178, 21.777207822840325]]], [[[87.94271340782305, 21.745758338449996], [87.93183273326828, 21.744434149633562], [87.95689125648533, 21.771580020370475], [87.95722097389609, 21.756682896185584], [87.94271340782305, 21.745758338449996]]], [[[87.8803968171912, 21.75767603779791], [87.90182844888997, 21.77224211477869], [87.88138596942345, 21.745427291245885], [87.8803968171912, 21.75767603779791]]], [[[88.17582361722371, 21.782504578106064], [88.17516418240221, 21.79872589110739], [88.18274768284948, 21.78051829488141], [88.17582361722371, 21.782504578106064]]], [[[88.18010994356348, 21.839444697212762], [88.17417503016996, 21.85566601021409], [88.190001465886, 21.833816894742917], [88.18010994356348, 21.839444697212762]]], [[[88.16362407302594, 21.862618001500373], [88.16263492079369, 21.865928473541462], [88.16922926900871, 21.862286954296266], [88.16362407302594, 21.862618001500373]]], [[[88.09174567748232, 21.893736438686595], [88.10361550426934, 21.88976387223729], [88.09438341676832, 21.866921615153785], [88.09174567748232, 21.893736438686595]]], [[[88.09932917792958, 21.899033193952334], [88.09504285158982, 21.905654138034507], [88.11053956989511, 21.901019477176984], [88.09932917792958, 21.899033193952334]]], [[[88.14153300650565, 21.920551262219398], [88.12999289712938, 21.900026335564657], [88.11185843953811, 21.91724079017831], [88.11482589623486, 21.93114477275088], [88.14153300650565, 21.920551262219398]]], [[[88.13427922346915, 22.016223904206818], [88.12801459266488, 21.993381647123318], [88.0884485033748, 21.973849862080904], [88.09669143864357, 22.0003336384096], [88.13427922346915, 22.016223904206818]]], [[[88.07295178506953, 22.184726931098158], [88.13625752793365, 22.185389025506375], [88.18670429177848, 22.10461350770385], [88.06437913239002, 22.01821018743147], [88.01953756452794, 22.071839834497084], [87.99283045425715, 22.07581240094639], [88.048552696674, 21.997354213572624], [87.95524266943157, 21.830506422701827], [87.89721240513947, 21.793429135841652], [87.87050529486868, 21.810974637659413], [87.87907794754818, 21.772573161982802], [87.78939481182402, 21.699742777078885], [87.48605479393349, 21.60969793756131], [87.43824576937465, 21.790780758208783], [87.44022407383915, 21.768600595533496], [87.37362115686753, 21.764296981880083], [87.26382525908758, 21.818919770558022], [87.24338277962106, 21.963918445957642], [87.17018551443442, 21.979477664550753], [87.1616128617549, 21.935448386404293], [87.09632881442629, 21.913930318137226], [87.09863683630154, 21.865928473541462], [87.03763911531269, 21.868245803970222], [87.00202963495163, 21.9129371765249], [87.02807731040092, 22.037741972473885], [86.96510128494755, 22.085743817069652], [86.83783036439783, 22.097661516417563], [86.7946373835895, 22.157250013157135], [86.72176983581362, 22.146656502625657], [86.72704531438563, 22.216838509896704], [86.80222088403676, 22.21783165150903], [86.79232936171425, 22.266164543308903], [86.80288031885826, 22.244315427837726], [86.81343127600228, 22.267488732125337], [86.88662854118891, 22.257557316002075], [86.88827712824266, 22.297282980495122], [86.83321432064731, 22.32442885123204], [86.84541386484509, 22.399907613768825], [86.75111468537042, 22.4558545912632], [86.75078496795967, 22.482338367591897], [86.80090201439376, 22.487966170061746], [86.78870247019599, 22.54887885561775], [86.75737931617468, 22.578673103987533], [86.6584640929495, 22.575693679150557], [86.64065935276898, 22.659448621790062], [86.55921915231357, 22.71241617444746], [86.51042097552249, 22.704802088752956], [86.41941897015533, 22.790874361821224], [86.46722799471416, 22.90078203358532], [86.43590484069286, 22.925941621097582], [86.52558797641701, 22.94745968936465], [86.5470196081158, 22.989502684286457], [86.51899362820201, 22.97063299365226], [86.30467731121412, 23.01664855502337], [86.18564932593316, 23.005392950083674], [86.1460832366431, 23.075243910150615], [86.04914631788242, 23.106031300132724], [86.04354112189965, 23.145094870217555], [85.88197959063187, 23.168268174505165], [85.819663, 23.268575477350105], [85.88362817768562, 23.35034413676496], [85.8697800464341, 23.38907665964568], [85.90275178750916, 23.398677028564833], [85.86318569821908, 23.462569138957814], [86.05409207904367, 23.48706663206186], [86.01683401162886, 23.547648270413756], [86.0418925348459, 23.586049746090367], [86.15861249825161, 23.55956596976167], [86.14839125851834, 23.465217516590684], [86.24598761210052, 23.45958971412084], [86.24763619915427, 23.41158786952507], [86.31028250719689, 23.41191891672918], [86.30566646344637, 23.43509222101679], [86.37919344604376, 23.473824743897513], [86.38776609872328, 23.574132046742456], [86.46195251614215, 23.629747977032718], [86.71286746572335, 23.69860579548733], [86.84673273448809, 23.68403971850655], [86.79892370992926, 23.69992998430377], [86.82859827689681, 23.759849528247447], [86.80024257957226, 23.8340041019678], [86.82661997243231, 23.814141269721276], [86.87475871440189, 23.847577037336258], [86.88992571529641, 23.819769072191125], [86.88135306261691, 23.863136255929366], [86.91630310815647, 23.88266804097178], [86.94696682735628, 23.84592180131571], [86.97301450280557, 23.86909510560332], [87.03796883272344, 23.83930085723354], [87.11149581532082, 23.775077699636448], [87.08907503138978, 23.814141269721276], [87.14941331755713, 23.796595767903515], [87.16721805773767, 23.825065827456864], [87.12930055550135, 23.86909510560332], [87.23382097470929, 23.856515311847193], [87.21733510417175, 23.830031535518494], [87.24074504033504, 23.82572792186508], [87.24635023631781, 23.90882077009637], [87.26943045507035, 23.874391860869064], [87.29514841310889, 23.90120668440187], [87.24536108408556, 24.045212218189164], [87.33702252427422, 24.033956613249465], [87.3291093064162, 23.99886560961394], [87.46000711848419, 23.98429953263316], [87.4379160519639, 24.013100639390615], [87.51210246938278, 24.03594289647412], [87.49759490330976, 24.11771155588897], [87.55892234170936, 24.081296363437012], [87.61035825778646, 24.132277632869755], [87.57573792965765, 24.161078739627214], [87.69509563234936, 24.1491610402793], [87.69839280645687, 24.187231468751804], [87.63838423770027, 24.214708386692827], [87.63871395511102, 24.254103003981765], [87.70597630690413, 24.26039290085983], [87.8009349212003, 24.382549319175947], [87.8283014662926, 24.49775374620578], [87.79434057298529, 24.501395265450977], [87.80884813905831, 24.54741082682209], [87.7715900716435, 24.58382601927405], [87.88995862210295, 24.553038629291937], [87.90875251451574, 24.585812302498702], [87.91139025380174, 24.610309795602745], [87.87512133861918, 24.613620267643835], [87.9143577104985, 24.63712461913555], [87.88863975245995, 24.67916761405736], [87.90776336228349, 24.721210608979167], [87.81808022655933, 24.75497742379826], [87.8348958145076, 24.789406333025564], [87.83654440156137, 24.765901981533844], [87.86918642522568, 24.77484025604478], [87.89754212255022, 24.859257293092504], [87.96282616987884, 24.752660093369496], [87.89721240513947, 24.860581481908937], [87.96051814800359, 24.920832073056726], [87.95392379978857, 24.978103239367535], [87.79565944262829, 25.087348816723413], [87.77851413726926, 25.25055508834901], [87.71125178547614, 25.257838126839403], [87.76268770155323, 25.2654522125339], [87.81840994397008, 25.241947861042185], [87.84676564129462, 25.264459070921575], [87.84709535870539, 25.304515782618733], [87.78411933325202, 25.340268880662475], [87.76697402789299, 25.41607869040337], [87.78708678994877, 25.449183410814243], [87.86424066406441, 25.464411582203244], [87.88402370870945, 25.520689606901726], [87.95952899577134, 25.538566155923597], [88.0792164158738, 25.458452732529288], [88.06932489355128, 25.525986362167465], [88.02085643417094, 25.570677734722143], [88.04888241408474, 25.70276556916152], [87.90446618817599, 25.77261652922846], [87.91765488460601, 25.816314760170812], [87.88929918728145, 25.82988769553927], [87.91567658014151, 25.853392047030987], [87.8296203359356, 25.871599643256967], [87.81082644352281, 25.92787766795545], [87.83951185825812, 25.93383651762941], [87.85533829397414, 26.035136962086675], [87.92655725469628, 26.083800901090658], [87.98227949711313, 26.07287634335507], [87.97502571407661, 26.14305835062612], [88.07328150248028, 26.175169929424662], [88.30045679848745, 26.350624947602284], [88.2447345560706, 26.375784535114548], [88.27341997080589, 26.41882067164868], [88.22758925071156, 26.49198210375671], [88.18208824802798, 26.505555039125166], [88.23550246856958, 26.544949656414104], [88.23088642481906, 26.572426574355127], [88.14581933284542, 26.5221073993306], [88.1052640913231, 26.55123955329217], [88.16032689891844, 26.636649731952218], [88.18703400918923, 26.771385944024466], [88.13296035382615, 26.982263013041724], [88.03998004399448, 27.035561612903226], [87.9918413020249, 27.108391997807146], [88.03998004399448, 27.220617], [88.07888669846305, 27.201416262161693], [88.09603200382207, 27.13355158531941], [88.15373255070342, 27.10971618662358], [88.3021053855412, 27.128916924461883], [88.42574941457266, 27.071314710946968], [88.53191842083436, 27.176256674649434], [88.59720246816298, 27.188174373997345], [88.65292471057982, 27.160035361648106], [88.68820447353013, 27.175263533037107], [88.7244733887127, 27.13553786854406], [88.79800037131008, 27.139179387789255], [88.8659221579247, 27.109054092215363], [88.87317594096122, 26.943861537365112], [88.92032553069855, 26.994180712389635], [88.94109772757584, 26.93095069640487], [88.9753883382939, 26.912743100178893], [89.01627329722697, 26.937571640487047], [89.08947056241361, 26.889238748687173], [89.09045971464586, 26.84057480968319], [89.12903665170367, 26.80647694765999], [89.25597785484266, 26.807801136476428], [89.37467612271287, 26.854147745051648], [89.45446773611451, 26.797869720353166], [89.54777776335692, 26.813097891742167], [89.64009863836709, 26.777344793698425], [89.6199858763113, 26.715770013734204], [89.74362990534277, 26.73265342114375], [89.76374266739856, 26.69888660632466], [89.85111778124747, 26.69855555912055], [89.874198, 26.584013226498932], [89.85111778124747, 26.520783210514168], [89.8695819562495, 26.46384309140747], [89.82803756249493, 26.394654225748745], [89.85639325981947, 26.384391762421373], [89.7808879727576, 26.352942278031048], [89.75714831918354, 26.288719120433953], [89.71989025176873, 26.306926716659934], [89.73835442677077, 26.26984942979976], [89.70241522899894, 26.259255919268277], [89.7320897959665, 26.236744709388887], [89.70043692453444, 26.21787501875469], [89.734068100431, 26.20992988585608], [89.69845862006994, 26.190729148017773], [89.736705839717, 26.172190504587686], [89.7014260767667, 26.151334530728835], [89.68559964105067, 26.230785859714928], [89.63416372497358, 26.229461670898495], [89.64999016068961, 26.190067053609557], [89.62756937675857, 26.18377715673149], [89.65856281336912, 26.17616307103699], [89.60745661470278, 26.17914249587397], [89.59624622273726, 26.1347821705234], [89.63020711604457, 26.117567715909747], [89.59360848345125, 26.10167745011253], [89.62954768122307, 26.10664315817416], [89.64999016068961, 26.063607021640024], [89.60514859282753, 26.063938068844134], [89.56986882987721, 25.966941238040278], [89.53887539326665, 25.972900087714237], [89.54085369773117, 26.005673760921], [89.4271011910222, 26.013618893819608], [89.4238040169147, 26.04672361423048], [89.39347001512564, 26.007991091349762], [89.34928788208506, 26.01030842177852], [89.2543292677889, 26.06460016325235], [89.26553965975442, 26.092739175601594], [89.2296004619826, 26.123857612787813], [89.15508432715298, 26.138754736972704], [89.14090647849069, 26.236082614980667], [89.10002151955763, 26.27978084592302], [89.10463756330813, 26.31586499117087], [89.1207937164349, 26.287063884413413], [89.13629043474019, 26.320168604824282], [89.08353564902009, 26.322485935253045], [89.09639462803936, 26.39068165929944], [89.0060520574937, 26.42146904928155], [88.99418223070668, 26.413192869178832], [88.96483738114988, 26.45821528893762], [88.90482881239328, 26.40888925552542], [88.91076372578678, 26.36817044942005], [88.95857275034562, 26.361880552541983], [88.95593501105961, 26.330431068151654], [88.98626901284867, 26.34896971158174], [88.99583081776044, 26.2903743564545], [89.05913656062455, 26.293684828495586], [89.05089362535578, 26.241379370246406], [88.95362698918436, 26.264883721738126], [88.9786855124014, 26.244358795083386], [88.95692416329186, 26.240386228634083], [88.89823446417826, 26.288719120433953], [88.8613061141742, 26.272828854636735], [88.87845141953322, 26.2334342373478], [88.84284193917216, 26.230785859714928], [88.81910228559812, 26.294677970107912], [88.76008286907377, 26.300636819781868], [88.76041258648452, 26.329768973743437], [88.74359699853623, 26.288719120433953], [88.6644648199561, 26.257931730451844], [88.6684214288851, 26.293684828495586], [88.70600921371067, 26.28507760118876], [88.67270775522486, 26.314540802354436], [88.74458615076848, 26.320499652028392], [88.74359699853623, 26.346652381152982], [88.7004040177279, 26.329437926539327], [88.7010634525494, 26.386378045646026], [88.62193127396927, 26.43206255981303], [88.62061240432627, 26.469139846673208], [88.55796609628365, 26.457222147325293], [88.48312024404326, 26.539321853944255], [88.44520274180695, 26.53303195706619], [88.42113337082216, 26.56315725264008], [88.4148687400179, 26.62903564625772], [88.40003145653412, 26.64426381764672], [88.3334285395625, 26.497278859022448], [88.35057384492153, 26.448614920018468], [88.37266491144182, 26.48933372612384], [88.48443911368628, 26.461194713774596], [88.52202689851184, 26.360556363725546], [88.45641313377247, 26.377108723930984], [88.34859554045703, 26.28209817635178], [88.35090356233228, 26.221516537999886], [88.17879107392048, 26.149679294708292], [88.15768915963244, 26.079497287437245], [88.18208824802798, 26.02652973477985], [88.13955470204115, 26.013949941023718], [88.0864701989103, 25.913642638178775], [88.11515561364561, 25.79876925835305], [88.15109481141742, 25.775927001269547], [88.26155014401887, 25.813666382537942], [88.40233947840937, 25.671978179179412], [88.45476454671872, 25.6640330462808], [88.4461918940392, 25.59517522782619], [88.49927639717005, 25.58391962288649], [88.53983163869238, 25.5084408603497], [88.60874257753925, 25.516385993248313], [88.6997445829064, 25.471363573489526], [88.70864695299667, 25.500164680246986], [88.76502863023502, 25.494536877777136], [88.75975315166302, 25.52499322055514], [88.8111890677401, 25.523337984534596], [88.84020419988616, 25.363442184950085], [88.93911942311134, 25.2995500745571], [89.0086897967797, 25.301867404985863], [89.00770064454746, 25.263134882105142], [88.95230811954136, 25.24757566351203], [88.96154020704238, 25.207849999018986], [88.9206552481093, 25.16547595689307], [88.84317165658291, 25.213477801488835], [88.80624330657885, 25.16977957054648], [88.68721532129788, 25.208843140631313], [88.55994440074815, 25.17507632581222], [88.49729809270555, 25.211160471060072], [88.43564093689518, 25.200235913324484], [88.45278624225422, 25.036698594494776], [88.39772343465887, 24.94566061336488], [88.34002288777751, 24.94069490530325], [88.32782334357974, 24.871174992440416], [88.27638742750266, 24.897989815973226], [88.25792325250062, 24.87845803093081], [88.22594066365781, 24.959895643141554], [88.13757639757665, 24.936060244445727], [88.17450474758071, 24.860912529113047], [88.06800602390828, 24.770536642391367], [88.02745078238596, 24.691085313405274], [88.13296035382615, 24.509671445553696], [88.19165005293975, 24.475573583530498], [88.33507712661626, 24.443130957527842], [88.52532407261934, 24.315346736741876], [88.65193555834757, 24.29945647094466], [88.68358842977963, 24.32428501125281], [88.72612197576646, 24.296145998903572], [88.74656445523298, 24.14717475705465], [88.6971068436204, 24.119035744705407], [88.73766208514273, 24.061433531190488], [88.72842999764171, 23.99654827918518], [88.76898523916402, 23.982644296612612], [88.73667293291047, 23.980326966183853], [88.73304604139221, 23.91113810052513], [88.66743227665285, 23.86975720001154], [88.58467320655446, 23.86975720001154], [88.60214822932423, 23.816789647354145], [88.5563175092299, 23.783353879739167], [88.57972744539319, 23.773422463615905], [88.55796609628365, 23.648617667666915], [88.59357557664471, 23.64001044036009], [88.58005716280394, 23.602271059091695], [88.6450114927218, 23.60889200317387], [88.65424358022283, 23.55658654492469], [88.74062954183948, 23.48011464077558], [88.78646026193381, 23.506598417104275], [88.80129754541758, 23.485411396041318], [88.79470319720258, 23.442706306711294], [88.76272060835977, 23.44601677875238], [88.76535834764577, 23.36788963858272], [88.73205688915996, 23.352330419989613], [88.74491586817923, 23.307639047434936], [88.6957879739774, 23.302342292169197], [88.7538182382695, 23.235801804143343], [88.70996582263967, 23.232491332102256], [88.7524993686265, 23.23447761532691], [88.76733665211027, 23.245402173062494], [88.8072324588111, 23.218918396733798], [88.81085935032935, 23.255995683593973], [88.94208687980809, 23.20567650856945], [88.97505862088315, 23.22355305759132], [88.99451194811743, 23.214283735876275], [88.8659221579247, 23.100403497662874], [88.87944057176547, 23.00605504449189], [88.84613911327966, 23.009365516532977], [88.8599872445312, 22.943487122915343], [88.89427785524926, 22.953087491834495], [88.89691559453526, 22.897140514340123], [88.9694534249004, 22.84384191447862], [88.91241231284053, 22.757769641410352], [88.96252935927463, 22.69321543660915], [88.92626044409207, 22.64984825287091], [88.99681996999269, 22.46876543222344], [88.98462042579492, 22.32641513445669], [89.02517566731724, 22.29860716931156], [88.99517138293893, 22.28735156437186], [89.06507147401805, 22.20723814097755], [89.07133610482232, 22.156587918748915], [89.09573519321786, 22.16022943799411], [89.04232097267627, 22.097661516417563], [89.07858988785884, 22.019534376247908], [89.06869836553632, 21.94869027456864], [89.0307808633, 21.92849639511801], [88.99517138293893, 21.9622632099371], [89.00770064454746, 21.902674713197527], [88.9734100338294, 21.944386660915228], [88.93252507489632, 21.942731424894685], [88.93714111864684, 22.054625379883433], [88.9753883382939, 22.070846692884757], [88.98725816508092, 22.110241310173695], [88.92988733561032, 22.06323260719026], [88.92098496552005, 21.984112325408272], [88.90383966016103, 22.068860409660108], [88.92790903114582, 22.104944554907956], [88.89229955078476, 22.068198315251887], [88.90120192087501, 21.93114477275088], [88.76338004318127, 21.955311218650817], [88.75843428202, 21.983781278204166], [88.81679426372287, 21.968222059611055], [88.74656445523298, 21.98940908067401], [88.78415224005856, 22.107592932540825], [88.74095925925023, 22.053301191066996], [88.70337147442466, 22.073495070517627], [88.76107202130602, 22.14798069144209], [88.68721532129788, 22.077467636966933], [88.73832151996423, 22.01357552657395], [88.68226956013663, 21.945379802527555], [88.63314166593479, 21.954980171446707], [88.66149736325934, 22.056611663108082], [88.63742799227454, 22.112558640602458], [88.7030417570139, 22.208562329793985], [88.6403954489713, 22.215845368284377], [88.65028697129382, 22.24861904149114], [88.63182279629179, 22.21253489624329], [88.67336719004636, 22.203927668936462], [88.607753425307, 22.100971988458653], [88.63742799227454, 22.04734234139304], [88.60181851191348, 22.030458933983496], [88.59357557664471, 21.895722721911245], [88.54345853021063, 21.903998902013964], [88.53191842083436, 21.85334867978533], [88.4963089404733, 21.87917036170581], [88.52565379003009, 21.91823393179064], [88.50191413645605, 21.89704691072768], [88.52565379003009, 21.92518592307692], [88.5015844190453, 21.967559965202838], [88.54016135610313, 21.98841593906169], [88.51444339806457, 21.98974012787812], [88.4982872449378, 21.976498239713774], [88.50521131056355, 21.92551697028103], [88.47059098243474, 21.901019477176984], [88.45674285118322, 21.903998902013964], [88.46564522127349, 21.961601115528882], [88.44586217662845, 21.987422797449362], [88.4448730243962, 21.91724079017831], [88.40102060876637, 21.891088061053722], [88.39112908644385, 21.89671586352357], [88.40168004358787, 21.92253754544405], [88.38288615117509, 21.96656682359051], [88.40728523957063, 21.9927195527151], [88.3881616297471, 22.004306204858906], [88.40266919582012, 21.98808489185758], [88.37464321590633, 21.9662357763864], [88.38189699894284, 21.795084371862195], [88.35584932349354, 21.82686490345663], [88.29122471098643, 21.778532011656758], [88.26220957884037, 21.805346835189564], [88.32914221322274, 21.859969623867503], [88.35584932349354, 21.82719595066074], [88.37266491144182, 21.905985185238617], [88.35090356233228, 21.971201484448034], [88.35354130161829, 21.866921615153785], [88.26056099178662, 21.864935331929136], [88.27473884044889, 21.89936424115644], [88.2767171449134, 21.94571084973166], [88.26155014401887, 21.9622632099371], [88.25396664357162, 21.859969623867503], [88.30375397259495, 21.84308621645796], [88.25594494803612, 21.80104322153615], [88.3027648203627, 21.58155892521207], [88.25990155696512, 21.55639933769981], [88.22000575026429, 21.604070135091465], [88.23616190339108, 21.645119988400946], [88.22989727258681, 21.66961748150499], [88.20286044490527, 21.68252832246523], [88.22000575026429, 21.702060107507645], [88.21209253240629, 21.78316667251428], [88.14581933284542, 21.955311218650817], [88.20780620606652, 22.02648636753419], [88.21934631544279, 22.102627224479196], [88.18307740026023, 22.187375308731028], [88.06668715426528, 22.20955547140631], [88.0838324596243, 22.240342861388424], [88.08152443774905, 22.26119883524727], [88.03437484801172, 22.219155840325463], [87.99744649800765, 22.244977522245946], [88.01459180336668, 22.20260348012003], [88.07295178506953, 22.184726931098158]], [[88.40926354403514, 22.981226504183738], [88.4494890681467, 23.05538107790409], [88.49466035341953, 23.047435945005482], [88.45938059046922, 23.067629824456112], [88.50191413645605, 23.105369205724507], [88.43366263243068, 23.14575696462577], [88.46004002529072, 23.221566774366668], [88.38288615117509, 23.195745092446188], [88.36112480206555, 23.11794899948064], [88.16922926900871, 23.155688380749034], [88.14647876766692, 23.077561240579374], [88.05119043596, 23.046442803393155], [88.049871566317, 22.989833731490563], [88.00898660738392, 22.96202576634543], [87.83885242343662, 22.935873037220844], [87.7422452220867, 22.96533623838652], [87.70201969797512, 23.0252557823302], [87.68652297966985, 23.0252557823302], [87.69179845824185, 22.992482109123433], [87.64168141180777, 22.981888598591954], [87.61299599707246, 22.887871192625077], [87.50484868634626, 22.917996488198973], [87.51572936090103, 22.866022077153904], [87.61299599707246, 22.850462858560793], [87.68586354484835, 22.774984096024006], [87.7409263524437, 22.777632473656876], [87.76367685378548, 22.68824972854752], [87.85335998950964, 22.59489441698886], [87.9384270814833, 22.630647515032603], [87.92260064576726, 22.68659449252698], [87.94963747344882, 22.771673623982917], [87.98063091005938, 22.781273992902072], [88.00997575961617, 22.68659449252698], [88.048552696674, 22.68063564285302], [88.06338998015777, 22.71340931605978], [88.06668715426528, 22.68659449252698], [88.17318587793771, 22.689573917363955], [88.17945050874198, 22.65183453609556], [88.24209681678458, 22.677325170811933], [88.34991441010003, 22.65514500813665], [88.36376254135156, 22.742872517225457], [88.33013136545499, 22.781273992902072], [88.40365834805237, 22.887871192625077], [88.40926354403514, 22.981226504183738]]], [[[88.22758925071156, 21.4839], [88.20549818419127, 21.503431785042412], [88.21571942392454, 21.54050907190259], [88.2427562516061, 21.505087021062955], [88.22758925071156, 21.4839]]], [[[88.33969317036676, 21.572951697905243], [88.34134175742051, 21.55772352651624], [88.33375825697325, 21.54282640233135], [88.33969317036676, 21.572951697905243]]], [[[88.5856623587867, 21.562689234577874], [88.59357557664471, 21.56633075382307], [88.59027840253721, 21.555406196087482], [88.5856623587867, 21.562689234577874]]], [[[88.53488587753111, 21.578248453170982], [88.54345853021063, 21.531239750187545], [88.48575798332928, 21.55805457372035], [88.49663865788405, 21.5977802382134], [88.53488587753111, 21.578248453170982]]], [[[88.34397949670652, 21.582221019620288], [88.34463893152802, 21.593145577355877], [88.35914649760105, 21.567654942639503], [88.34397949670652, 21.582221019620288]]], [[[88.59489444628773, 21.582552066824398], [88.60082935968123, 21.584869397253158], [88.60115907709198, 21.578910547579202], [88.59489444628773, 21.582552066824398]]], [[[88.54906372619338, 21.565006565006634], [88.51345424583232, 21.598773379825722], [88.52136746369034, 21.651409885279012], [88.58467320655446, 21.601421757458596], [88.54906372619338, 21.565006565006634]]], [[[88.57379253199969, 21.688818219343297], [88.60511568602098, 21.61499469282705], [88.5596146833374, 21.64147846915575], [88.57379253199969, 21.688818219343297]]], [[[88.19362835740425, 21.684183558485774], [88.22495151142556, 21.665975962259793], [88.21209253240629, 21.595793954988746], [88.17978022615273, 21.671272717525532], [88.20714677124502, 21.709012098793927], [88.19362835740425, 21.684183558485774]]], [[[88.34332006188502, 21.63055391142016], [88.30869973375621, 21.60704955992844], [88.31199690786372, 21.706694768365168], [88.34925497527853, 21.680210992036468], [88.34332006188502, 21.63055391142016]]], [[[88.3861833252826, 21.632209147440705], [88.40365834805237, 21.719936656529516], [88.37068660697732, 21.72622655340758], [88.3907993690331, 21.74178577200069], [88.42047393600066, 21.70272220191586], [88.40959326144589, 21.65372721570777], [88.43036545832318, 21.62558820335853], [88.39904230430187, 21.588841963702464], [88.3861833252826, 21.632209147440705]]], [[[88.56258214003417, 21.702060107507645], [88.56587931414167, 21.67690051999538], [88.54642598690738, 21.64081637474753], [88.52169718110109, 21.71662618448843], [88.56258214003417, 21.702060107507645]]], [[[88.43827867618118, 21.629229722603725], [88.42410082751891, 21.752710329736278], [88.46795324314874, 21.789787616596456], [88.47059098243474, 21.674583189566622], [88.43201404537693, 21.601090710254486], [88.43827867618118, 21.629229722603725]]], [[[88.3594762150118, 21.735164827918517], [88.3927776734976, 21.7080189571816], [88.36244367170855, 21.686500888914534], [88.34200119224202, 21.70570162675284], [88.36672999804831, 21.761979651451323], [88.3594762150118, 21.735164827918517]]], [[[88.53455616012036, 21.729537025448668], [88.50784904984957, 21.747082527266432], [88.54378824762138, 21.811305684863523], [88.59654303334148, 21.657699782157078], [88.5843434891437, 21.688818219343297], [88.53455616012036, 21.729537025448668]]], [[[88.29188414580793, 21.77224211477869], [88.30177566813045, 21.71894351491719], [88.28528979759291, 21.734833780714407], [88.29188414580793, 21.77224211477869]]], [[[88.20516846678052, 21.75999336822667], [88.20154157526227, 21.73119226146921], [88.1972552489225, 21.7421168192048], [88.20516846678052, 21.75999336822667]]], [[[88.38585360787185, 21.76032441543078], [88.38453473822884, 21.745427291245885], [88.36310310653005, 21.737813205551387], [88.37200547662032, 21.764628029084193], [88.38585360787185, 21.76032441543078]]], [[[88.31430492973897, 21.710336287610364], [88.30177566813045, 21.77753887004443], [88.36936773733431, 21.792435994229326], [88.34299034447427, 21.728212836632235], [88.31430492973897, 21.710336287610364]]], [[[88.43827867618118, 21.79376018304576], [88.41882534894691, 21.766283265104736], [88.42014421858991, 21.72655760061169], [88.38189699894284, 21.779525153269084], [88.43827867618118, 21.79376018304576]]], [[[88.26781477482314, 21.787801333371803], [88.2793548841994, 21.785484002943043], [88.27539827527039, 21.778863058860868], [88.26781477482314, 21.787801333371803]]], [[[88.49861696234855, 21.815609298516936], [88.48674713556153, 21.802367410352588], [88.45740228600472, 21.807995212822433], [88.48641741815078, 21.83547213076346], [88.49861696234855, 21.815609298516936]]], [[[88.57544111905344, 21.817926628945695], [88.58862981548346, 21.848714018927808], [88.61401805611125, 21.830837469905937], [88.607753425307, 21.798063796699175], [88.57544111905344, 21.817926628945695]]], [[[88.52400520297634, 21.845072499682612], [88.52037831145809, 21.828189092273067], [88.4976278101163, 21.83282375313059], [88.50257357127755, 21.85301763258122], [88.52400520297634, 21.845072499682612]]], [[[88.5556580744084, 21.882480833746897], [88.55532835699765, 21.818257676149805], [88.53323729047736, 21.84308621645796], [88.5556580744084, 21.882480833746897]]], [[[88.39970173912337, 21.87652198407294], [88.44388387216395, 21.906978326850943], [88.4722395694885, 21.891750155461942], [88.48971459225828, 21.84772087731548], [88.46234804716599, 21.8447414524785], [88.4455324592177, 21.813291968088173], [88.45674285118322, 21.79707065508685], [88.39871258689112, 21.80633997680189], [88.39970173912337, 21.87652198407294]]], [[[88.5582958136944, 21.83282375313059], [88.5569769440514, 21.87354255923596], [88.57346281458894, 21.877515125685267], [88.5582958136944, 21.83282375313059]]], [[[88.57247366235669, 21.89704691072768], [88.57313309717819, 21.884798164175656], [88.55928496592665, 21.88413606976744], [88.56225242262342, 21.8940674858907], [88.57247366235669, 21.89704691072768]]], [[[88.47652589582826, 21.900026335564657], [88.48839572261528, 21.90797146846327], [88.48476883109703, 21.89671586352357], [88.47652589582826, 21.900026335564657]]], [[[88.51411368065382, 21.91823393179064], [88.51543255029682, 21.937103622424836], [88.51971887663659, 21.921544403831724], [88.51411368065382, 21.91823393179064]]], [[[88.8926292681955, 21.58155892521207], [88.90449909498253, 21.547461063188873], [88.86987876685372, 21.53223289179987], [88.83328013426039, 21.55341991286283], [88.82965324274214, 21.6053943239079], [88.8926292681955, 21.58155892521207]]], [[[88.70567949629992, 21.60009756864216], [88.77063382621779, 21.65207197968723], [88.79833008872083, 21.595462907784636], [88.7538182382695, 21.564013423394307], [88.70567949629992, 21.60009756864216]]], [[[88.62720675254127, 21.658361876565294], [88.6410548837928, 21.678555756015925], [88.63446053557779, 21.651078838074902], [88.62720675254127, 21.658361876565294]]], [[[88.74458615076848, 21.650747790870792], [88.68622616906563, 21.67822470881182], [88.69051249540539, 21.717619326100756], [88.71029554005042, 21.674583189566622], [88.74458615076848, 21.650747790870792]]], [[[88.97769636016915, 21.74178577200069], [88.96582653338213, 21.722916081366495], [88.98462042579492, 21.65935501817762], [89.01396527535172, 21.65207197968723], [89.02022990615598, 21.599104427029832], [88.99022562177768, 21.639161138726987], [88.96912370748964, 21.619298306480466], [88.94010857534359, 21.64081637474753], [88.9513189673091, 21.673921095158402], [88.96088077222088, 21.642140563563967], [88.98330155615191, 21.64147846915575], [88.92494157444906, 21.720598750937732], [88.92724959632432, 21.763634887471866], [88.97769636016915, 21.74178577200069]]], [[[88.8672410275677, 21.70106696589532], [88.88207831105149, 21.741123677592473], [88.93681140123608, 21.70073591869121], [88.92032553069855, 21.631216005828378], [88.8672410275677, 21.70106696589532]]], [[[88.81679426372287, 21.709012098793927], [88.76799608693177, 21.703384296324078], [88.78909800121981, 21.746420432858212], [88.8619655489957, 21.761317557043107], [88.83855561283241, 21.618967259276356], [88.80426500211435, 21.63551961948179], [88.81679426372287, 21.709012098793927]]], [[[88.62522844807677, 21.77555258681978], [88.62918505700578, 21.735495875122627], [88.60907229495, 21.706363721161058], [88.61929353468327, 21.740461583184256], [88.58170574985769, 21.726888647815798], [88.57577083646419, 21.772573161982802], [88.62522844807677, 21.77555258681978]]], [[[88.76568806505652, 21.76793850112528], [88.77129326103929, 21.80898835443476], [88.74887247710825, 21.737482158347277], [88.76041258648452, 21.689480313751513], [88.8039352847036, 21.70272220191586], [88.79470319720258, 21.652734074095445], [88.70963610522892, 21.694777069017253], [88.69117193022689, 21.750724046511625], [88.71590073603319, 21.90466099642218], [88.77722817443279, 21.86890789837844], [88.82635606863464, 21.86096276547983], [88.7798659137188, 21.77091792596226], [88.78151450077256, 21.738475299959603], [88.76568806505652, 21.76793850112528]]], [[[88.78547110970156, 21.771911067574585], [88.82305889452712, 21.822561289803218], [88.82075087265187, 21.763965934675976], [88.78547110970156, 21.771911067574585]]], [[[88.85009572220868, 21.862286954296266], [88.89790474676751, 21.753041376940388], [88.9232929873953, 21.74939985769519], [88.91109344319753, 21.7345027335103], [88.8359178735464, 21.78846342778002], [88.85009572220868, 21.862286954296266]]], [[[88.97934494722291, 21.817926628945695], [88.95164868471986, 21.84573459409083], [88.97637749052615, 21.86956999278666], [88.98198268650891, 21.896053769115355], [89.02781340660324, 21.831499564314154], [88.99484166552818, 21.816271392925152], [88.96615625079288, 21.780187247677304], [88.97934494722291, 21.817926628945695]]], [[[88.63248223111329, 21.869901039990765], [88.65358414540133, 21.868576851174332], [88.6410548837928, 21.78912552218824], [88.59687275075223, 21.85864543505107], [88.61929353468327, 21.89671586352357], [88.63248223111329, 21.869901039990765]]], [[[88.9193363784663, 21.76826954832939], [88.90845570391153, 21.7573449905938], [88.89164011596326, 21.83514108355935], [88.82108059006262, 21.92783430070979], [88.9707722945434, 21.906647279646833], [88.94274631462959, 21.838451555600436], [88.97044257713264, 21.8142851097005], [88.9193363784663, 21.76826954832939]]], [[[88.81745369854437, 21.900688429972877], [88.83295041684964, 21.89704691072768], [88.83163154720664, 21.869901039990765], [88.8059135891681, 21.872880464827745], [88.81745369854437, 21.900688429972877]]], [[[88.6384171445068, 21.876853031277047], [88.6384171445068, 21.922206498239944], [88.66743227665285, 21.91326822372901], [88.65160584093682, 21.877515125685267], [88.6384171445068, 21.876853031277047]]], [[[88.71524130121169, 21.921875451035834], [88.79173574050581, 21.921213356627618], [88.81085935032935, 21.89969528836055], [88.77590930478979, 21.877184078481157], [88.71524130121169, 21.921875451035834]]], [[[88.7498616293405, 21.958621690691903], [88.78711969675531, 21.94835922736453], [88.80261641506058, 21.93048267834266], [88.72941914987396, 21.939420952853595], [88.72777056282021, 21.97980871175486], [88.7498616293405, 21.958621690691903]]], [[[88.97242088159715, 26.195694856079406], [88.9727505990079, 26.198343233712276], [88.97571805570465, 26.193708572854753], [88.97242088159715, 26.195694856079406]]], [[[88.9486812280231, 26.203308941773905], [88.95098924989836, 26.2029778945698], [88.95032981507686, 26.201984752957472], [88.9486812280231, 26.203308941773905]]], [[[88.95758359811337, 26.204964177794448], [88.96219964186388, 26.204964177794448], [88.96154020704238, 26.201322658549252], [88.95758359811337, 26.204964177794448]]], [[[88.95989161998862, 26.21257826348895], [88.95428642400586, 26.213240357897167], [88.96516709856063, 26.214564546713603], [88.95989161998862, 26.21257826348895]]], [[[88.99022562177768, 26.343010861907786], [88.99649025258194, 26.34466609792833], [88.99747940481419, 26.34168667309135], [88.99022562177768, 26.343010861907786]]], [[[88.98066381686591, 26.354928561255697], [88.98593929543792, 26.35691484448035], [88.98626901284867, 26.354928561255697], [88.98066381686591, 26.354928561255697]]], [[[88.93186564007482, 26.366515213399502], [88.9213146829308, 26.373798251889895], [88.93219535748557, 26.376115582318658], [88.93186564007482, 26.366515213399502]]], [[[88.98198268650891, 26.392005848115875], [88.98330155615191, 26.39564736736107], [88.98462042579492, 26.39101270650355], [88.98198268650891, 26.392005848115875]]], [[[88.98264212133041, 26.402930405851464], [88.9714317293649, 26.41219972756651], [88.98495014320567, 26.41385496358705], [88.98264212133041, 26.402930405851464]]], [[[88.98626901284867, 26.413523916382943], [88.99220392624218, 26.412530774770616], [88.99055533918843, 26.405909830688444], [88.98626901284867, 26.413523916382943]]], [[[88.96549681597138, 26.41451705799527], [88.96846427266814, 26.412530774770616], [88.96747512043588, 26.40888925552542], [88.96549681597138, 26.41451705799527]]], [[[88.9493406628446, 26.40127516983092], [88.9500000976661, 26.42676580454729], [88.9506595324876, 26.4118686803624], [88.9493406628446, 26.40127516983092]]], [[[88.9734100338294, 26.418158577240465], [88.96615625079288, 26.417827530036355], [88.9694534249004, 26.420806954873335], [88.9734100338294, 26.418158577240465]]], [[[88.96846427266814, 26.433717795833573], [88.96780483784664, 26.429083134976054], [88.96516709856063, 26.43173151260892], [88.96846427266814, 26.433717795833573]]], [[[88.9760477731154, 26.442325023140402], [88.9773666427584, 26.443980259160945], [88.9780260775799, 26.441000834323965], [88.9760477731154, 26.442325023140402]]], [[[89.13694986956169, 21.588510916498354], [89.12310173831017, 21.585862538865484], [89.13035552134667, 21.590166152518897], [89.13694986956169, 21.588510916498354]]], [[[88.99121477400993, 21.6586929237694], [88.99154449142068, 21.700404871487102], [88.9753883382939, 21.72390922297882], [89.01627329722697, 21.685507747302207], [88.99121477400993, 21.6586929237694]]], [[[89.09276773652111, 21.65207197968723], [89.03770492892576, 21.611022126377748], [89.01231668829797, 21.71397780685556], [88.95626472847036, 21.75966232102256], [89.0027548833862, 21.77753887004443], [89.00110629633245, 21.81163673206763], [89.09276773652111, 21.65207197968723]]], [[[89.48941778165407, 25.928870809567776], [89.48743947718957, 25.93085709279243], [89.49535269504759, 25.934829659241736], [89.48941778165407, 25.928870809567776]]], [[[89.586024983004, 25.96230657718276], [89.60448915800602, 25.942443744936234], [89.57646317809223, 25.932512328812972], [89.5645933513052, 25.948071547406084], [89.586024983004, 25.96230657718276]]], [[[89.50227676067334, 25.95965819954989], [89.5085413914776, 25.947409452997867], [89.49469326022607, 25.954692491488256], [89.50227676067334, 25.95965819954989]]], [[[89.6186670066683, 26.126505990420682], [89.6173481370253, 26.12451970719603], [89.61504011515004, 26.12749913203301], [89.6186670066683, 26.126505990420682]]], [[[89.60547831023828, 26.13047855686999], [89.60943491916728, 26.131140651278205], [89.61141322363179, 26.128161226441225], [89.60547831023828, 26.13047855686999]]], [[[89.6252613548833, 26.14835510589186], [89.6206453111328, 26.154313955565815], [89.6232830504188, 26.151334530728835], [89.6252613548833, 26.14835510589186]]], [[[89.66416800935188, 26.16590060770962], [89.66054111783363, 26.168217938138383], [89.66515716158413, 26.16854898534249], [89.66416800935188, 26.16590060770962]]], [[[89.05649882133855, 26.24369670067517], [89.0574879735708, 26.24369670067517], [89.05715825616005, 26.243034606266953], [89.05649882133855, 26.24369670067517]]], [[[89.05419079946329, 26.242703559062843], [89.05419079946329, 26.24402774787928], [89.05517995169554, 26.242703559062843], [89.05419079946329, 26.242703559062843]]], [[[89.07430356151907, 26.248331361532692], [89.07430356151907, 26.250317644757345], [89.08584367089534, 26.24932450314502], [89.07430356151907, 26.248331361532692]]], [[[89.06968751776857, 26.282760270759997], [89.07331440928682, 26.278787704310695], [89.07100638741157, 26.278125609902474], [89.06968751776857, 26.282760270759997]]], [[[89.07562243116207, 26.296002158924345], [89.08023847491259, 26.29269168688326], [89.07661158339432, 26.292360639679153], [89.07562243116207, 26.296002158924345]]], [[[89.06869836553632, 26.297988442149], [89.05913656062455, 26.29500901731202], [89.05979599544605, 26.304278339027064], [89.06869836553632, 26.297988442149]]], [[[89.01264640570872, 26.301298914190085], [89.01297612311947, 26.30295415021063], [89.01363555794097, 26.300967866985978], [89.01264640570872, 26.301298914190085]]], [[[89.06869836553632, 26.30825090547637], [89.07001723517932, 26.30825090547637], [89.06935780035782, 26.30527148063939], [89.06869836553632, 26.30825090547637]]], [[[89.05287192982028, 26.306264622251717], [89.04792616865903, 26.306264622251717], [89.05386108205253, 26.309906141496914], [89.05287192982028, 26.306264622251717]]], [[[89.0647417566073, 26.309244047088697], [89.0647417566073, 26.31288556633389], [89.06836864812557, 26.308912999884587], [89.0647417566073, 26.309244047088697]]], [[[89.01726244945922, 26.31089928310924], [89.01627329722697, 26.31652708557909], [89.02121905838823, 26.31652708557909], [89.01726244945922, 26.31089928310924]]], [[[89.06968751776857, 26.313216613538], [89.05485023428479, 26.322154888048935], [89.07496299634057, 26.32347907686537], [89.06968751776857, 26.313216613538]]], [[[89.03539690705051, 26.320830699232502], [89.03407803740751, 26.317851274395522], [89.0274836891925, 26.31884441600785], [89.03539690705051, 26.320830699232502]]], [[[88.99780912222494, 26.322485935253045], [89.00110629633245, 26.317189179987306], [88.99747940481419, 26.31851336880374], [88.99780912222494, 26.322485935253045]]], [[[89.00572234008295, 26.329768973743437], [89.00901951419046, 26.327782690518784], [89.0080303619582, 26.324472218477695], [89.00572234008295, 26.329768973743437]]], [[[89.01792188428072, 26.333079445784524], [89.01033838383346, 26.33109316255987], [89.00836007936896, 26.340031437070806], [89.01792188428072, 26.333079445784524]]], [[[89.07463327892982, 26.366846260603612], [89.07595214857282, 26.36783940221594], [89.07595214857282, 26.365853118991286], [89.07463327892982, 26.366846260603612]]], [[[89.05287192982028, 26.36817044942005], [89.05188277758803, 26.36817044942005], [89.05254221240953, 26.37214301586935], [89.05287192982028, 26.36817044942005]]], [[[89.04759645124828, 26.372805110277568], [89.04792616865903, 26.376115582318658], [89.05023419053428, 26.372805110277568], [89.04759645124828, 26.372805110277568]]], [[[89.05320164723103, 26.378101865543307], [89.05452051687404, 26.376115582318658], [89.05419079946329, 26.372805110277568], [89.05320164723103, 26.378101865543307]]], [[[89.07891960526959, 26.38869537607479], [89.07826017044809, 26.389688517687112], [89.07990875750184, 26.389026423278896], [89.07891960526959, 26.38869537607479]]], [[[89.01462471017322, 26.40922030272953], [89.01660301463772, 26.405578783484334], [89.01198697088722, 26.405247736280224], [89.01462471017322, 26.40922030272953]]]]}}]}